anchor,anchor_diagnostics_anchor_in_candidate_nodes,anchor_diagnostics_anchor_in_response_text,anchor_diagnostics_anchor_incident_candidate_edges,anchor_diagnostics_anchor_required,anchor_diagnostics_anchor_response_adherent,arm_decision_admission,arm_decision_eligible_arm_count,arm_decision_epoch_id,arm_decision_epoch_refreshed,arm_decision_policy,arm_decision_reason,arm_decision_selected_arm,batch_candidate_edges,batch_candidate_nodes,batch_count_novelty,batch_historical_edge_mass,batch_historical_edge_mass_noisy_or,batch_historical_node_mass,batch_htsn_combined,batch_htsn_combined_noisy_or,batch_htsn_edge,batch_htsn_edge_noisy_or,batch_htsn_node,batch_new_edges,batch_new_nodes,batch_retrospective_edge_mass,batch_retrospective_edge_mass_noisy_or,batch_retrospective_gain,batch_retrospective_node_mass,batch_rtsn_combined,batch_rtsn_combined_noisy_or,batch_y_ha,decision_reason,effective_fewa_reward,evaluation_degree_weighted_node_coverage,evaluation_edge_pair_precision,evaluation_edge_pair_recall,evaluation_edge_tsc_noisy_or_rank,evaluation_edge_tsc_rank,evaluation_edge_tsc_raw,evaluation_matched_directed_edge_pairs,evaluation_matched_nodes,evaluation_node_autc_rank,evaluation_node_precision,evaluation_node_recall,evaluation_node_tsc_burt_balanced,evaluation_node_tsc_burt_effective,evaluation_node_tsc_collision_diversity,evaluation_node_tsc_degree,evaluation_node_tsc_rank,evaluation_node_tsc_raw,evaluation_pagerank_weighted_node_coverage,evaluation_recovered_edge_pairs,evaluation_recovered_nodes,evaluation_spearman_bnrr_online_vs_truth,evaluation_spearman_matched_nodes,evaluation_spearman_sensitivity_online_vs_truth,evaluation_top10_sensitive_nodes_recovered,evaluation_top20_sensitive_nodes_recovered,evaluation_top50_sensitive_nodes_recovered,evaluation_top5_sensitive_nodes_recovered,evaluation_undirected_edge_pair_precision,evaluation_undirected_edge_pair_recall,gain_graph,gain_meaningful,gain_relation,gain_sensitive,mode,mode_decision_available_arm_count,mode_decision_effective_htsn_threshold,mode_decision_epsilon,mode_decision_explore_suppressed,mode_decision_mode,mode_decision_reason,mode_decision_recent_explore_success_rate,mode_decision_recent_htsn,parser_candidate_edges,parser_candidate_nodes_with_endpoints,parser_citation_rejected_compact_edges,parser_compact_format_edges,parser_graph_filter_status,parser_graphrag_query_attempts,parser_kept_edges,parser_kept_nodes_explicit,parser_raw_edges,parser_raw_nodes,parser_response_characters,parser_source,query_generation_anchor_present,query_generation_anchor_rejected_queries,query_generation_anchor_required,query_generation_attempts,query_generation_domain_query_signature,query_generation_fallback_reason,query_generation_generation_error_attempts,query_generation_last_generation_error,query_generation_max_similarity,query_generation_rejected_similar_queries,query_generation_similarity_rejected_queries,query_generation_source,raw_batch_reward,reward,reward_attribution_warning,turn
,,,0,False,,,0,,,topology_pl_fewa,mode_explore,,33,59,1.0,0.0,0.0,0.0,0.0,0.0,0.0,0.0,0.0,33,59,31.108108108108116,31.92622352081811,0.5392185663924794,18.49999999999999,0.5392185663924794,0.5481111252262837,0.0,seed_turn,,0.15073272854152128,1.0,0.010833880499015102,0.010974488526810268,0.01082087832494312,0.008239084518520484,33,48,0.09319814935395038,0.8135593220338984,0.04074702886247878,0.16063060133904888,0.16938816393065503,0.09600757300355772,0.15073272854152128,0.06119930916189947,0.12239262576549607,0.0926102906937992,33,59,0.2973438770833155,48,0.2973438770833155,4,8,13,2,1.0,0.010816468946266573,True,True,True,False,explore,0,0.15,0.3,False,explore,seed_turn,,,33,59,0,0,disabled,0,33,32,33,32,49122,shared_seed_replay,,0,False,1,and care concrete corpus diagnostic diseases drugs explain factors identify in major medical organizations relationships risk symptoms tests the their treatments,none,0,,0.0,0,0,seed,0.0,0.0,False,1
CDC,True,True,5,True,True,,37,1,True,topology_pl_fewa,globally_unpulled_topology_prior,CDC,5,5,0.2,0.9054054054054054,0.9463111760409058,0.43243243243243246,0.13378378378378378,0.13787436084733382,0.18108108108108106,0.18926223520818114,0.08648648648648649,1,1,0.9210526315789473,0.9553324099722992,0.001742532005689884,0.4342105263157895,0.13552631578947366,0.13895429362880887,1.3378378378378377,fewa(0.2940),0.002612964527027027,0.1568387997208653,1.0,0.011162179908076166,0.011311546065110714,0.011167157419483568,0.00848997875599908,34,49,0.09638809558826814,0.8166666666666667,0.04159592529711375,0.16708692305708342,0.17608496142722427,0.09846014064971165,0.1568387997208653,0.06287974617920893,0.12642534733687852,0.09820092389024707,34,60,0.29595147109283493,49,0.29595147109283493,4,8,14,2,1.0,0.011165387299371946,True,True,True,True,exploit,37,0.147,0.294,False,exploit,fewa(0.2940),,,5,5,0,0,disabled,1,5,5,5,5,7213,live,True,0,True,1,cdc diseases does monitor or study the what,none,0,,0.07407407407407407,0,0,fixed_anchor_dynamic,0.002612964527027027,0.002612964527027027,False,2
,,,0,False,,,38,,,topology_pl_fewa,mode_explore,,38,46,0.7976190476190477,7.407894736842104,9.230436288088642,5.223684210526315,0.15037593984962405,0.1720728630787495,0.1949445983379501,0.24290621810759583,0.11355835240274598,32,35,27.641891891891895,29.63235025566106,0.387751473277789,17.560810810810807,0.5381274131274131,0.561823346029427,12.63157894736842,recent_htsn_below_threshold(0.1441),,0.21301465457083044,1.0,0.021667760998030205,0.021377364471007163,0.02107571470997856,0.021006251172336416,66,84,0.13890700191891867,0.8842105263157894,0.07130730050933787,0.22695798280086057,0.23921659771049172,0.14663599425163817,0.21301465457083044,0.09637887670672832,0.17929344629157068,0.1366699792606339,66,95,0.1660598837132809,84,0.1660598837132809,6,10,18,3,1.0,0.022330774598743892,True,True,True,True,explore,38,0.14406,0.28812,False,explore,recent_htsn_below_threshold(0.1441),,0.13378378378378378,38,46,0,0,disabled,1,38,46,38,46,27387,live,,0,False,1,across age aimed and are at different diseases do groups health how infectious initiatives key preventing programs public the they vaccination vary what,none,0,,0.10714285714285714,0,0,agea_dynamic,0.024671052631578944,0.024671052631578944,False,3
CDC.GOV/TOBACCO,True,True,12,True,True,,74,1,False,topology_pl_fewa,globally_unpulled_topology_prior,CDC.GOV/TOBACCO,102,32,0.8283582089552238,74.56756756756758,78.00470233747261,3.972972972972973,0.5861234368697056,0.6117736963466088,0.7310545839957606,0.7647519837007118,0.1241554054054054,95,16,86.47777777777785,92.02222222222223,0.13116512034422523,9.63888888888889,0.7172885572139308,0.758665008291874,78.54054054054055,fewa(0.2824),0.15339949324324326,0.267271458478716,0.7204968944099379,0.03808273145108339,0.038059920742514984,0.03750878669848734,0.036498095598219205,116,100,0.16884402157394232,0.9009009009009009,0.08488964346349745,0.2859432166101897,0.30246449204240505,0.1823282041053927,0.267271458478716,0.11593237962916302,0.22410782584061673,0.1813052219868817,161,111,0.29992981778912803,100,0.29992981778912803,8,12,22,5,0.9819819819819819,0.038032100488485696,True,True,True,True,exploit,74,0.1411788,0.2823576,False,exploit,fewa(0.2824),1.0,0.1420798618167039,102,32,0,0,disabled,1,102,32,102,32,29496,live,True,0,True,1,and are associated cdc directly diseases factors gov health interventions public risk tobacco what with,none,0,,0.1875,0,0,fixed_anchor_dynamic,0.15339949324324326,0.15339949324324326,False,4
,,,0,False,,,90,,,topology_pl_fewa,mode_explore,,10,35,0.8444444444444444,9.333333333333334,9.485185185185186,0.9333333333333333,0.22814814814814816,0.231522633744856,0.9333333333333333,0.9485185185185185,0.02666666666666667,10,28,9.842105263157894,9.927036011080332,0.03769980506822612,2.121052631578947,0.2658479532163743,0.2677353031702062,10.266666666666667,epsilon_sample(0.2767),,0.3077459874389393,0.7368421052631579,0.04136572554169402,0.04145294216708576,0.04096608357275763,0.03978665190205415,126,118,0.19670551360780422,0.8489208633093526,0.100169779286927,0.32793696320535815,0.3455478350533246,0.20758719518859015,0.3077459874389393,0.13581767443513876,0.2564290968851044,0.20951605415880556,171,139,0.35538276357920806,118,0.35538276357920806,8,14,27,5,0.9833333333333333,0.041172365666434056,True,True,True,True,explore,90,0.13835522399999997,0.27671044799999994,False,explore,epsilon_sample(0.2767),1.0,0.2900943868343711,10,35,0,0,disabled,1,10,29,10,29,29099,live,,0,False,1,and are at common conditions detecting diagnostic effective imaging injuries most or specific techniques the they what,none,0,,0.17647058823529413,0,0,agea_dynamic,0.020052083333333335,0.020052083333333335,False,5
TUMOR STAGING,True,True,6,True,True,,95,1,False,topology_pl_fewa,globally_unpulled_topology_prior,TUMOR STAGING,31,36,0.8208955223880597,25.342105263157897,26.23518005540167,1.5368421052631578,0.40117831893165756,0.4145077934427586,0.8174872665534806,0.8462961308194087,0.04269005847953216,30,25,29.216216216216228,29.655912669426186,0.12047019525417024,5.734234234234236,0.5216485141858278,0.5282111478158272,26.878947368421056,fewa(0.2712),0.052497944078947374,0.3613049546406141,0.7761194029850746,0.05121470781352593,0.05159161274829565,0.05131676097646712,0.05125943886862214,156,142,0.2374165385748054,0.8658536585365854,0.12054329371816638,0.3830597622948128,0.40167504590193803,0.24028733240049752,0.3613049546406141,0.1667313463344399,0.29929894731996515,0.24708102986632335,201,164,0.3803765564797837,142,0.3803765564797837,9,16,30,5,0.9863013698630136,0.05024424284717376,True,True,True,True,exploit,95,0.13558811952,0.27117623904,False,exploit,fewa(0.2712),1.0,0.2746078271628154,31,36,0,0,disabled,1,31,21,31,21,26101,live,True,0,True,1,and are associated classification clinical diagnostic direct factors or procedures staging systems the tumor what with,none,0,,0.24,0,0,fixed_anchor_dynamic,0.052497944078947374,0.052497944078947374,False,6
PATIENT,True,True,37,True,True,,111,2,True,topology_pl_fewa,globally_unpulled_topology_prior,PATIENT,41,46,0.7471264367816092,35.08558558558558,36.968042366691016,6.1396396396396415,0.47385316350833584,0.4954905977739156,0.8557459898923311,0.9016595699192931,0.13347042694868785,40,25,39.71428571428572,39.87004635649275,0.0555738523070648,6.3458646616541365,0.5294270158154006,0.5312173680246768,41.225225225225216,fewa(0.2658),0.080518018018018,0.3975924633635729,0.8132780082987552,0.06434668417596848,0.06518619153334927,0.06542400951817268,0.07271992979900539,196,167,0.2724135079621054,0.8835978835978836,0.14176570458404075,0.4188660381954398,0.43679844448362093,0.2684381371686212,0.3975924633635729,0.19641561080812,0.33207157572859414,0.2860764873634759,241,189,0.42554087177386585,167,0.42554087177386585,9,17,33,5,0.9888888888888889,0.062107466852756456,True,True,True,True,exploit,111,0.13287635712959997,0.26575271425919994,False,exploit,fewa(0.2658),1.0,0.2999219255165838,41,46,0,0,disabled,1,41,20,41,20,24385,live,True,0,True,1,a and are attributes behavioral care characteristics clinical commonly comorbidities demographic direct documented for in management most oncology or patient preventive settings what,none,0,,0.18181818181818182,0,0,fixed_anchor_dynamic,0.080518018018018,0.080518018018018,False,7
METASTASIS,True,True,0,True,False,,133,2,False,topology_pl_fewa,globally_unpulled_topology_prior,METASTASIS,12,28,0.75,10.620300751879697,10.855333823280002,0.8796992481203008,0.2874999999999999,0.29337582678500757,0.8850250626566414,0.9046111519400002,0.03141783029001074,12,18,11.706293706293705,11.839882145826202,0.0987762237762238,3.744755244755244,0.3862762237762237,0.38961593476453615,11.499999999999996,fewa(0.2604),0.0,0.4253314724354501,0.8221343873517787,0.06828627708470125,0.0692060856435225,0.06952777542923157,0.07591053342120642,208,185,0.2957067727839754,0.893719806763285,0.1570458404074703,0.44818364112803244,0.46736232068057193,0.2916343619864624,0.4253314724354501,0.2144449447655381,0.3574760928508618,0.3053693076715702,253,207,0.42545917783769144,185,0.42545917783769144,10,18,36,5,0.9895833333333334,0.06629448709002093,True,True,True,True,exploit,133,0.13021882998700798,0.26043765997401597,False,exploit,fewa(0.2604),1.0,0.36793580146149424,12,28,0,0,disabled,1,12,20,12,20,31851,live,True,0,True,1,are clinical commonly direct interventions manage metastasis most or pharmacological procedures the therapeutic to treat treatments used what,none,0,,0.25925925925925924,0,0,fixed_anchor_dynamic,0.022460937499999993,0.022460937499999993,True,8
,,,0,False,,,143,,,topology_pl_fewa,mode_explore,,32,44,0.6578947368421053,27.42657342657342,28.06852413320946,3.16083916083916,0.40246595509753397,0.41091267492169237,0.8570804195804194,0.8771413791627957,0.07183725365543546,29,21,28.376623376623385,28.748460954629785,0.010512513801987644,3.0097402597402594,0.4129784688995216,0.4178710686101321,30.58741258741258,epsilon_sample(0.2552),,0.46161898115840894,0.8404255319148937,0.0778069599474721,0.07896554807282948,0.0796208419419828,0.0994276840666523,237,206,0.3290343326909636,0.9035087719298246,0.17487266553480477,0.48655790560103124,0.5073023130503485,0.32270350470894044,0.46161898115840894,0.24013807874724802,0.3911410673052849,0.3320052082316222,282,228,0.4674654599398308,206,0.4674654599398308,10,18,41,5,0.9907834101382489,0.07501744591765527,True,True,True,True,explore,143,0.12761445338726782,0.25522890677453564,False,explore,epsilon_sample(0.2552),1.0,0.39536061349156937,32,44,0,0,disabled,1,32,20,32,20,23148,live,,0,False,1,and are cancer cervical do factors for guidelines how key measures outcomes patient preventive relate risk screening the they to what,none,0,,0.2222222222222222,0,0,agea_dynamic,0.059741040209790194,0.059741040209790194,False,9
HPV CANCERS ALLIANCE,True,True,1,True,True,,154,2,False,topology_pl_fewa,globally_unpulled_topology_prior,HPV CANCERS ALLIANCE,37,36,0.547945205479452,18.17857142857143,19.21938775510204,3.8181818181818183,0.30132538694182537,0.31558314483950495,0.4913127413127414,0.5194429123000551,0.10606060606060606,27,13,24.48520710059172,25.82201253457512,0.09747496970890018,4.627218934911243,0.39880035665072555,0.41711275985597757,21.99675324675325,fewa(0.2501),0.04296240868506494,0.47575017445917656,0.8543689320388349,0.08667104399212082,0.08759393433578852,0.0880865951074071,0.11368398183888125,264,219,0.3401507850918196,0.9087136929460581,0.18590831918505943,0.5006424140410417,0.5213893781582131,0.3341697530941136,0.47575017445917656,0.2508650288392313,0.4037786049500148,0.34104508464775085,309,241,0.42615843157246835,219,0.42615843157246835,10,19,42,5,0.9916317991631799,0.08269364968597348,True,True,True,True,exploit,154,0.12506216431952247,0.25012432863904493,False,exploit,fewa(0.2501),1.0,0.3586291171371351,37,36,0,0,disabled,1,37,34,37,34,30781,live,True,0,True,1,advocacy alliance are associated cancers commonly direct funding hpv initiatives member most or organizations partnerships sources what with,none,0,,0.21428571428571427,0,0,fixed_anchor_dynamic,0.04296240868506494,0.04296240868506494,False,10
INFECTIONS,True,True,3,True,True,,169,3,True,topology_pl_fewa,globally_unpulled_topology_prior,INFECTIONS,12,31,0.37209302325581395,0.9881656804733728,1.072196351668359,0.28402366863905326,0.02958579881656805,0.0315400004722654,0.08234714003944774,0.08934969597236325,0.009162053827066235,5,11,2.426553672316384,3.2419084554246864,0.09076632311221923,2.7485875706214684,0.12035212192878728,0.13931386107084082,1.272189349112426,fewa(0.2451),0.002484744822485207,0.48098394975575715,0.856687898089172,0.08831254103742613,0.08894265377170979,0.08942470665475422,0.11412230133042456,269,230,0.3488495731255118,0.9126984126984127,0.19524617996604415,0.5062248459627505,0.5272585484827605,0.34337540436489644,0.48098394975575715,0.2602959168861325,0.41087605800176985,0.34709728929709055,314,252,0.4138990607506858,230,0.4138990607506858,10,19,42,5,0.9918032786885246,0.08443824145150035,True,True,True,True,exploit,169,0.122560921033132,0.245121842066264,False,exploit,fewa(0.2451),1.0,0.3732645648958705,12,31,0,0,disabled,1,12,20,12,20,17913,live,True,0,True,1,agents and are associated causative clinical commonly direct frequently infections interventions manage most or pathogens pharmacological procedures specific therapeutic these to treatments used what which with,none,0,,0.5172413793103449,0,0,fixed_anchor_dynamic,0.002484744822485207,0.002484744822485207,False,11
ACUTE LYMPHOBLASTIC LEUKEMIA,True,True,11,True,True,,177,3,False,topology_pl_fewa,globally_unpulled_topology_prior,ACUTE LYMPHOBLASTIC LEUKEMIA,20,27,0.8297872340425532,13.081920903954801,14.596093076702095,2.878531073446327,0.3395840846255559,0.37180051383294516,0.65409604519774,0.7298046538351047,0.1066122619794936,18,21,16.64516129032258,17.46828390565383,0.11711918693701562,4.819892473118279,0.4567032715625715,0.47421651869727893,15.960451977401128,fewa(0.2402),0.031172757768361578,0.5006978367062107,0.8644578313253012,0.09422193040052528,0.09483676653134124,0.09496288297109548,0.11663999422051101,287,250,0.3714985765568188,0.9157509157509157,0.21222410865874364,0.5252422854530588,0.5456806957506425,0.36543066450738815,0.5006978367062107,0.2819764427762677,0.4319975103146633,0.36836530854206556,332,273,0.40099882478416715,250,0.40099882478416715,10,20,44,5,0.9923664122137404,0.09071877180739707,True,True,True,True,exploit,177,0.12010970261246937,0.24021940522493873,False,exploit,fewa(0.2402),1.0,0.2989460608728526,20,27,0,0,disabled,1,20,21,20,21,23466,live,True,0,True,1,acute are clinical commonly direct interventions leukemia lymphoblastic manage most or pharmacological procedures therapeutic to treatments used what,none,0,,0.7142857142857143,0,0,fixed_anchor_dynamic,0.031172757768361578,0.031172757768361578,False,12
,,,0,False,,,186,,,topology_pl_fewa,mode_explore,,24,34,0.7413793103448276,21.481182795698924,21.92859001040583,2.489247311827957,0.41328327771598067,0.4209971952109274,0.8950492831541218,0.9136912504335762,0.07321315623023403,24,19,22.74,23.41565625,0.07576844642195035,5.625,0.489051724137931,0.5007009698275863,23.97043010752688,epsilon_sample(0.2354),,0.5198883461270063,0.8735955056179775,0.10210111621799081,0.10283404736287534,0.10307609990540978,0.12381050197298796,311,269,0.3937201725130497,0.9212328767123288,0.22835314091680814,0.5439891644502314,0.5638479954577955,0.38357804341463064,0.5198883461270063,0.3020668856888079,0.45103824469659237,0.38041496351177095,356,292,0.3988612476171926,269,0.3988612476171926,10,20,44,5,0.993006993006993,0.09909281228192603,True,True,True,True,explore,186,0.11770750856021997,0.23541501712043994,False,explore,epsilon_sample(0.2354),1.0,0.27209224509629665,24,34,0,0,disabled,1,24,19,24,19,21782,live,,0,False,1,and are biomarkers cancer detection diagnostic early for imaging key laboratory of pancreatic risk stratification techniques the used what,none,0,,0.25,0,0,agea_dynamic,0.04681724630376344,0.04681724630376344,False,13
AIDS,True,True,1,True,True,,200,3,False,topology_pl_fewa,globally_unpulled_topology_prior,AIDS,36,50,0.5232558139534884,14.482499999999995,18.068343749999997,3.7375000000000007,0.211860465116279,0.2535563226744186,0.4022916666666665,0.5018984375,0.07475000000000001,28,17,26.693023255813937,27.243596538669554,0.1421146565711194,3.748837209302325,0.3539751216873984,0.3603771366043242,18.219999999999995,fewa(0.2307),0.03558593749999999,0.541172365666434,0.8828125,0.11129349967170059,0.11220950334434475,0.11263456277418775,0.13242303751743098,339,286,0.41471435988803784,0.9255663430420712,0.2427843803056027,0.5636593065501079,0.5820892243123723,0.398980136397424,0.541172365666434,0.32158706130151204,0.46938186516366587,0.3995377161287023,384,309,0.3944327113599081,286,0.3944327113599081,10,20,46,5,0.9935897435897436,0.10816468946266573,True,True,True,True,exploit,200,0.11535335838901556,0.23070671677803112,False,exploit,fewa(0.2307),1.0,0.29724890063949283,36,50,0,0,disabled,1,36,20,36,20,16874,live,True,0,True,1,aids and are commonly direct interventions manage most pharmacological therapeutic to treatments used what,none,0,,0.6,0,0,fixed_anchor_dynamic,0.03558593749999999,0.03558593749999999,False,14
,,,0,False,,,215,,,topology_pl_fewa,mode_explore,,13,31,0.45454545454545453,12.523255813953487,12.694418604651162,0.9604651162790697,0.30644820295983083,0.31033826638477796,0.9633273703041143,0.9764937388193201,0.030982745686421603,13,7,12.630630630630632,12.84476706436166,0.02227825076662293,1.8333333333333335,0.32872645372645376,0.3335931908567044,13.483720930232556,epsilon_sample(0.2261),,0.5504187020237264,0.8866498740554156,0.11556139198949442,0.11659011986415314,0.11707941893482701,0.13737485017503723,352,293,0.4232462137611531,0.9272151898734177,0.24872665534804753,0.5729007260479068,0.591256670248429,0.40632049771574985,0.5504187020237264,0.32865022914376874,0.4777879881269204,0.4069171728324933,397,316,0.41545404436784533,293,0.41545404436784533,10,20,47,5,0.9938461538461538,0.11270062805303559,True,True,True,True,explore,215,0.11304629122123525,0.2260925824424705,False,explore,epsilon_sample(0.2261),1.0,0.2591278026432418,13,31,0,0,disabled,1,13,20,13,20,29360,live,,0,False,1,and are care for interventions life management measures of palliative patients quality recommended strategies supportive treatment undergoing what,none,0,,0.17142857142857143,0,0,agea_dynamic,0.02633539244186046,0.02633539244186046,False,15
CLINICAL TRIAL,True,True,23,True,True,,222,4,True,topology_pl_fewa,globally_unpulled_topology_prior,CLINICAL TRIAL,31,33,0.703125,18.599099099099103,21.75810607905203,2.018018018018018,0.322142454954955,0.3715019390167195,0.5999709386806162,0.7018743896468397,0.06115206115206115,29,16,27.989130434782624,28.72078922495274,0.14681134939287127,2.023913043478261,0.4689538043478263,0.48038597294423435,20.61711711711712,fewa(0.2216),0.04026780686936938,0.5600139567341242,0.8943661971830986,0.12508207485226527,0.12643679799310817,0.12725550696693927,0.15261348420491128,381,309,0.4343655861485702,0.9307228915662651,0.2623089983022071,0.5812153360364789,0.5986362761544747,0.4168877056015956,0.5600139567341242,0.34232257280906164,0.4879658127665274,0.4201455424178906,426,332,0.4378094537264542,309,0.4378094537264542,10,20,47,5,0.9942363112391931,0.12037683182135381,True,True,True,True,exploit,222,0.11078536539681057,0.22157073079362113,False,exploit,fewa(0.2216),1.0,0.26015236584684287,31,33,0,0,disabled,1,31,33,31,33,41134,live,True,1,True,2,and are clinical commonly criteria direct enrollment implemented in most patient protocols recruitment strategies trial what,none,0,,0.3793103448275862,0,0,fixed_anchor_dynamic,0.04026780686936938,0.04026780686936938,False,16
GENETIC RISK TESTING,True,True,1,True,True,,230,4,False,topology_pl_fewa,globally_unpulled_topology_prior,GENETIC RISK TESTING,55,47,0.7156862745098039,43.02391304347827,45.38607750472589,3.358695652173913,0.45473145780051155,0.4778899329107824,0.7822529644268775,0.8252014091768344,0.07146160962072155,52,21,48.872469635627496,50.855263157894754,0.09589567564395901,7.291497975708505,0.5506271334444706,0.5700662856235613,46.38260869565218,fewa(0.2171),0.09059103260869567,0.5797278436845779,0.9058577405857741,0.1421536441234406,0.14392293144530482,0.14476495905848616,0.1661839419188028,433,329,0.4578646910429718,0.9320113314447592,0.27928692699490665,0.6002007157704503,0.6168230967101396,0.43496308455122196,0.5797278436845779,0.3644400567601103,0.5072713127501716,0.4411450540372157,478,353,0.4695817012308391,329,0.4695817012308391,10,20,47,5,0.9948849104859335,0.13572923935799022,True,True,True,True,exploit,230,0.10856965808887434,0.21713931617774868,False,exploit,fewa(0.2171),1.0,0.31866369707452025,55,47,0,0,disabled,1,55,47,55,47,35470,live,True,0,True,1,actions are by clinical commonly direct genetic interventions management medical most of or protocols results risk testing the triggered what,none,0,,0.3103448275862069,0,0,fixed_anchor_dynamic,0.09059103260869567,0.09059103260869567,False,17
HEMATURIA,True,True,2,True,True,,247,4,False,topology_pl_fewa,globally_unpulled_topology_prior,HEMATURIA,51,71,0.7622950819672131,26.84615384615385,28.98978839187661,8.153846153846153,0.28688524590163933,0.30445602086658,0.5263951734539971,0.5684272233701296,0.11484290357529793,49,44,43.02631578947368,45.56386580486306,0.1748058671268335,13.300000000000006,0.4616911130284728,0.4824907033185497,35.0,fewa(0.2128),0.068359375,0.6071179344033496,0.9146110056925996,0.1582403151674327,0.1600333337679672,0.16077803983140418,0.17782144400173408,482,363,0.4894538260437954,0.9143576826196473,0.3081494057724958,0.6262168986997089,0.6415069213631328,0.4618109723119909,0.6071179344033496,0.3979014163366015,0.5347179932008389,0.47028793048600437,527,397,0.49751088534146204,363,0.49751088534146204,10,20,47,5,0.9954441913439636,0.15247732030704816,True,True,True,True,exploit,247,0.10639826492709685,0.2127965298541937,False,exploit,fewa(0.2128),1.0,0.3416931717095114,51,71,0,0,disabled,1,51,29,51,29,16352,live,True,0,True,1,a actions are by clinical commonly direct hematuria in interventions management medical most of or patient presence protocols the triggered what,none,0,,0.64,0,0,fixed_anchor_dynamic,0.068359375,0.068359375,False,18
IMAGING TEST,True,True,8,True,True,,285,5,True,topology_pl_fewa,globally_unpulled_topology_prior,IMAGING TEST,37,28,0.5692307692307692,26.445614035087708,28.17716528162511,1.092982456140351,0.42367071524966243,0.4503099651963917,0.7147463252726407,0.7615450076114895,0.03903508771929825,29,8,27.612847222222225,28.759783709490748,0.01743505398110684,1.0590277777777777,0.4411057692307693,0.45875094595797733,27.53859649122806,fewa(0.2085),0.0537863212719298,0.6121772505233776,0.9064748201438849,0.1654629021667761,0.16750944360772996,0.16845783559846653,0.18717850767847374,504,370,0.49552997152907835,0.9135802469135802,0.3140916808149406,0.6309429644404102,0.6458794343098905,0.46670412723251603,0.6121772505233776,0.40431803437008274,0.5398260438080372,0.4770679228699536,556,405,0.5160148960600662,370,0.5160148960600662,10,20,47,5,0.9934354485776805,0.1584089323098395,True,True,True,True,exploit,285,0.1042702996285549,0.2085405992571098,False,exploit,fewa(0.2085),1.0,0.31641356534664317,37,28,0,0,disabled,1,37,27,37,27,23761,live,True,0,True,1,actions an are by clinical commonly direct imaging interventions management medical most of or protocols results test the triggered what,none,0,,0.7391304347826086,0,0,fixed_anchor_dynamic,0.0537863212719298,0.0537863212719298,False,19
,,,0,False,,,288,,,topology_pl_fewa,mode_explore,,29,33,0.6129032258064516,20.62847222222222,22.84122721354167,3.484375,0.38891689068100355,0.42460648731518824,0.7113266283524904,0.7876285246048852,0.10558712121212122,28,10,25.22727272727273,26.849845253885658,0.08173044286955583,3.952861952861953,0.4706473335505594,0.49681785817334856,24.11284722222222,epsilon_sample(0.2044),,0.619155617585485,0.910958904109589,0.17465528562048588,0.17679526128196074,0.17779913004435735,0.19442627701324042,532,380,0.5043877241218664,0.9156626506024096,0.3225806451612903,0.6369596904679762,0.6511208926371709,0.4735952998455202,0.619155617585485,0.4143969534395249,0.5470389520060542,0.49015898043651557,584,415,0.5256512078212566,380,0.5256512078212566,10,20,47,5,0.993801652892562,0.16782972784368458,True,True,True,True,explore,288,0.1021848936359838,0.2043697872719676,False,explore,epsilon_sample(0.2044),1.0,0.3587756153733198,29,33,0,0,disabled,1,29,20,29,20,22369,live,,0,False,1,across and are breast cancer differ do factors for guidelines how key measures patient populations preventive risk screening the they various what,none,0,,0.6538461538461539,0,0,agea_dynamic,0.047095404730902776,0.047095404730902776,False,20
BIOMARKER TESTING,True,True,39,True,True,,297,5,False,topology_pl_fewa,globally_unpulled_topology_prior,BIOMARKER TESTING,52,58,0.6,31.659932659932682,34.56590597331337,6.040404040404042,0.3427303336394248,0.3691482728519765,0.6088448588448593,0.6647289610252571,0.10414489724834555,42,24,41.35603715170278,41.61833478706784,0.08890490418776342,6.123839009287929,0.4316352378271882,0.4340197617850524,37.70033670033673,fewa(0.2003),0.07363347011784517,0.6334612700628053,0.9169329073482428,0.18844386080105055,0.19092426911528962,0.1922931001486743,0.20905859542048352,574,403,0.520117775480033,0.9179954441913439,0.34210526315789475,0.6508888082167649,0.6646196776545711,0.48941216312020025,0.6334612700628053,0.4317997339740061,0.5621108489451899,0.5029900919674167,626,439,0.5263486318615103,403,0.5263486318615103,10,20,47,5,0.9942857142857143,0.18213538032100487,True,True,True,True,exploit,297,0.10014119576326413,0.20028239152652827,False,exploit,fewa(0.2003),1.0,0.3752693529175543,52,58,0,0,disabled,1,52,20,52,20,27177,live,True,0,True,1,and are beyond biomarker by cancer cervical clinical decisions directly genetic immunotherapies in initiated its management of or outcomes pathways patient protocols role specific staging targeted testing the therapies treatment what,none,0,,0.275,0,0,fixed_anchor_dynamic,0.07363347011784517,0.07363347011784517,False,21
,,,0,False,,,323,,,topology_pl_fewa,mode_explore,,14,28,0.5476190476190477,9.08049535603715,10.223073162783118,2.2538699690402475,0.2698658410732714,0.29707007456722295,0.6486068111455108,0.7302195116273655,0.0804953560371517,12,11,10.582568807339449,11.57044393943645,0.03503440648752665,2.223241590214067,0.30490024756079803,0.32842108403929804,11.334365325077398,epsilon_sample(0.1963),,0.639218422889044,0.9184952978056427,0.19238345370978333,0.194968697960734,0.1963867935959873,0.2122260085762205,586,414,0.5280821027545728,0.92,0.35144312393887944,0.6568622125307939,0.670754258829357,0.49827646818196936,0.639218422889044,0.4403293034444129,0.5693738336271816,0.508391416602912,638,450,0.5450221414806052,414,0.5450221414806052,10,20,47,5,0.994413407821229,0.18632240055826937,True,True,True,True,explore,323,0.09813837184799884,0.19627674369599768,False,explore,epsilon_sample(0.1963),1.0,0.3793869286544483,14,28,0,0,disabled,1,14,20,14,20,23648,live,,0,False,1,adverse and are associated cancer common complications effects how long managed or sequelae term the these treatments what with,none,0,,0.25,0,0,agea_dynamic,0.022137432275541793,0.022137432275541793,False,22
MOLECULAR TESTING,True,True,2,True,True,,327,5,False,topology_pl_fewa,globally_unpulled_topology_prior,MOLECULAR TESTING,42,46,0.06818181818181818,3.541284403669725,3.6878653124970775,0.0,0.0402418682235196,0.041907560369284974,0.08431629532546964,0.08780631696421613,0.0,4,2,3.6253822629969417,3.897815372817477,0.000955657492354739,0.0,0.04119752571587434,0.04429335650928951,3.541284403669725,fewa(0.1924),0.006916571100917431,0.6395673412421493,0.9190031152647975,0.19369665134602757,0.19632525681550914,0.1977841190211139,0.21429511155272393,590,416,0.5284162776100251,0.9203539823008849,0.3531409168081494,0.6572643604502035,0.6712089395517234,0.4991934281672253,0.6395673412421493,0.440829953697256,0.5699632794693698,0.5095581327951532,642,452,0.5507095567894179,416,0.5507095567894179,10,20,47,5,0.9944547134935305,0.18771807397069085,True,True,True,True,exploit,327,0.09617560441103887,0.19235120882207773,False,exploit,fewa(0.1924),1.0,0.3424138053090003,42,46,0,0,disabled,1,42,20,42,20,25164,live,True,0,True,1,and are biomarker directly do gene guide how identified immunotherapies in markers molecular mutations of oncology or panels results selection specific targeted testing the therapies these through what,none,0,,0.3111111111111111,0,0,fixed_anchor_dynamic,0.006916571100917431,0.006916571100917431,False,23
,,,0,False,,,327,,,topology_pl_fewa,mode_explore,,32,46,0.358974358974359,22.894495412844027,22.958084336335318,0.5198776758409785,0.30018427036775647,0.30099951297661914,0.7154529816513758,0.7174401355104787,0.011301688605238664,23,5,22.96515151515152,22.9905624426079,0.0007287055452195323,0.5060606060606061,0.300912975912976,0.3012387570342116,23.414373088685004,epsilon_sample(0.1885),,0.6475924633635729,0.9218045112781955,0.20124753775443205,0.20414841937861103,0.2059380836496734,0.2385636509782032,613,421,0.5358666115923747,0.9212253829321663,0.35738539898132426,0.6656238342922385,0.67980240520445,0.5062829975770394,0.6475924633635729,0.4466022437426108,0.5777214588522284,0.5182902022350687,665,457,0.5674571806189651,421,0.5674571806189651,10,20,48,5,0.9946714031971581,0.19539427773900908,True,True,True,True,explore,327,0.0942520923228181,0.1885041846456362,False,explore,epsilon_sample(0.1885),1.0,0.2930851297733763,32,46,0,0,disabled,1,32,19,32,19,23116,live,,0,False,1,age and are based care different factors for guidelines key lifestyle measures modifications on patient populations preventive recommended risk screening the what,none,0,,0.4666666666666667,0,0,agea_dynamic,0.0457311974388379,0.0457311974388379,False,24
BREAST CANCER,False,True,0,True,False,,330,6,True,topology_pl_fewa,globally_unpulled_topology_prior,BREAST CANCER,61,63,0.12903225806451613,10.47121212121212,11.58363406795225,0.25303030303030305,0.08648582600195504,0.09545697073373027,0.17165921510183804,0.1898956404582336,0.004016354016354017,14,2,12.380664652567974,13.430461112987285,0.01533173563921053,0.24471299093655588,0.10181756164116557,0.11028366212841807,10.724242424242425,fewa(0.1847),0.0,0.6491625959525471,0.9219440353460973,0.20551543007222586,0.20846977789775575,0.21013143344283686,0.24258469739487856,626,423,0.5381781705503353,0.9215686274509803,0.35908319185059423,0.6671747767692152,0.6813180076123382,0.5082479118311594,0.6491625959525471,0.4489729263747869,0.5795506866350966,0.5192668954046964,679,459,0.5717369299195453,423,0.5717369299195453,10,20,48,5,0.9930675909878682,0.19993021632937893,True,True,True,True,exploit,330,0.09236705047636173,0.18473410095272347,False,exploit,fewa(0.1847),1.0,0.2683878407969952,61,63,0,0,disabled,1,61,60,61,60,36548,live,True,0,True,1,and are associated biomarker breast cancer directly gene identified markers molecular mutations or panels prognosis selection specific testing that the through treatment what with,none,0,,0.4857142857142857,0,0,fixed_anchor_dynamic,0.020945785984848486,0.020945785984848486,True,25
NCCN CANCER CENTERS,True,True,10,True,True,,331,6,False,topology_pl_fewa,globally_unpulled_topology_prior,NCCN CANCER CENTERS,11,22,0.12121212121212122,0.9984894259818731,0.99885908306788,0.24471299093655588,0.03767280051267967,0.03768400224255866,0.0907717659983521,0.09080537118798909,0.011123317769843448,1,3,0.9984939759036144,0.9988636776019741,2.343899078875028e-05,0.24548192771084337,0.03769623950346842,0.037707442585236894,1.243202416918429,fewa(0.1810),0.0024281297205438067,0.6500348918353105,0.9220588235294118,0.20584372948128693,0.20880980010264624,0.21048595364407857,0.2436398512829429,627,426,0.5396806206504784,0.922077922077922,0.3616298811544992,0.668180146567739,0.6824547094182545,0.510540311794299,0.6500348918353105,0.4507681574589466,0.5810243012405667,0.5204033566367281,680,462,0.5702327600485649,426,0.5702327600485649,10,20,48,5,0.9930795847750865,0.2002791346824843,True,True,True,True,exploit,331,0.09051970946683449,0.18103941893366898,False,exploit,fewa(0.1810),1.0,0.20790162786118546,11,22,0,0,disabled,1,11,22,11,22,30973,live,True,0,True,1,academic agreements and between cancer centers clinical collaborations community data exist hospitals industry medical nccn or partners pathways patient pharmaceutical referral research sharing what,none,0,,0.14583333333333334,0,0,fixed_anchor_dynamic,0.0024281297205438067,0.0024281297205438067,False,26
NARROW-BAND IMAGING,True,True,6,True,True,,332,6,False,topology_pl_fewa,globally_unpulled_topology_prior,NARROW-BAND IMAGING,33,32,0.7076923076923077,20.36746987951808,21.925794291624328,3.1295180722891565,0.36149212233549594,0.3854663440602074,0.6171960569550933,0.6644180088371009,0.09779743975903614,30,16,24.799426934097426,27.415310629633584,0.12709064160543426,6.958452722063038,0.4885827639409302,0.5288271284876404,23.496987951807235,fewa(0.1774),0.045892554593373505,0.662595952547104,0.9253521126760563,0.21569271175311885,0.2183245096366484,0.2195935974536798,0.2495195826581645,657,442,0.5559058605235239,0.9246861924686193,0.37521222410865873,0.6797309559056108,0.6931364586744212,0.5236225711678582,0.662595952547104,0.4674066316902706,0.5940878581002627,0.53010892261426,710,478,0.5605882506887859,442,0.5605882506887859,10,20,48,5,0.9933993399339934,0.21004884856943476,True,True,True,True,exploit,332,0.0887093152774978,0.1774186305549956,False,exploit,fewa(0.1774),1.0,0.1468901212358364,33,32,0,0,disabled,1,33,17,33,17,15795,live,True,0,True,1,and applications band capabilities clinical detecting diagnostic does examinations gastrointestinal have imaging in lesions mucosal narrow particularly urological what,none,0,,0.16129032258064516,0,0,fixed_anchor_dynamic,0.045892554593373505,0.045892554593373505,False,27
,,,0,False,,,349,,,topology_pl_fewa,mode_explore,,38,42,0.6,19.481375358166193,21.09327099120697,4.252148997134671,0.2966690544412608,0.3168177498542705,0.5126677725833209,0.5550860787159729,0.10124164278892074,32,16,30.848238482384836,31.390970982880553,0.14142376398692358,4.199186991869919,0.43809281842818437,0.44487697468438087,23.733524355300865,epsilon_sample(0.1739),,0.6728890439637125,0.9285714285714286,0.22619829284307288,0.22905405387541533,0.23048025201914618,0.2586374348443146,689,457,0.5703425811965075,0.9251012145748988,0.38794567062818336,0.6893767981257254,0.7023324254921537,0.5364360970707177,0.6728890439637125,0.48295048894866255,0.6057845066154941,0.5384620027829132,742,494,0.5761823668672648,457,0.5761823668672648,10,20,48,5,0.9937205651491365,0.22086531751570132,True,True,True,True,explore,349,0.08693512897194784,0.17387025794389568,False,explore,epsilon_sample(0.1739),1.0,0.16521537748828136,38,42,0,0,disabled,1,38,20,38,20,38071,live,,0,False,1,and are average cancer colorectal factors for guidelines high in key populations preventive risk screening strategies the what,none,0,,0.48148148148148145,0,0,agea_dynamic,0.046354539756447,0.046354539756447,False,28
GENETIC CANCER RISK TESTING,True,True,3,True,True,,369,7,True,topology_pl_fewa,globally_unpulled_topology_prior,GENETIC CANCER RISK TESTING,45,45,0.011111111111111112,0,0,0.0,0.0,0.0,0.0,0.0,0.0,0,1,0,0,0.0,0.0,0.0,0.0,0.0,fewa(0.1704),0.0,0.6732379623168179,0.9285714285714286,0.22619829284307288,0.22905405387541533,0.23048025201914618,0.2586374348443146,689,458,0.5707532426484786,0.9252525252525252,0.38879456706281834,0.6896611596465799,0.7025597658533369,0.5368945770633456,0.6732379623168179,0.48358815147484296,0.6062013077676474,0.539088613100391,742,495,0.5769033180702203,458,0.5769033180702203,10,20,48,5,0.9937205651491365,0.22086531751570132,True,False,False,False,exploit,369,0.08519642639250888,0.17039285278501776,False,exploit,fewa(0.1704),1.0,0.21650081473182956,45,45,0,0,disabled,1,45,19,45,19,25061,live,True,0,True,1,approvals cancer clinical directly genetic govern guidelines in of oncology or policies practice regulatory reimbursement risk testing the use what,none,0,,0.25,0,0,fixed_anchor_dynamic,0.0,0.0,False,29
TESTING FOR BREAST CANCER,True,True,9,True,True,,369,7,False,topology_pl_fewa,globally_unpulled_topology_prior,TESTING FOR BREAST CANCER,53,49,0.21568627450980393,13.691056910569104,14.929946901095025,1.4119241192411924,0.14806844146872838,0.16021442176800213,0.25832182850130386,0.28169711134141556,0.028814777943697804,17,5,15.604278074866313,16.48451485601533,0.01751035689553712,1.28475935828877,0.1655787983642655,0.17420857072847157,15.102981029810296,fewa(0.1670),0.029498009823848235,0.6749825540823448,0.930171277997365,0.23177938279711097,0.23462386867561813,0.23604345688176545,0.26293288456297215,706,463,0.5730830054935057,0.926,0.3930390492359932,0.691282719609808,0.7040753682612252,0.5397764513027213,0.6749825540823448,0.4869904994949045,0.6084979031616442,0.542010996818642,759,500,0.5808144412868814,463,0.5808144412868814,10,20,48,5,0.9938837920489296,0.22679692951849267,True,True,True,True,exploit,369,0.0834924978646587,0.1669849957293174,False,exploit,fewa(0.1670),1.0,0.15646396065827828,53,49,0,0,disabled,1,53,20,53,20,26197,live,True,0,True,1,and are breast cancer clinical diagnostic directly for govern guidelines methods regulatory specific standards testing that the what,none,0,,0.3125,0,0,fixed_anchor_dynamic,0.029498009823848235,0.029498009823848235,False,30
TESTING FOR BREAST CANCER,True,True,9,True,True,,374,7,False,topology_pl_fewa,fewa_filtered_least_pulled,TESTING FOR BREAST CANCER,40,42,0.0,0,0,0,0.0,0.0,0.0,0.0,0.0,0,0,0,0,0.0,0,0.0,0.0,0,fewa(0.1636),0.0,0.6749825540823448,0.930171277997365,0.23177938279711097,0.23462386867561813,0.23604345688176545,0.26293288456297215,706,463,0.5730830054935057,0.926,0.3930390492359932,0.691282719609808,0.7040753682612252,0.5397764513027213,0.6749825540823448,0.4869904994949045,0.6084979031616442,0.542010996818642,759,500,0.5808144412868814,463,0.5808144412868814,10,20,48,5,0.9938837920489296,0.22679692951849267,False,False,False,False,exploit,374,0.08182264790736553,0.16364529581473106,False,exploit,fewa(0.1636),1.0,0.16878048375163296,40,42,0,0,disabled,1,40,42,40,42,30890,live,True,0,True,1,accuracy and approvals are associated assurance breast cancer clinical consent diagnostic directly for govern guidelines of or patient policies protocols quality regulatory reimbursement requirements standards testing the use what,none,0,,0.46875,0,0,fixed_anchor_dynamic,0.0,0.0,False,31
RADIATION THERAPY,True,True,21,True,True,,374,8,True,topology_pl_fewa,globally_unpulled_topology_prior,RADIATION THERAPY,21,33,0.48148148148148145,16.462566844919785,17.700388200978008,0.24732620320855614,0.3094424638542285,0.3323650815590104,0.7839317545199898,0.8428756286180004,0.007494733430562307,18,8,17.304000000000002,17.877246222222222,0.015594573182808547,0.248,0.32503703703703707,0.3356527078189301,16.70989304812834,fewa(0.1604),0.03263650985962566,0.6795184926727146,0.9317889317889317,0.23768877216021012,0.24074376283238316,0.24238727768469956,0.27172338407693347,724,471,0.579474564551451,0.9271653543307087,0.399830220713073,0.6959825177336697,0.7089050879343626,0.5465482490000306,0.6795184926727146,0.4939485011597887,0.6141177681980872,0.5458852434470768,777,508,0.5719900213861216,471,0.5719900213861216,10,20,48,5,0.9940029985007496,0.23133286810886253,True,True,True,True,exploit,374,0.08018619494921822,0.16037238989843644,False,exploit,fewa(0.1604),1.0,0.161245923649097,21,33,0,0,disabled,1,21,20,21,20,26714,live,True,0,True,1,approvals clinical directly govern guidelines of or policies radiation regulatory reimbursement the therapy use what,none,0,,0.5909090909090909,0,0,fixed_anchor_dynamic,0.03263650985962566,0.03263650985962566,False,32
HEMATOPATHOLOGIST,True,True,3,True,True,,375,8,False,topology_pl_fewa,globally_unpulled_topology_prior,HEMATOPATHOLOGIST,31,44,0.52,17.737333333333336,19.630650666666664,2.817333333333333,0.27406222222222226,0.29930645333333333,0.5721720430107528,0.6332467956989246,0.06403030303030302,25,14,22.030612244897966,23.315976741461885,0.07251941043083909,3.963010204081632,0.34658163265306136,0.3637198259405802,20.55466666666667,fewa(0.1572),0.04014583333333334,0.685973482205164,0.9339152119700748,0.2458962573867367,0.24888836058810992,0.25060198232190917,0.27699854079519126,749,485,0.5894088365754659,0.9291187739463601,0.41171477079796265,0.7022665443591717,0.715058433710389,0.5569663251402074,0.685973482205164,0.5053471816945663,0.6224261023415296,0.5582652405150692,802,522,0.5675388415867046,485,0.5675388415867046,10,20,48,5,0.9942196531791907,0.24005582693649685,True,True,True,True,exploit,375,0.07858247105023385,0.1571649421004677,False,exploit,fewa(0.1572),1.0,0.15083599195284353,31,44,0,0,disabled,1,31,20,31,20,23834,live,True,0,True,1,a clinical criteria cytometry decision detection diagnostic directly disease flow for govern hematopathologist in interpreting minimal of or pathways regulatory residual results standards the what work,none,0,,0.2571428571428571,0,0,fixed_anchor_dynamic,0.04014583333333334,0.04014583333333334,False,33
,,,0,False,,,392,,,topology_pl_fewa,mode_explore,,52,60,0.5,30.64413265306123,33.437625273323626,3.030612244897958,0.30066736516034986,0.32560926355554987,0.5893102433281006,0.6430312552562236,0.050510204081632634,38,18,36.83088235294119,37.36859471116878,0.06157440654833374,3.7401960784313726,0.3622417717086836,0.36704277490714426,33.67474489795919,epsilon_sample(0.1540),,0.692079553384508,0.9369047619047619,0.25837163493105714,0.2616137287794054,0.26350419792818447,0.2855002162326493,787,501,0.5975718220408758,0.9277777777777778,0.42529711375212226,0.7079480908337026,0.7204388222583924,0.5665507402241917,0.692079553384508,0.5164377697660555,0.6301497279835858,0.5670870599212439,840,540,0.5702640209265605,501,0.5702640209265605,10,20,48,5,0.9944979367262724,0.2522679692951849,True,True,True,True,explore,392,0.07701082162922918,0.15402164325845835,False,explore,epsilon_sample(0.1540),1.0,0.14631462550903582,52,60,0,0,disabled,1,52,22,52,22,26455,live,,0,False,1,and are cancer different do drive genetic how interact key molecular mutations of pathways progression subtypes targeted that the therapies these what with,none,0,,0.3076923076923077,0,0,agea_dynamic,0.06577098612882654,0.06577098612882654,False,34
NEUROPATHOLOGIST,True,True,11,True,True,,408,8,False,topology_pl_fewa,globally_unpulled_topology_prior,NEUROPATHOLOGIST,32,30,0.5645161290322581,19.099264705882355,21.98374423298731,2.2401960784313726,0.34418485135989885,0.3907087147003013,0.5968520220588236,0.6869920072808534,0.07467320261437908,27,8,24.659806295399513,26.169906313573982,0.08424989049747827,1.9031476997578693,0.4284347418573771,0.452791193763417,21.33946078431373,fewa(0.1509),0.04167863434436275,0.698185624563852,0.9388696655132641,0.26723571897570586,0.2706110861074491,0.27227181977981474,0.2923932107429115,814,509,0.604773859503708,0.9288321167883211,0.43208828522920206,0.7128585310260019,0.7244299085991649,0.5717964748079426,0.698185624563852,0.5249495646712725,0.6358539972247496,0.5717929334763732,867,548,0.5770448646290944,509,0.5770448646290944,10,20,48,5,0.9946737683089214,0.2606420097697139,True,True,True,True,exploit,408,0.0754706051966446,0.1509412103932892,False,exploit,fewa(0.1509),1.0,0.20644809854110582,32,30,0,0,disabled,1,32,30,32,30,27545,live,True,0,True,1,a and clinical criteria diagnostic directly duties govern guidelines neuropathologist of or practices professional reporting standards the what,none,0,,0.3333333333333333,0,0,fixed_anchor_dynamic,0.04167863434436275,0.04167863434436275,False,35
BLOOD TESTS,True,True,22,True,True,,413,9,True,topology_pl_fewa,globally_unpulled_topology_prior,BLOOD TESTS,28,41,0.5362318840579711,21.72518159806296,22.711801382431737,3.3486682808716703,0.36338912868021206,0.377687966134832,0.7758993427879629,0.8111357636582763,0.08167483611882123,24,13,23.18794326241135,23.683428901966693,0.01785937236477375,3.118203309692671,0.3812485010449858,0.38842945234288934,25.07384987893463,fewa(0.1479),0.0489723630447942,0.70324494068388,0.9405162738496072,0.27511490479317136,0.27871966562658,0.28062921765342613,0.3016193556824159,838,522,0.6112716897666236,0.93048128342246,0.4431239388794567,0.7173648624914555,0.7285068790763843,0.5785455699935396,0.70324494068388,0.5326355829020515,0.6417757492405606,0.580093698851491,891,561,0.5856750009792899,522,0.5856750009792899,10,20,48,5,0.9948387096774194,0.26901605024424285,True,True,True,True,exploit,413,0.0739611930927117,0.1479223861854234,False,exploit,fewa(0.1479),1.0,0.24567138051933987,28,41,0,0,disabled,1,28,19,28,19,19632,live,True,0,True,1,and blood clinical criteria diagnosis diagnostic directly govern guidelines hematologic in interpretation malignancies of or regulatory reporting standards tests the what,none,0,,0.5,0,0,fixed_anchor_dynamic,0.0489723630447942,0.0489723630447942,False,36
NICOTINE WITHDRAWAL,True,True,5,True,True,,423,9,False,topology_pl_fewa,globally_unpulled_topology_prior,NICOTINE WITHDRAWAL,64,38,0.0392156862745098,1.2505910165484635,1.2505910165484635,0.0,0.01226069624067121,0.01226069624067121,0.019540484633569742,0.019540484633569742,0.0,2,2,1.6733490566037736,1.8936843627625488,0.004144686667208925,0.0,0.016405382907880135,0.018565532968260284,1.2505910165484635,fewa(0.1450),0.0024425605791962178,0.70324494068388,0.9406494960806271,0.2757715036112935,0.27936394843859663,0.28125050553084974,0.3027295177935225,840,522,0.6112716897666236,0.9271758436944938,0.4431239388794567,0.7173648624914555,0.7285068790763843,0.5785455699935396,0.70324494068388,0.5326355829020515,0.6417757492405606,0.580093698851491,893,563,0.5872328784995478,522,0.5872328784995478,10,20,48,5,0.9948519948519948,0.2697138869504536,True,True,True,True,exploit,423,0.07248196923085747,0.14496393846171493,False,exploit,fewa(0.1450),1.0,0.31834920625538227,64,38,0,0,disabled,1,64,31,64,31,36200,live,True,0,True,1,and are clinical criteria diagnostic for manifestations nicotine protocols the treatment what withdrawal,none,0,,0.2916666666666667,0,0,fixed_anchor_dynamic,0.0024425605791962178,0.0024425605791962178,False,37
MRI SCAN,True,True,16,True,True,,424,9,False,topology_pl_fewa,globally_unpulled_topology_prior,MRI SCAN,41,47,0.6477272727272727,32.06132075471699,35.24418721075116,2.2735849056603774,0.39016938250428823,0.42633831950467654,0.7819834330418778,0.8596143222134428,0.0483741469289442,38,19,35.91142191142192,37.59132204237098,0.05955513540204799,3.6643356643356646,0.4497245179063362,0.4688142921216665,34.334905660377366,fewa(0.1421),0.06706036261792454,0.7079553384508025,0.9430719656283566,0.2882468811556139,0.29217087833991134,0.29418187023675363,0.3148464577554747,878,531,0.6183697949910546,0.9123711340206185,0.45076400679117146,0.7217903281801847,0.7326747856980771,0.5849948552231727,0.7079553384508025,0.5410407304161304,0.6474179773047342,0.5875798948198981,931,582,0.5913319196230395,531,0.5913319196230395,10,20,48,5,0.9950433705080545,0.2801814375436148,True,True,True,True,exploit,424,0.0710323298462403,0.1420646596924806,False,exploit,fewa(0.1421),1.0,0.25891285273267084,41,47,0,0,disabled,1,41,30,41,30,37990,live,True,0,True,1,clinical contraindications directly govern in mri of or practice professional protocols safety scan standards the use what,none,0,,0.37037037037037035,0,0,fixed_anchor_dynamic,0.06706036261792454,0.06706036261792454,False,38
HISTOLOGY,True,True,10,True,True,,429,10,True,topology_pl_fewa,globally_unpulled_topology_prior,HISTOLOGY,28,30,0.3448275862068966,11.0011655011655,12.23896577393081,1.0372960372960374,0.20755968169761274,0.2289010657108077,0.3928987678987679,0.4371059204975289,0.034576534576534576,14,6,12.390951276102088,13.34749355354461,0.020698578963240122,0.8480278422273781,0.22825826066085286,0.24475036889262047,12.038461538461538,fewa(0.1392),0.023512620192307692,0.7114445219818563,0.9417989417989417,0.29218647406434667,0.2960809496719395,0.2979736949978606,0.3193940737168009,890,537,0.6226949631308226,0.9132653061224489,0.45585738539898135,0.7247881292208086,0.7353460349419801,0.5889174062712118,0.7114445219818563,0.5459257734157661,0.651218079024981,0.5913562642944723,945,588,0.5877183049686809,537,0.5877183049686809,10,20,48,5,0.9951159951159951,0.28436845778087927,True,True,True,True,exploit,429,0.06961168324931549,0.13922336649863098,False,exploit,fewa(0.1392),,0.2821342847890841,28,30,0,0,disabled,1,28,20,28,20,36237,live,True,0,True,1,are associated context diagnostic directly histology in laboratory methods of or pathology preparation procedures specific staining techniques the tissue what with,none,0,,0.27586206896551724,0,0,fixed_anchor_dynamic,0.023512620192307692,0.023512620192307692,False,39
SMOKEFREE.GOV,True,True,11,True,True,,431,10,False,topology_pl_fewa,globally_unpulled_topology_prior,SMOKEFREE.GOV,54,30,0.0,0,0,0,0.0,0.0,0.0,0.0,0.0,0,0,0,0,0.0,0,0.0,0.0,0,fewa(0.1364),0.0,0.7114445219818563,0.9417989417989417,0.29218647406434667,0.2960809496719395,0.2979736949978606,0.3193940737168009,890,537,0.6226949631308226,0.9132653061224489,0.45585738539898135,0.7247881292208086,0.7353460349419801,0.5889174062712118,0.7114445219818563,0.5459257734157661,0.651218079024981,0.5913562642944723,945,588,0.5877183049686809,537,0.5877183049686809,10,20,48,5,0.9951159951159951,0.28436845778087927,False,False,False,False,exploit,431,0.0682194495843292,0.1364388991686584,False,exploit,fewa(0.1364),,0.2635127480965366,54,30,0,0,disabled,1,54,30,54,30,26473,live,True,0,True,1,are based by campaigns cessation digital directly evidence gov health or promoted public smokefree specific strategies the tools what,none,0,,0.21428571428571427,0,0,fixed_anchor_dynamic,0.0,0.0,False,40
HISTOLOGY,True,True,9,True,True,,431,10,False,topology_pl_fewa,fewa_filtered_least_pulled,HISTOLOGY,24,35,0.3220338983050847,4.142691415313225,4.340243646405866,0.4872389791183295,0.07847339651578905,0.08182173941566433,0.1726121423047177,0.18084348526691107,0.013921113689095127,8,11,6.815068493150685,7.224930151581494,0.07979608727029561,2.5228310502283104,0.15826948378608466,0.16521629155609838,4.629930394431554,fewa(0.1337),0.009042832801624129,0.7201674808094906,0.9422875131164743,0.2948128693368352,0.29870230139663567,0.3005056987252826,0.3217610959000873,898,548,0.636396930468824,0.9148580968280468,0.46519524617996605,0.7337438724614156,0.7444207043592111,0.6011295137573892,0.7201674808094906,0.559319648893087,0.6617715017563717,0.601424187689824,953,599,0.5729830390291673,548,0.5729830390291673,10,20,48,5,0.9951632406287787,0.28715980460572227,True,True,True,True,exploit,431,0.06685506059264261,0.13371012118528522,False,exploit,fewa(0.1337),,0.19467577782455686,24,35,0,0,disabled,1,24,20,24,20,17507,live,True,0,True,1,are associated directly fixation histology methods or preservation protocols specific staining techniques tissue what with,none,0,,0.5,0,0,fixed_anchor_dynamic,0.009042832801624129,0.009042832801624129,False,41
CHEMOTHERAPY,True,True,20,True,True,,438,11,True,topology_pl_fewa,globally_unpulled_topology_prior,CHEMOTHERAPY,21,35,0.44642857142857145,13.255707762557078,13.909234847063239,0.0,0.23670906718851925,0.24837919369755784,0.6312241791693847,0.6623445165268209,0.0,14,11,13.493150684931509,13.942724296824503,0.004240052185257692,0.0,0.24094911937377694,0.24897721958615185,13.255707762557078,fewa(0.1310),0.025890054223744293,0.7257501744591766,0.9431230610134437,0.2994090610636901,0.3034640767753819,0.30544822616282635,0.33029859139051443,912,558,0.6435924254923623,0.9147540983606557,0.47368421052631576,0.7381215013740113,0.7479823700177487,0.6069915079488467,0.7257501744591766,0.5682298903013068,0.6675542057445213,0.6124010910969457,967,610,0.5668652299203083,558,0.5668652299203083,10,20,48,5,0.9952267303102625,0.2909979064898814,True,True,True,True,exploit,438,0.06551795938078975,0.1310359187615795,False,exploit,fewa(0.1310),,0.13769263139167226,21,35,0,0,disabled,1,21,21,21,21,40206,live,True,0,True,1,administered agents are as chemotherapy classes combination directly drug of or part pharmacological regimens specific what,none,0,,0.1935483870967742,0,0,fixed_anchor_dynamic,0.025890054223744293,0.025890054223744293,False,42
,,,0,False,,,438,,,topology_pl_fewa,mode_explore,,41,42,0.12048192771084337,6.200913242009133,6.924189706219637,0.8013698630136986,0.08436485668702207,0.0930790309546185,0.15124178639046665,0.16888267576145455,0.01908023483365949,8,2,6.779545454545454,7.537673037190083,0.010295603334883732,1.0772727272727272,0.0946604600219058,0.10379452728268446,7.002283105022832,epsilon_sample(0.1284),,0.7269713886950454,0.9435897435897436,0.3020354563361786,0.3060773982552955,0.30796756300402234,0.3316503867690276,920,560,0.645444233269268,0.9150326797385621,0.47538200339558573,0.7393024053907133,0.7491190718236648,0.6086726012551491,0.7269713886950454,0.5704857788666328,0.6689944433758593,0.6139333593087328,975,612,0.569205767059687,560,0.569205767059687,10,20,48,5,0.9952718676122931,0.29378925331472433,True,True,True,True,explore,438,0.06420760019317395,0.1284152003863479,False,explore,epsilon_sample(0.1284),,0.18258230558124183,41,42,0,0,disabled,1,41,20,41,20,24918,live,,0,False,1,and are cancer decisions factors genetic guide hereditary influence key molecular mutations or prognosis risk subtypes targeted that the therapy what,none,0,,0.375,0,0,agea_dynamic,0.013676334189497718,0.013676334189497718,False,43
COMBINATION REGIMEN,True,True,1,True,True,,440,11,False,topology_pl_fewa,globally_unpulled_topology_prior,COMBINATION REGIMEN,12,25,0.2702702702702703,8.186363636363636,8.241389462809918,0.0,0.22125307125307123,0.2227402557516194,0.6821969696969696,0.6867824552341598,0.0,9,1,8.288461538461538,8.767258809197191,0.002759402759402785,0.0,0.224012474012474,0.23695294078911328,8.186363636363636,fewa(0.1258),0.015988991477272726,0.7269713886950454,0.9441056910569106,0.3049901510177282,0.3091243423730235,0.3111228385789998,0.33543078135853666,929,560,0.645444233269268,0.9135399673735726,0.47538200339558573,0.7393024053907133,0.7491190718236648,0.6086726012551491,0.7269713886950454,0.5704857788666328,0.6689944433758593,0.6139333593087328,984,613,0.5687325992935716,560,0.5687325992935716,10,20,48,5,0.9953216374269006,0.29692951849267274,True,True,True,True,exploit,440,0.06292344818931048,0.12584689637862095,False,exploit,fewa(0.1258),1.0,0.12142140041778862,12,25,0,0,disabled,1,12,21,12,21,16323,live,True,0,True,1,administered agents are as cancer classes combination directly drug for of or part pharmacological regimen regimens specific the treating what,none,0,,0.7142857142857143,0,0,fixed_anchor_dynamic,0.015988991477272726,0.015988991477272726,False,44
POLYPECTOMY,True,True,6,True,True,,442,11,False,topology_pl_fewa,globally_unpulled_topology_prior,POLYPECTOMY,47,43,0.4,13.58710407239819,16.603775516471817,1.909502262443439,0.17218451483157365,0.20570308643239174,0.2890873206893232,0.35327181949940034,0.044407029359149745,26,10,23.03880266075388,24.585953363061144,0.11182632527682745,2.522172949002217,0.2840108401084011,0.3012014034673707,15.49660633484163,fewa(0.1233),0.03026680924773756,0.7325540823447313,0.9455445544554455,0.3135259356533158,0.3175786138313873,0.3194072873969962,0.3409044203235015,955,570,0.6526503682425624,0.9149277688603531,0.4838709677419355,0.744852790777875,0.7545929553254015,0.6157279494424108,0.7325540823447313,0.5778400052138707,0.6754054386468493,0.6204346675901949,1010,623,0.5751708463651423,570,0.5751708463651423,10,20,48,5,0.9954493742889647,0.3053035589672017,True,True,True,True,exploit,442,0.06166497922552427,0.12332995845104854,False,exploit,fewa(0.1233),,0.12416007832888032,47,43,0,0,disabled,1,47,40,47,40,36536,live,True,0,True,1,are clinical decision determine directly factors indications or patient perform polypectomy procedural related risk specific techniques that the to what,none,0,,0.22580645161290322,0,0,fixed_anchor_dynamic,0.03026680924773756,0.03026680924773756,False,45
CERVICAL CANCER,True,True,2,True,True,,451,12,True,topology_pl_fewa,globally_unpulled_topology_prior,CERVICAL CANCER,21,24,0.6666666666666666,8.088691796008872,9.515580061061646,2.4711751662971175,0.2346637102734664,0.2663723383857503,0.38517579980994626,0.4531228600505546,0.10296563192904656,20,10,17.582795698924734,18.640665972944845,0.21773772341828987,2.7752688172043007,0.4524014336917563,0.4759096620033143,10.559866962305989,fewa(0.1209),0.020624740160753885,0.7398813677599442,0.9466019417475728,0.3200919238345371,0.32395154442919205,0.32565389366347264,0.34556529099696065,975,580,0.661594804436358,0.9162717219589257,0.4923599320882852,0.7519953765749029,0.7614912426485779,0.6236373878222693,0.7398813677599442,0.5867583932978022,0.6832153060817056,0.6271416481905289,1030,633,0.5778697935528112,580,0.5778697935528112,10,20,48,5,0.9955506117908788,0.31228192602930915,True,True,True,True,exploit,451,0.06043167964101378,0.12086335928202756,False,exploit,fewa(0.1209),,0.15859698129519506,21,24,0,0,disabled,1,21,24,21,24,27071,live,True,0,True,1,are biopsy cancer cervical clinical cone determine directly factors in indications management of or patient procedural related risk specific techniques that the use what,none,0,,0.5714285714285714,0,0,fixed_anchor_dynamic,0.020624740160753885,0.020624740160753885,False,46
,,,0,False,,,465,,,topology_pl_fewa,mode_explore,,16,29,0.3333333333333333,9.048387096774194,9.419298184761244,0.9010752688172043,0.22109916367980884,0.2293416323017433,0.5655241935483871,0.5887061365475778,0.031071560993696703,10,5,9.287846481876333,9.742537313432836,0.016356415566815163,1.3976545842217485,0.237455579246624,0.24755981994787968,9.949462365591398,epsilon_sample(0.1184),,0.743893928820656,0.9471153846153846,0.3233749179251477,0.32732457875858606,0.32904571952339395,0.3490559660033056,985,585,0.666668933836893,0.9169278996865203,0.4966044142614601,0.7559361839217891,0.7653446617706338,0.6279585069106833,0.743893928820656,0.5915427137613628,0.6874736902685337,0.6308456193708273,1040,638,0.582618738891672,585,0.582618738891672,10,20,48,5,0.9955995599559956,0.31577110956036286,True,True,True,True,explore,465,0.0592230460481935,0.118446092096387,False,explore,epsilon_sample(0.1184),,0.18983504404673052,16,29,0,0,disabled,1,16,19,16,19,32061,live,,0,False,1,address and are available cancer care challenges do during face financial follow interventions life long of or psychosocial quality services supportive survivors term them to up what,none,0,,0.25,0,0,agea_dynamic,0.0194325436827957,0.0194325436827957,False,47
DUCTAL CARCINOMA IN SITU,True,True,9,True,True,,469,12,False,topology_pl_fewa,globally_unpulled_topology_prior,DUCTAL CARCINOMA IN SITU,47,45,0.3804347826086957,24.361407249466946,25.22929632980392,2.463752665245203,0.29157782515991465,0.30101140212009914,0.5183278138184456,0.5367935389319983,0.05475005922767118,28,7,26.761458333333344,27.449333767361104,0.023197990057476803,2.197916666666667,0.31477581521739145,0.3222527221089975,26.82515991471215,fewa(0.1161),0.052392890458422166,0.7473831123517097,0.9485018726591761,0.33256730137885754,0.3366203033215016,0.3384543163406785,0.3586516854547268,1013,592,0.6711218337266214,0.9178294573643411,0.5025466893039049,0.7589392188239336,0.7678832958038466,0.6319669319890878,0.7473831123517097,0.5975779192501487,0.6913681864459243,0.6358758996414513,1068,645,0.5813134458665808,592,0.5813134458665808,10,20,48,5,0.9957264957264957,0.325191905094208,True,True,True,True,exploit,469,0.05803858512722963,0.11607717025445927,False,exploit,fewa(0.1161),1.0,0.18671306334498844,47,45,0,0,disabled,1,47,45,47,45,32081,live,True,0,True,1,alterations and are biomarkers breast cancer carcinoma direct distinguish ductal factors features from genomic histopathological implicated in invasive its microenvironmental molecular or pathways progression signaling situ specific that the what which,none,0,,0.2222222222222222,0,0,fixed_anchor_dynamic,0.052392890458422166,0.052392890458422166,False,48
,,,0,False,,,480,,,topology_pl_fewa,mode_explore,,17,31,0.16666666666666666,2.1979166666666665,2.1979166666666665,0.6937500000000001,0.06024305555555556,0.06024305555555556,0.1292892156862745,0.1292892156862745,0.022379032258064518,5,3,4.346074380165289,4.64728971723243,0.044827536730945826,0.6973140495867769,0.10507059228650138,0.11134591180873347,2.8916666666666666,epsilon_sample(0.1138),,0.7503489183531054,0.9487418452935694,0.33420879842416285,0.33825309876768495,0.3400419502853697,0.35936807779471636,1018,595,0.6750835392019777,0.9182098765432098,0.5050933786078099,0.7619547689939418,0.7709145006196232,0.635301331935473,0.7503489183531054,0.6011076516540697,0.6945161246707365,0.6371096857015519,1073,648,0.5830313673988906,595,0.5830313673988906,10,20,48,5,0.9957492029755579,0.3269364968597348,True,True,True,True,explore,480,0.056877813424685036,0.11375562684937007,False,explore,epsilon_sample(0.1138),1.0,0.22815565703956694,17,31,0,0,disabled,1,17,19,17,19,12779,live,,0,False,1,age and are care detection different early for groups guidelines key populations preventive protocols recommended risk screening strategies the vaccination what,none,0,,0.5357142857142857,0,0,agea_dynamic,0.005647786458333333,0.005647786458333333,False,49
NPC STAGING,True,True,4,True,True,,484,12,False,topology_pl_fewa,globally_unpulled_topology_prior,NPC STAGING,32,36,0.10294117647058823,3.408057851239669,4.010523743255242,0.0,0.05011849781234807,0.05897829034198886,0.10650180785123965,0.12532886697672632,0.0,6,1,5.197314049586778,5.7425455484598045,0.02631259115216337,0.0,0.07643108896451144,0.08444919924205595,3.408057851239669,fewa(0.1115),0.006656362990702478,0.750523377529658,0.9490268767377201,0.3361785948785292,0.3402304415754022,0.3419651804085071,0.36196408064300295,1024,596,0.6751263808199304,0.9183359013867488,0.5059422750424448,0.7621558429536466,0.7711418409808064,0.6357598119281009,0.750523377529658,0.6013579767804912,0.6948108475918306,0.6375024383436307,1079,649,0.589651228302021,596,0.589651228302021,10,20,48,5,0.9957761351636748,0.32903000697836704,True,True,True,True,exploit,484,0.05574025715619134,0.11148051431238268,False,exploit,fewa(0.1115),1.0,0.19595365390006383,32,36,0,0,disabled,1,32,21,32,21,24260,live,True,0,True,1,and are classification clinical correlate criteria decisions direct do how in npc or pathological prognosis radiological stages staging systems the these treatment used what with,none,0,,0.36666666666666664,0,0,fixed_anchor_dynamic,0.006656362990702478,0.006656362990702478,False,50
HPV,True,True,3,True,True,,484,13,True,topology_pl_fewa,globally_unpulled_topology_prior,HPV,28,30,0.08620689655172414,4.12706611570248,4.132231404958677,0,0.07115631233969792,0.07124536905101167,0.1473952184179457,0.14757969303423848,0.0,5,0,4.552361396303901,4.661965729079264,0.0073326772517486455,0,0.07848898959144657,0.08037871946688387,4.12706611570248,fewa(0.1093),0.008060676007231406,0.750523377529658,0.9474169741697417,0.3371634931057124,0.34115101110999496,0.34290680315567085,0.3633239529156389,1027,596,0.6751263808199304,0.9183359013867488,0.5059422750424448,0.7621558429536466,0.7711418409808064,0.6357598119281009,0.750523377529658,0.6013579767804912,0.6948108475918306,0.6375024383436307,1084,649,0.586469539050165,596,0.586469539050165,10,20,48,5,0.9936974789915967,0.33007676203768316,True,True,True,True,exploit,484,0.05462545201306751,0.10925090402613502,False,exploit,fewa(0.1093),1.0,0.17154045049621872,28,30,0,0,disabled,1,28,30,28,30,18972,live,True,0,True,1,are associated biomarkers direct evasion from genomic host hpv immune in infection integration malignancy mechanisms molecular or persistent progression sites the to what with,none,0,,0.25,0,0,fixed_anchor_dynamic,0.008060676007231406,0.008060676007231406,False,51
,,,0,False,,,487,,,topology_pl_fewa,mode_explore,,8,22,0.0,0,0,0,0.0,0.0,0.0,0.0,0.0,0,0,0,0,0.0,0,0.0,0.0,0,epsilon_sample(0.1071),,0.750523377529658,0.9474169741697417,0.3371634931057124,0.34115101110999496,0.34290680315567085,0.3633239529156389,1027,596,0.6751263808199304,0.9183359013867488,0.5059422750424448,0.7621558429536466,0.7711418409808064,0.6357598119281009,0.750523377529658,0.6013579767804912,0.6948108475918306,0.6375024383436307,1084,649,0.586469539050165,596,0.586469539050165,10,20,48,5,0.9936974789915967,0.33007676203768316,False,False,False,False,explore,487,0.05353294297280616,0.10706588594561232,False,explore,epsilon_sample(0.1071),1.0,0.138838970909465,8,22,0,0,disabled,1,8,19,8,19,20040,live,,0,False,1,after and are assessments cancer care during for interventions key life of patients plans psychosocial quality recommended support survivorship the treatment what,none,0,,0.42857142857142855,0,0,agea_dynamic,0.0,0.0,False,52
HEREDITARY GENE TESTING,True,True,3,True,True,,487,13,False,topology_pl_fewa,globally_unpulled_topology_prior,HEREDITARY GENE TESTING,54,46,0.12,10.409650924024643,11.21733763687497,0,0.10409650924024642,0.11217337636874969,0.19277131340786374,0.20772847475694386,0.0,12,0,11.119877049180326,11.714582353533997,0.007102261251556843,0,0.11119877049180327,0.11714582353533996,10.409650924024643,fewa(0.1049),0.02033134946098563,0.750523377529658,0.947992700729927,0.34110308601444517,0.3451686752648931,0.34696142765269633,0.36653430252546015,1039,596,0.6751263808199304,0.9183359013867488,0.5059422750424448,0.7621558429536466,0.7711418409808064,0.6357598119281009,0.750523377529658,0.6013579767804912,0.6948108475918306,0.6375024383436307,1096,649,0.5875803957558675,596,0.5875803957558675,10,20,48,5,0.9937759336099585,0.3342637822749477,True,True,True,True,exploit,487,0.052462284113350036,0.10492456822670007,False,exploit,fewa(0.1049),0.75,0.09461913817350323,54,46,0,0,disabled,1,54,19,54,19,26460,live,True,0,True,1,clinical coverage direct ethical frameworks gene govern guidelines hereditary insurance of or policies testing the use what,none,0,,0.391304347826087,0,0,fixed_anchor_dynamic,0.02033134946098563,0.02033134946098563,False,53
BLOOD UREA NITROGEN,True,True,3,True,True,,488,13,False,topology_pl_fewa,globally_unpulled_topology_prior,BLOOD UREA NITROGEN,66,55,0.2892561983471074,15.644467213114762,18.47201588114755,0.867827868852459,0.13646524861129936,0.15983341942148765,0.23703738201689034,0.27987902850223556,0.015778688524590162,29,6,24.3949494949495,26.79565554535251,0.08134091217006809,1.9595959595959596,0.21780616078136744,0.23764670665246668,16.51229508196722,fewa(0.1028),0.03225057633196723,0.7548848569434752,0.9493333333333334,0.350623768877216,0.3544304496278533,0.35585770233671854,0.3711482567532432,1068,602,0.6811419841012042,0.9190839694656489,0.5110356536502547,0.7660380992679257,0.7745974144707918,0.6403838056783117,0.7548848569434752,0.607909385266661,0.6993183635570616,0.6408127237076904,1125,655,0.593757872256221,602,0.593757872256221,10,20,48,5,0.9939455095862765,0.34368457780879275,True,True,True,True,exploit,488,0.05141303843108303,0.10282607686216606,False,exploit,fewa(0.1028),0.6666666666666666,0.0571228749895696,66,55,0,0,disabled,1,66,19,66,19,19257,live,True,0,True,1,a are as associated biomarker blood clinical conditions criteria diagnostic direct guidelines interpretation laboratory nitrogen or urea what with,none,0,,0.2962962962962963,0,0,fixed_anchor_dynamic,0.03225057633196723,0.03225057633196723,False,54
OVARIAN CANCER,True,True,14,True,True,,495,14,True,topology_pl_fewa,globally_unpulled_topology_prior,OVARIAN CANCER,21,23,0.29545454545454547,8.562626262626262,8.836225895316804,0.0,0.19460514233241505,0.20082331580265464,0.4077441077441077,0.4207726616817526,0.0,9,4,8.635353535353536,8.911883481277421,0.0016528925619835044,0.0,0.19625803489439855,0.20254280639266867,8.562626262626262,fewa(0.1008),0.016723879419191918,0.7573272854152129,0.9497354497354498,0.3535784635587656,0.357485496604983,0.35900717861438763,0.3753574773375299,1077,606,0.6845639967878225,0.9195751138088012,0.5144312393887945,0.76815194500965,0.7764616054324943,0.643279468789646,0.7573272854152129,0.612182686981018,0.7020078351193108,0.6442607078601057,1134,659,0.5887373332106574,606,0.5887373332106574,10,20,48,5,0.9939759036144579,0.34542916957431963,True,True,True,True,exploit,495,0.050384777662461376,0.10076955532492275,False,exploit,fewa(0.1008),0.6666666666666666,0.07236731360071835,21,23,0,0,disabled,1,21,19,21,19,26399,live,True,0,True,1,are associated cancer clinical diagnostic direct guidelines imaging options or ovarian protocols surgical treatment what with,none,0,,0.34615384615384615,0,0,fixed_anchor_dynamic,0.016723879419191918,0.016723879419191918,False,55
FATIGUE,True,True,4,True,True,,495,14,False,topology_pl_fewa,globally_unpulled_topology_prior,FATIGUE,61,59,0.35833333333333334,24.086868686868687,26.16373329252117,2.753535353535354,0.22367003367003369,0.2409772387171377,0.3948666997847326,0.4289136605331339,0.04667009073788736,33,10,30.145256916996043,31.65646627817963,0.056427133655394424,3.466403162055336,0.2800971673254281,0.2926905786686247,26.840404040404042,fewa(0.0988),0.052422664141414145,0.7620376831821354,0.9511568123393316,0.36441234405778067,0.36840544783711565,0.3698366032722064,0.3836781941900988,1110,616,0.6915993582428304,0.9207772795216741,0.5229202037351444,0.7727998132390295,0.7810311466922775,0.6505114448638372,0.7620376831821354,0.6199642434996915,0.7080121055069558,0.6491567115842312,1167,669,0.6005271499607403,616,0.6005271499607403,10,20,48,5,0.9941520467836257,0.3558967201674808,True,True,True,True,exploit,495,0.04937708210921214,0.09875416421842428,False,exploit,fewa(0.0988),0.6666666666666666,0.10126464250473174,61,59,0,0,disabled,1,61,18,61,18,19117,live,True,0,True,1,are associated clinical conditions criteria diagnostic direct fatigue or protocols treatment what with,none,0,,0.5263157894736842,0,0,fixed_anchor_dynamic,0.052422664141414145,0.052422664141414145,False,56
CYTOLOGY,True,True,3,True,True,,506,14,False,topology_pl_fewa,globally_unpulled_topology_prior,CYTOLOGY,41,47,0.022727272727272728,1.1353754940711462,1.3156479948132294,0,0.01290199425080848,0.01495054539560488,0.02769208522124747,0.032088975483249495,0.0,2,0,1.6976284584980237,1.8954092393257198,0.006389238232123609,0,0.01929123248293209,0.021538741355974087,1.1353754940711462,fewa(0.0968),0.0022175302618577075,0.7620376831821354,0.951240376390077,0.3650689428759028,0.36907464199795254,0.37049924929622347,0.38407658696598607,1112,616,0.6915993582428304,0.9207772795216741,0.5229202037351444,0.7727998132390295,0.7810311466922775,0.6505114448638372,0.7620376831821354,0.6199642434996915,0.7080121055069558,0.6491567115842312,1169,669,0.6045536999996184,616,0.6045536999996184,10,20,48,5,0.9941634241245136,0.35659455687369157,True,True,True,True,exploit,506,0.0483895404670279,0.0967790809340558,False,exploit,fewa(0.0968),0.6666666666666666,0.1317673867707989,41,47,0,0,disabled,1,41,19,41,19,20731,live,True,0,True,1,are associated clinical conditions criteria cytology diagnostic direct guidelines interpretation laboratory or what with,none,0,,0.65,0,0,fixed_anchor_dynamic,0.0022175302618577075,0.0022175302618577075,False,57
PLATINUM-BASED CHEMOTHERAPY,True,True,4,True,True,,506,15,True,topology_pl_fewa,globally_unpulled_topology_prior,PLATINUM-BASED CHEMOTHERAPY,27,30,0.3684210526315789,11.00296442687747,11.306420776765767,0.6195652173913043,0.20390402884682063,0.209227824458896,0.4075172009954619,0.4187563250653988,0.020652173913043477,18,3,15.976608187134504,16.996363553458043,0.08715988825587767,0.6140350877192982,0.2910639171026983,0.30895436212591826,11.622529644268775,fewa(0.0948),0.022700253211462452,0.7643056524773203,0.9519797809604044,0.37097833223900195,0.3750107089401397,0.37637729495744854,0.3891301370958489,1130,619,0.6944181392055255,0.9211309523809523,0.5254668930390493,0.7747126766832082,0.7826528412687179,0.6525473143549112,0.7643056524773203,0.6231940301160365,0.7102308381178716,0.6515857170860566,1187,672,0.6139613305348729,619,0.6139613305348729,10,20,48,5,0.9942583732057416,0.3625261688764829,True,True,True,True,exploit,506,0.04742174965768734,0.09484349931537468,False,exploit,fewa(0.0948),0.5,0.1343477856209606,27,30,0,0,disabled,1,27,19,27,19,24750,live,True,0,True,1,are associated based chemotherapy clinical conditions criteria diagnostic direct or platinum protocols treatment what with,none,0,,0.75,0,0,fixed_anchor_dynamic,0.022700253211462452,0.022700253211462452,False,58
TECHNOLOGIST,True,True,2,True,True,,513,15,False,topology_pl_fewa,globally_unpulled_topology_prior,TECHNOLOGIST,54,49,0.20388349514563106,15.630604288499024,16.62493682766587,0.6140350877192982,0.15771494540017789,0.16736865937267154,0.28945563497220417,0.3078692005123309,0.012531328320802003,18,3,17.1042471042471,17.621193966995126,0.014334010629360627,0.6167953667953668,0.1720489560295385,0.1770678576096164,16.244639376218323,fewa(0.0929),0.03172781128167641,0.7677948360083741,0.9526970954356846,0.3768877216021011,0.3810832598137816,0.38254316890087015,0.3947329485827009,1148,622,0.6978965526223909,0.9214814814814815,0.5280135823429541,0.77786154597258,0.7854532611723843,0.654794134435743,0.7677948360083741,0.6263993767052455,0.7130612128448717,0.6581630756243402,1205,675,0.6145908198762495,622,0.6145908198762495,10,20,48,5,0.9943555973659455,0.36880669923237963,True,True,True,True,exploit,513,0.04647331466453359,0.09294662932906718,False,exploit,fewa(0.0929),0.5,0.15430928954227544,54,49,0,0,disabled,1,54,49,54,49,36174,live,True,0,True,4,1 59 absent additional and directly diversification earlier entities expansion fallback focused for from medical named only perform relationship relationships retrieve round supported technologist turn turns,similarity_exhausted,0,,0.8571428571428571,4,4,diversified_fallback,0.03172781128167641,0.03172781128167641,False,59
HIGH-GRADE CANCER,True,True,2,True,True,,518,15,False,topology_pl_fewa,globally_unpulled_topology_prior,HIGH-GRADE CANCER,8,25,0.36363636363636365,5.632239382239383,5.866584800465109,1.0144787644787645,0.20141570141570142,0.2085170777255719,0.7040299227799228,0.7333231000581386,0.04057915057915058,7,5,6.145873320537429,6.53617268577702,0.034348853926589096,1.6343570057581576,0.23576455534229052,0.24759180883439932,6.646718146718147,fewa(0.0911),0.01298187138030888,0.7702372644801116,0.9529702970297029,0.37918581746552854,0.3833970822028526,0.3848996675781724,0.39702516324558756,1155,626,0.700995385640284,0.9205882352941176,0.5314091680814941,0.7798919500238551,0.7871355798451404,0.6572040933713514,0.7702372644801116,0.6302601603858248,0.7155830194842163,0.6631646736608515,1212,680,0.6142565943504938,626,0.6142565943504938,10,20,48,5,0.994392523364486,0.3712491277041172,True,True,True,True,exploit,518,0.04554384837124292,0.09108769674248585,False,exploit,fewa(0.0911),,0.1585592289000511,8,25,0,0,disabled,1,8,21,8,21,22838,live,True,0,True,1,are associated cancer clinical conditions criteria diagnostic direct grade high or protocols treatment what with,none,0,,0.75,0,0,fixed_anchor_dynamic,0.01298187138030888,0.01298187138030888,False,60
,,,0,False,,,521,,,topology_pl_fewa,mode_explore,,50,52,0.4117647058823529,28.768714011516302,29.555770867333965,2.656429942418426,0.3080896466072032,0.3158058902916901,0.575374280230326,0.5911154173466793,0.051085191200354346,31,11,30.339887640449444,30.664468746931508,0.014264763321562346,2.540262172284644,0.3223544099287656,0.32553657763937405,31.42514395393473,epsilon_sample(0.0893),,0.776168876482903,0.9541432019308126,0.38936309914642153,0.393763097883171,0.3955372575855559,0.4086828559747607,1186,637,0.7080084518995867,0.9218523878437048,0.5407470288624788,0.7857601457359458,0.7928867080590732,0.6643828680125937,0.776168876482903,0.6378580463975383,0.7221900317003417,0.67014105798246,1243,691,0.6131931277340296,637,0.6131931277340296,10,20,48,5,0.9945305378304466,0.38066992323796234,True,True,True,True,explore,521,0.04463297140381806,0.08926594280763613,False,explore,epsilon_sample(0.0893),,0.15992134071670844,50,52,0,0,disabled,1,50,20,50,20,40280,live,,0,False,1,and are cancer contributors development do factors genetic how influence interact key lifestyle of predispositions preventive prostate recommendations risk screening that the they what with,none,0,,0.3939393939393939,0,0,agea_dynamic,0.06137723428502877,0.06137723428502877,False,61
,,,0,False,,,534,,,topology_pl_fewa,mode_explore,,15,25,0.325,6.799625468164795,7.343042054173855,0.41198501872659177,0.18029026217228467,0.19387567682251117,0.45330836454431966,0.4895361369449237,0.01647940074906367,9,4,8.002798507462687,8.57252537452662,0.03004089454413328,0.41044776119402987,0.21033115671641794,0.22457432839301625,7.211610486891386,epsilon_sample(0.0875),,0.7775645498953245,0.9544728434504792,0.3923177938279711,0.3967050718694399,0.3984527780007612,0.4111714874201208,1195,641,0.7097204366071133,0.9223021582733812,0.5441426146010186,0.7869795577797644,0.7939476297445951,0.6663477822667135,0.7775645498953245,0.6402731654426885,0.7238971812521503,0.6728932261200956,1252,695,0.6155603020752909,641,0.6155603020752909,10,20,48,5,0.9945701357466064,0.3834612700628053,True,True,True,True,explore,534,0.0437403119757417,0.0874806239514834,False,explore,epsilon_sample(0.0875),0.5,0.1768052633041423,15,25,0,0,disabled,1,15,20,15,20,22073,live,,0,False,1,and are associated cancer common complications different effects for how long managed modalities prostate side term the these treatment what with,none,0,,0.6,0,0,agea_dynamic,0.014085176732209739,0.014085176732209739,False,62
PREGNANCY,True,True,16,True,True,,536,16,True,topology_pl_fewa,globally_unpulled_topology_prior,PREGNANCY,59,61,0.4166666666666667,26.116604477611936,29.02500730953442,4.914179104477613,0.25858986318407956,0.28282655345010027,0.4426543131798633,0.4919492764327868,0.0805603131881576,35,15,32.192028985507264,33.59745441477631,0.055155607830413345,5.457427536231883,0.3137454710144929,0.32545734959173495,31.030783582089548,fewa(0.0857),0.06060699918376865,0.78506629448709,0.9557109557109557,0.40380827314510837,0.40837252013160963,0.41024702259497636,0.4196501956905673,1230,656,0.7208262093152131,0.923943661971831,0.5568760611205433,0.794276791092442,0.8010547224644426,0.6776538988849189,0.78506629448709,0.6534219000417686,0.7332931616569984,0.6828892176880262,1287,710,0.61713638528394,656,0.61713638528394,10,20,48,5,0.9947368421052631,0.3956734124214934,True,True,True,True,exploit,536,0.04286550573622686,0.08573101147245372,False,exploit,fewa(0.0857),1.0,0.21028291688843756,59,61,0,0,disabled,1,59,19,59,19,17488,live,True,0,True,2,are associated clinical conditions criteria diagnostic direct or pregnancy protocols the treatment what with,none,0,,0.8571428571428571,1,1,fixed_anchor_dynamic,0.06060699918376865,0.06060699918376865,False,63
TNM SCORES,True,True,4,True,True,,552,16,False,topology_pl_fewa,globally_unpulled_topology_prior,TNM SCORES,29,33,0.1774193548387097,6.9375,7.735194647920604,0.0,0.11189516129032258,0.12476120399871943,0.23922413793103448,0.2667308499282967,0.0,9,2,8.142210144927535,8.66523741073304,0.019430808789153806,0.0,0.13132597007947638,0.13976189372150064,6.9375,fewa(0.0840),0.0135498046875,0.7854152128401954,0.9560185185185185,0.40676296782665794,0.41137839806862847,0.4132449540771943,0.4221723954382757,1239,658,0.7210945589956913,0.9241573033707865,0.5585738539898133,0.7946789390118515,0.8015094031868092,0.6785708588701749,0.7854152128401954,0.6539225502946118,0.7338826074991864,0.6837179111286691,1296,712,0.6231593479924502,658,0.6231593479924502,10,20,48,5,0.9947780678851175,0.39881367759944175,True,True,True,True,exploit,552,0.04200819562150233,0.08401639124300465,False,exploit,fewa(0.0840),1.0,0.22122008375588936,29,33,0,0,disabled,1,29,33,29,33,31095,live,True,0,True,1,are associated clinical conditions criteria diagnostic direct or protocols scores the tnm treatment what with,none,0,,0.8125,0,0,fixed_anchor_dynamic,0.0135498046875,0.0135498046875,False,64
BLACK MALES,True,True,2,True,True,,552,16,False,topology_pl_fewa,globally_unpulled_topology_prior,BLACK MALES,38,41,0.2911392405063291,11.190217391304346,11.877614012287331,1.4918478260869565,0.16053247110621902,0.16923369415663655,0.2944794050343249,0.31256878979703506,0.036386532343584306,14,9,13.033928571428568,13.409421237244898,0.032629825457976214,2.225892857142857,0.19316229656419523,0.19791536828338932,12.682065217391303,fewa(0.0823),0.02476965862771739,0.7939637124912771,0.9564885496183206,0.4113591595535128,0.41600607824088687,0.41782334668901155,0.4251037152574737,1253,667,0.7313233135967602,0.9251040221914009,0.566213921901528,0.8020176377087748,0.807833434662581,0.6852863653047958,0.7939637124912771,0.6645450748161057,0.7417452529435387,0.691071805092663,1310,721,0.6173779347005316,667,0.6173779347005316,10,20,48,5,0.9948364888123924,0.4033496161898116,True,True,True,True,exploit,552,0.041168031709072274,0.08233606341814455,False,exploit,fewa(0.0823),1.0,0.21205612693391823,38,41,0,0,disabled,1,38,19,38,19,22692,live,True,0,True,1,are associated black clinical conditions criteria diagnostic direct males or protocols treatment what with,none,0,,0.8,0,0,fixed_anchor_dynamic,0.02476965862771739,0.02476965862771739,False,65
FOLLOW-UP AND SURVEILLANCE,True,True,8,True,True,,560,17,True,topology_pl_fewa,globally_unpulled_topology_prior,FOLLOW-UP AND SURVEILLANCE,56,51,0.4672897196261682,29.66785714285716,31.283674266581617,3.457142857142857,0.3095794392523366,0.3246805338665839,0.5297831632653064,0.5586370404746718,0.06778711484593837,35,15,33.692708333333336,34.25166904779128,0.04685877466251287,4.446180555555556,0.3564382139148495,0.3616621458256714,33.125000000000014,fewa(0.0807),0.06469726562500003,0.802861130495464,0.9576208178438662,0.42284963887065,0.4277504529693953,0.429854141568171,0.43563099430030455,1288,682,0.7437008265868253,0.9266304347826086,0.5789473684210527,0.8107457577501119,0.8163469867338006,0.6971201344949571,0.802861130495464,0.6780137515885999,0.7522932129685292,0.6999975313863456,1345,736,0.6218404075699672,682,0.6218404075699672,10,20,48,5,0.9949832775919732,0.4152128401953943,True,True,True,True,exploit,560,0.040344671074890835,0.08068934214978167,False,exploit,fewa(0.0807),1.0,0.20387948087202182,56,51,0,0,disabled,1,56,19,56,19,30042,live,True,0,True,1,and are associated clinical conditions criteria diagnostic direct follow or protocols surveillance treatment up what with,none,0,,0.7058823529411765,0,0,fixed_anchor_dynamic,0.06469726562500003,0.06469726562500003,False,66
TESTING FOR NPC,True,True,11,True,True,,576,17,False,topology_pl_fewa,globally_unpulled_topology_prior,TESTING FOR NPC,47,49,0.09375,7.958333333333334,8.511622299382717,0,0.08289930555555557,0.08866273228523663,0.16932624113475178,0.18109834679537695,0.0,9,0,8.323784722222223,8.819968894675926,0.00380678530092593,0,0.0867060908564815,0.09187467598620756,7.958333333333334,fewa(0.0791),0.015543619791666668,0.802861130495464,0.9579025110782866,0.4258043335521996,0.4307811025051564,0.4329050297915989,0.43847405801354566,1297,682,0.7437008265868253,0.9266304347826086,0.5789473684210527,0.8107457577501119,0.8163469867338006,0.6971201344949571,0.802861130495464,0.6780137515885999,0.7522932129685292,0.6999975313863456,1354,736,0.6241361398984832,682,0.6241361398984832,10,20,48,5,0.9950124688279302,0.4176552686671319,True,True,True,True,exploit,576,0.039537777653393016,0.07907555530678603,False,exploit,fewa(0.0791),1.0,0.2041774394010485,47,49,0,0,disabled,1,47,20,47,20,25175,live,True,0,True,1,are associated clinical conditions criteria diagnostic direct for npc or protocols testing treatment what with,none,0,,0.75,0,0,fixed_anchor_dynamic,0.015543619791666668,0.015543619791666668,False,67
SURVIVORSHIP CARE FOR HEALTHY LIVING,True,True,1,True,True,,576,17,False,topology_pl_fewa,globally_unpulled_topology_prior,SURVIVORSHIP CARE FOR HEALTHY LIVING,9,50,0.423728813559322,0.7621527777777778,0.9275309244791666,0.0,0.012917843691148775,0.015720863126765537,0.08468364197530864,0.1030589916087963,0.0,1,24,0.7899305555555556,0.9431061921296297,0.0004708097928436926,0.0,0.013388653483992468,0.01598485071406152,0.7621527777777778,fewa(0.0775),0.0014885796440972222,0.802861130495464,0.9579335793357934,0.4261326329612607,0.431117296855279,0.43324459391030873,0.43864463127217745,1298,682,0.7437008265868253,0.8973684210526316,0.5789473684210527,0.8107457577501119,0.8163469867338006,0.6971201344949571,0.802861130495464,0.6780137515885999,0.7522932129685292,0.6999975313863456,1355,760,0.6242377799939423,682,0.6242377799939423,10,20,48,5,0.9950166112956811,0.4180041870202373,True,True,True,True,exploit,576,0.03874702210032515,0.0774940442006503,False,exploit,fewa(0.0775),1.0,0.1846992480777027,9,50,0,0,disabled,1,9,50,9,50,39606,live,True,0,True,1,are associated care clinical conditions criteria diagnostic direct for healthy living or protocols survivorship treatment what with,none,0,,0.6842105263157895,0,0,fixed_anchor_dynamic,0.0014885796440972222,0.0014885796440972222,False,68
NEUROSURGEON,True,True,15,True,True,,576,18,True,topology_pl_fewa,globally_unpulled_topology_prior,NEUROSURGEON,69,46,0.06086956521739131,4.283854166666667,4.294609917534722,0.4765625,0.04139492753623188,0.04148845580464976,0.06208484299516909,0.06224072344253221,0.010360054347826086,5,2,4.523316062176166,4.671886791890014,0.005755331531125625,0.8989637305699482,0.04715025906735751,0.04844217845617358,4.760416666666667,fewa(0.0759),0.009297688802083334,0.8053035589672016,0.9580882352941177,0.427774130006566,0.4327985701486468,0.4349791942578392,0.4419531745945166,1303,684,0.7464749213779419,0.8976377952755905,0.5806451612903226,0.8131551993258554,0.8186892813641734,0.699208962260598,0.8053035589672016,0.6804910816119143,0.7546397109065065,0.7021221570861693,1360,762,0.6207952184571732,684,0.6207952184571732,10,20,48,5,0.9950372208436724,0.4197487787857641,True,True,True,True,exploit,576,0.03797208165831865,0.0759441633166373,False,exploit,fewa(0.0759),1.0,0.13556484417911652,69,46,0,0,disabled,1,69,44,69,44,36118,live,True,0,True,4,1 69 absent additional and directly diversification earlier entities expansion fallback focused for from medical named neurosurgeon only perform relationship relationships retrieve round supported turn turns,similarity_exhausted,0,,0.8571428571428571,4,4,diversified_fallback,0.009297688802083334,0.009297688802083334,False,69
,,,0,False,,,579,,,topology_pl_fewa,mode_explore,,39,65,0.33653846153846156,4.77720207253886,5.349978075474061,0.6113989637305699,0.05181347150259067,0.0573209330692753,0.12249236083432975,0.1371789250121554,0.009406137903547229,8,27,7.312178387650086,7.548359905733931,0.02438391601555156,0.6123499142367067,0.07619738751814223,0.07846836365356383,5.38860103626943,epsilon_sample(0.0744),,0.8063503140265178,0.9583333333333334,0.4304005252790545,0.4354022131641802,0.437565986083516,0.44366895629168185,1311,687,0.7480101164719293,0.870722433460076,0.5831918505942275,0.8141260702869739,0.8195986428089064,0.7010428822311099,0.8063503140265178,0.6827536356391863,0.7560627590530014,0.7036920884928441,1368,789,0.6228362557265512,687,0.6228362557265512,10,20,48,5,0.9950698438783895,0.4225401256106071,True,True,True,True,explore,579,0.037212640025152274,0.07442528005030455,False,explore,epsilon_sample(0.0744),1.0,0.12146479742829837,39,65,0,0,disabled,1,39,45,39,45,35621,live,,0,False,1,and are biomarkers genetic in influence key molecular mutations oncology prognosis selection subtypes that the treatment what,none,0,,0.46153846153846156,0,0,agea_dynamic,0.01052461139896373,0.01052461139896373,False,70
GERMLINE MUTATION,True,True,7,True,True,,583,18,False,topology_pl_fewa,globally_unpulled_topology_prior,GERMLINE MUTATION,30,35,0.15384615384615385,5.270154373927959,5.987948271347411,0.20411663807890223,0.08421955403087479,0.09526253706809712,0.17567181246426528,0.19959827571158034,0.005831903945111493,7,3,6.023116438356164,6.569281144445487,0.011578654609799593,0.20376712328767124,0.09579820864067438,0.10420074258051013,5.474271012006861,fewa(0.0729),0.0106919355703259,0.8089672016748081,0.9578181818181818,0.4323703217334209,0.43738895802208566,0.4394942524385264,0.44447972259307134,1317,690,0.7512209896141442,0.8712121212121212,0.5857385398981324,0.8171110599843042,0.8229387973462909,0.7065176727313142,0.8089672016748081,0.684918429557915,0.7600026652294909,0.7088258478792933,1375,792,0.6231403474859641,690,0.6231403474859641,10,20,49,5,0.9950940310711366,0.42463363572923934,True,True,True,True,exploit,583,0.03646838722464923,0.07293677444929846,False,exploit,fewa(0.0729),1.0,0.09972099750757271,30,35,0,0,disabled,1,30,20,30,20,26099,live,True,0,True,1,a and are associated by cancer carriers caused conditions directly for germline hereditary implications indicated mutation or pharmacogenomic predisposition specific strategies surveillance syndromes targeted therapies tumor what with,none,0,,0.2222222222222222,0,0,fixed_anchor_dynamic,0.0106919355703259,0.0106919355703259,False,71
EXTRAFASCIAL HYSTERECTOMY WITH LYMPH NODE EVALUATION,True,True,2,True,True,,584,18,False,topology_pl_fewa,globally_unpulled_topology_prior,EXTRAFASCIAL HYSTERECTOMY WITH LYMPH NODE EVALUATION,42,37,0.6835443037974683,24.935787671232884,26.622743772283744,4.351027397260275,0.3707191780821919,0.3920730527790382,0.5937092302674496,0.6338748517210415,0.1175953350610885,39,15,34.767886855241265,37.332849992109665,0.13479905102962597,5.168053244592347,0.5055182291118179,0.5379861169202786,29.28681506849316,fewa(0.0715),0.0572008106806507,0.8217027215631543,0.958981612446959,0.44517399868680235,0.4503290485866681,0.4522667469208,0.4537112995989199,1356,705,0.768880262651524,0.8736059479553904,0.5984719864176571,0.8296291456717799,0.8351583417598902,0.7211854904588358,0.8217027215631543,0.7022197469494381,0.7740012648237283,0.7218681593128845,1414,807,0.6406973369794967,705,0.6406973369794967,10,20,49,5,0.9952456418383518,0.43824145150034893,True,True,True,True,exploit,584,0.035739019480156245,0.07147803896031249,False,exploit,fewa(0.0715),1.0,0.05464902046328034,42,37,0,0,disabled,1,42,20,42,20,28240,live,True,0,True,1,additional adjuvant and are associated cancer directly e entities evaluation extrafascial g hysterectomy linked lymph named node oncologic or outcomes patterns procedure rates recurrence specific staging survival systems the therapies this to types what which with,none,0,,0.20930232558139536,0,0,fixed_anchor_dynamic,0.0572008106806507,0.0572008106806507,False,72
BREAST CANCER SCREENING,True,True,12,True,True,,601,19,True,topology_pl_fewa,globally_unpulled_topology_prior,BREAST CANCER SCREENING,33,31,0.078125,1.9226289517470883,1.9381417825532044,0.0,0.030041077371048254,0.030283465352393818,0.0582614833862754,0.05873156916827892,0.0,2,3,1.9317803660565724,1.970317081071204,0.0001429908485856904,0.0,0.030184068219633944,0.030786204391737564,1.9226289517470883,fewa(0.0700),0.0037551346713810317,0.8217027215631543,0.9590395480225988,0.4458305975049245,0.4510034022271694,0.4529632730501445,0.45435980169814905,1358,705,0.768880262651524,0.8703703703703703,0.5984719864176571,0.8296291456717799,0.8351583417598902,0.7211854904588358,0.8217027215631543,0.7022197469494381,0.7740012648237283,0.7218681593128845,1416,810,0.6407027000357208,705,0.6407027000357208,10,20,49,5,0.995253164556962,0.43893928820655964,True,True,True,True,exploit,601,0.03502423909055312,0.07004847818110624,False,exploit,fewa(0.0700),,0.11221299496860762,33,31,0,0,disabled,1,33,31,33,31,29258,live,True,0,True,1,and are associated beyond breast cancer clinical diagnostic directly exam examination imaging mammography modalities mri or procedures screening specific techniques ultrasound what with,none,0,,0.3,0,0,fixed_anchor_dynamic,0.0037551346713810317,0.0037551346713810317,False,73
STAGE 1A1 CERVICAL CANCER,True,True,3,True,True,,601,19,False,topology_pl_fewa,globally_unpulled_topology_prior,STAGE 1A1 CERVICAL CANCER,46,33,0.3037974683544304,14.06988352745424,15.468469771678373,0.8153078202995008,0.1884201436424524,0.2061237669870617,0.30586703320552694,0.3362710819930081,0.024706297584833357,21,3,18.79324546952224,20.204547305054437,0.059624817048223894,0.8023064250411861,0.2480449606906763,0.2659095408872864,14.88519134775374,fewa(0.0686),0.029072639351081522,0.8225750174459177,0.9596381350034795,0.4527248850952068,0.45791928064500526,0.4598090382964206,0.4629250236495833,1379,708,0.7697150965332997,0.8708487084870848,0.601018675721562,0.8303989426731939,0.83584036284344,0.7225609304367198,0.8225750174459177,0.7037453971282206,0.7751295900491292,0.7231618214779267,1437,813,0.6495614345464327,708,0.6495614345464327,10,20,49,5,0.9953307392996109,0.4462665736217725,True,True,True,True,exploit,601,0.03432375430874205,0.0686475086174841,False,exploit,fewa(0.0686),,0.1156376417045875,46,33,0,0,disabled,1,46,33,46,33,29579,live,True,0,True,1,1a1 are cancer cervical conization directly electrosurgical excision for including indicated leep loop of or procedure procedures radical specific stage surgical the trachelectomy treatment what,none,0,,0.25,0,0,fixed_anchor_dynamic,0.029072639351081522,0.029072639351081522,False,74
STAGE 1A1 CERVICAL CANCER,True,True,3,True,True,,607,19,False,topology_pl_fewa,fewa_filtered_least_pulled,STAGE 1A1 CERVICAL CANCER,26,27,0.1509433962264151,3.9835255354200987,3.9859580294694785,0.39373970345963755,0.08258991016754219,0.08263580628168143,0.15321252059308071,0.1533060780565184,0.014582951979986577,4,4,3.9901639344262296,3.992747917226552,0.00015057854263410275,0.3950819672131147,0.0827404887101763,0.08278924310263522,4.377265238879736,fewa(0.0673),0.008549346169686984,0.8232728541521284,0.9597501734906315,0.4540380827314511,0.4592775329381953,0.4612246772919946,0.4662760268304884,1383,712,0.76989481598755,0.8714810281517748,0.6044142614601019,0.8312032385120129,0.836749724288173,0.7243948504072316,0.8232728541521284,0.704746697633907,0.7763084817335053,0.7247328320462423,1441,817,0.6500089536961695,712,0.6500089536961695,10,20,49,5,0.9953452288595811,0.447662247034194,True,True,True,True,exploit,607,0.033637279222567214,0.06727455844513443,False,exploit,fewa(0.0673),,0.14504268492583158,26,27,0,0,disabled,1,26,20,26,20,19373,live,True,0,True,1,1a1 and are associated cancer cervical depth diagnosis features histopathologic including invasion lvsi lymphovascular of prognosis space specific stage stromal the what with,none,0,,0.2631578947368421,0,0,fixed_anchor_dynamic,0.008549346169686984,0.008549346169686984,False,75
TREATMENT TEAM,True,True,0,True,False,,610,20,True,topology_pl_fewa,globally_unpulled_topology_prior,TREATMENT TEAM,13,27,0.625,6.736065573770491,6.83015923138941,1.5950819672131147,0.20827868852459014,0.2106310299650631,0.5181588902900377,0.5253968639530315,0.059077109896782026,13,12,10.483118971061092,11.297816012034614,0.11776632755258026,2.558681672025724,0.3260450160771704,0.34641244210150846,8.331147540983606,fewa(0.0659),0.0,0.829030006978367,0.9601100412654745,0.4583059750492449,0.4632054771022809,0.4650476351228618,0.4680409553307068,1396,724,0.7778217623149184,0.873341375150784,0.6146010186757216,0.8366992498725145,0.8420380941185546,0.7328296914144623,0.829030006978367,0.7141427771573114,0.7834026179804283,0.73104893223076,1454,829,0.6508230939936551,724,0.6508230939936551,10,20,49,5,0.9953917050691244,0.4521981856245639,True,True,True,True,exploit,610,0.03296453363811587,0.06592906727623174,False,exploit,fewa(0.0659),,0.1511979726588219,13,27,0,0,disabled,1,13,20,13,20,15989,live,True,0,True,1,and are beyond biopsy by care central chemotherapy clinical coordinating directly for in lymphoma nervous or patients performed primary responsibilities roles specific system tasks team the treatment what with,none,0,,0.25,0,0,fixed_anchor_dynamic,0.016271772540983605,0.016271772540983605,True,76
TESTING,False,True,0,True,False,,622,20,False,topology_pl_fewa,globally_unpulled_topology_prior,TESTING,0,1,1.0,0,0,0.0,0.0,0.0,0.0,0.0,0.0,0,1,0,0,0.0,0.0,0.0,0.0,0.0,fewa(0.0646),0.0,0.829030006978367,0.9601100412654745,0.4583059750492449,0.4632054771022809,0.4650476351228618,0.4680409553307068,1396,724,0.7778217623149184,0.8722891566265061,0.6146010186757216,0.8366992498725145,0.8420380941185546,0.7328296914144623,0.829030006978367,0.7141427771573114,0.7834026179804283,0.73104893223076,1454,830,0.6508230939936551,724,0.6508230939936551,10,20,49,5,0.9953917050691244,0.4521981856245639,True,False,False,False,exploit,622,0.03230524296535355,0.0646104859307071,False,exploit,fewa(0.0646),,0.176009799557565,0,1,0,0,disabled,1,0,1,0,1,20821,live,True,0,True,1,assays assessment clinical connect diagnostic direct laboratory methods or procedures relationships specific testing to what,none,0,,0.2608695652173913,0,0,fixed_anchor_dynamic,0.0,0.0,True,77
BREASTFEEDING,True,True,3,True,True,,622,20,False,topology_pl_fewa,globally_unpulled_topology_prior,BREASTFEEDING,44,43,0.19540229885057472,6.977491961414792,8.421641241302304,0.8593247588424437,0.09007835310640501,0.1066777701166063,0.15857936275942708,0.19140093730232507,0.019984296717266134,14,3,10.38658146964856,11.984902111892536,0.03886476319486924,0.8314696485623003,0.12894311630127425,0.1473146179362625,7.836816720257236,fewa(0.0633),0.015306282656752414,0.8297278436845779,0.9604904632152589,0.4629021667760998,0.4673400945012144,0.46884358043731955,0.4701110804970906,1410,727,0.7788137082461187,0.8727490996398559,0.6171477079796265,0.8373857593127785,0.8427201152021043,0.7342051313923461,0.8297278436845779,0.7152810899363352,0.7844088649747697,0.7321522776778485,1468,833,0.654221927969672,727,0.654221927969672,10,20,49,5,0.9954407294832827,0.45708304256803906,True,True,True,True,exploit,622,0.03165913810604648,0.06331827621209296,False,exploit,fewa(0.0633),,0.10186596394112661,44,43,0,0,disabled,1,44,43,44,43,23289,live,True,0,True,1,are associated breastfeeding directly health hormonal infant mechanisms or outcomes pathways physiological specific what with,none,0,,0.30434782608695654,0,0,fixed_anchor_dynamic,0.015306282656752414,0.015306282656752414,False,78
MRI,True,True,23,True,True,,626,21,True,topology_pl_fewa,globally_unpulled_topology_prior,MRI,38,73,0.45045045045045046,13.416932907348244,13.840792750768099,0.0,0.12087326943556977,0.12469182658349638,0.3530771817723222,0.36423138817810785,0.0,15,35,14.112261146496817,14.768870567771513,0.006264218370707855,0.0,0.12713748780627762,0.13305288799794157,13.416932907348244,fewa(0.0621),0.02620494708466454,0.8299023028611305,0.9527983816587997,0.463887065003283,0.4683454533491333,0.46984685887165584,0.4706136597370287,1413,728,0.7790757543599867,0.8387096774193549,0.6179966044142614,0.8375868332724833,0.8429474555632875,0.734663611384974,0.8299023028611305,0.7155314150627569,0.7847035878958638,0.7325099829669869,1483,868,0.6611678306344688,728,0.6611678306344688,10,20,49,5,0.9946969696969697,0.4581297976273552,True,True,True,True,exploit,626,0.03102595534392555,0.0620519106878511,False,exploit,fewa(0.0621),,0.11387341908819795,38,73,0,0,disabled,1,38,55,38,55,28835,live,True,0,True,1,agents connect considerations contrast direct imaging mri or protocols relationships safety specific to what,none,0,,0.3181818181818182,0,0,fixed_anchor_dynamic,0.02620494708466454,0.02620494708466454,False,79
MULTIDISCIPLINARY CARE,True,True,7,True,True,,628,21,False,topology_pl_fewa,globally_unpulled_topology_prior,MULTIDISCIPLINARY CARE,12,30,0.3333333333333333,9.30732484076433,9.649309429388618,1.140923566878981,0.24876781922960267,0.2569103094349428,0.7756104033970276,0.8041091191157181,0.0380307855626327,10,4,9.38015873015873,9.820799949609475,0.0014400416925439696,1.1285714285714286,0.25020786092214664,0.26069931852811673,10.448248407643312,fewa(0.0608),0.020406735171178345,0.8318213538032101,0.9531145344943067,0.46717005909389364,0.47172507545562964,0.4733328470062934,0.4751890621165497,1423,732,0.7810466786104694,0.8394495412844036,0.6213921901528013,0.8389059745478893,0.8438568170080205,0.7364975313554859,0.8318213538032101,0.7186071554474577,0.7866371111158484,0.7358728537752318,1493,872,0.6599919987020986,732,0.6599919987020986,10,20,49,5,0.9947368421052631,0.46161898115840894,True,True,True,True,exploit,628,0.030405436237047036,0.06081087247409407,False,exploit,fewa(0.0608),,0.10036404424682141,12,30,0,0,disabled,1,12,20,12,20,18579,live,True,0,True,1,care clinical compositions connect coordination direct measures multidisciplinary or outcome patient processes relationships specific team to what,none,0,,0.3333333333333333,0,0,fixed_anchor_dynamic,0.020406735171178345,0.020406735171178345,False,80
LUMBAR PUNCTURE,True,True,6,True,True,,630,21,False,topology_pl_fewa,globally_unpulled_topology_prior,LUMBAR PUNCTURE,54,54,0.3611111111111111,21.24603174603175,23.077035777273878,1.5547619047619046,0.21111845972957088,0.22807220075959056,0.3934450323339213,0.4273525143939607,0.028791887125220454,29,10,26.71796875,27.99265747070312,0.04924033656672544,1.40078125,0.2603587962962963,0.27216146963614,22.800793650793654,fewa(0.0596),0.044532800099206356,0.8356594556873691,0.9540078843626807,0.4766907419566645,0.48129798362298615,0.48295815440720424,0.4852543414028214,1452,739,0.7861246033677554,0.8378684807256236,0.6273344651952462,0.8429385087354455,0.8480350572824944,0.7419449528975247,0.8356594556873691,0.7235699621697983,0.7913157621156011,0.7395263715070312,1522,882,0.6631560009441756,739,0.6631560009441756,10,20,49,5,0.9948453608247423,0.4713886950453594,True,True,True,True,exploit,630,0.029797327512306095,0.05959465502461219,False,exploit,fewa(0.0596),,0.1335996260592335,54,54,0,0,disabled,1,54,54,54,54,34494,live,True,0,True,1,biomarkers cerebrospinal complications connect direct fluid lumbar or patient positioning procedural puncture relationships specific techniques to what,none,0,,0.3076923076923077,0,0,fixed_anchor_dynamic,0.044532800099206356,0.044532800099206356,False,81
BLADDER CANCER,True,True,28,True,True,,640,22,True,topology_pl_fewa,globally_unpulled_topology_prior,BLADDER CANCER,55,55,0.4909090909090909,26.10390625,28.834721679687497,2.70234375,0.261875,0.2867005948153409,0.4746164772727273,0.5242676669034091,0.04913352272727273,41,13,36.84021406727828,39.22625761018994,0.09586061301084231,2.5107033639143737,0.35773561301084233,0.3794269179464029,28.806250000000002,fewa(0.0584),0.056262207031250004,0.8400209351011864,0.9552143314139475,0.4901510177281681,0.49489799937253637,0.49630523716226094,0.4938946137036986,1493,752,0.7925897426232718,0.8402234636871508,0.6383701188455009,0.8474036031795237,0.8526576446265538,0.7507172034231395,0.8400209351011864,0.7317929203906827,0.7976125886159068,0.7453058311284242,1563,895,0.6820383724962825,752,0.6820383724962825,10,20,49,5,0.9949928469241774,0.4853454291695743,True,True,True,True,exploit,640,0.029201380962059972,0.058402761924119945,False,exploit,fewa(0.0584),,0.13416758030022966,55,55,0,0,disabled,1,55,20,55,20,21472,live,True,0,True,1,agents bladder cancer chemotherapy connect direct immunotherapies or regimens relationships specific targeted therapy to what,none,0,,0.38095238095238093,0,0,fixed_anchor_dynamic,0.056262207031250004,0.056262207031250004,False,82
PET SCAN,True,True,22,True,True,,654,22,False,topology_pl_fewa,globally_unpulled_topology_prior,PET SCAN,32,35,0.582089552238806,22.981651376146797,24.17671305258629,2.552752293577982,0.38111050253320566,0.39894724397260106,0.7181766055045874,0.7555222828933216,0.07293577981651377,28,11,26.951734539969816,27.494665228894664,0.05684676992801735,2.3914027149321266,0.437957272461223,0.44606071557950433,25.534403669724778,fewa(0.0572),0.04987188216743121,0.8450802512212142,0.9553739786297926,0.4990151017728168,0.5039561217852286,0.5055345136022492,0.5005187138147245,1520,763,0.7985276625433517,0.8421633554083885,0.6477079796264855,0.8518485542964235,0.8565603208268661,0.756939431894519,0.8450802512212142,0.7400158786115671,0.8033935048100413,0.7541576874584593,1591,906,0.6848828931025808,763,0.6848828931025808,10,20,49,5,0.9950808151791989,0.49406838799720865,True,True,True,True,exploit,654,0.028617353342818775,0.05723470668563755,False,exploit,fewa(0.0572),,0.1865425803002297,32,35,0,0,disabled,1,32,19,32,19,21358,live,True,0,True,1,agents clinical connect direct for indications oncologic or pet radiotracer relationships scan specific staging standardized thresholds to uptake value what,none,0,,0.3076923076923077,0,0,fixed_anchor_dynamic,0.04987188216743121,0.04987188216743121,False,83
PRIMARY CNS LYMPHOMA IN THE EYES,True,True,3,True,True,,663,22,False,topology_pl_fewa,globally_unpulled_topology_prior,PRIMARY CNS LYMPHOMA IN THE EYES,52,44,0.3541666666666667,25.274509803921557,26.414626031408037,1.3273001508295625,0.27710218702865747,0.28897839773164163,0.48604826546002994,0.5079735775270776,0.030165912518853696,30,4,28.49552906110283,29.288267838779678,0.031183021615157736,1.0998509687034275,0.3082852086438152,0.3165429042446157,26.60180995475112,fewa(0.0561),0.05195666006787328,0.8466503838101884,0.9561998766193708,0.5088640840446487,0.5139840273616535,0.5157258629430677,0.5093909592965209,1550,767,0.8004905774162892,0.8428571428571429,0.6511035653650254,0.8532496615322304,0.857848582873571,0.7593628261412666,0.8466503838101884,0.7429560879366965,0.8053669729732215,0.7565540004564336,1621,910,0.6929426993732554,767,0.6929426993732554,10,20,49,5,0.9951823812801102,0.5045359385903698,True,True,True,True,exploit,663,0.0280450062759624,0.0560900125519248,False,exploit,fewa(0.0561),,0.2447490101855898,52,44,0,0,disabled,1,52,44,52,44,31740,live,True,0,True,1,cns connect diagnostic direct eyes in lymphoma manifestations modalities ocular or primary procedures relationships specific the to treatment what,none,0,,0.36,0,0,fixed_anchor_dynamic,0.05195666006787328,0.05195666006787328,False,84
DOCTOR,True,True,30,True,True,,671,23,True,topology_pl_fewa,globally_unpulled_topology_prior,DOCTOR,52,48,0.37,29.683308494783905,30.615061156136385,0.0,0.29683308494783905,0.30615061156136386,0.5708328556689213,0.5887511760795459,0.0,31,6,30.11383928571429,30.847839493870467,0.004305307909303835,0.0,0.3011383928571429,0.30847839493870466,29.683308494783905,fewa(0.0550),0.057975211903874814,0.848569434752268,0.9570217917675545,0.5190413657255417,0.5245139182405946,0.5265090458355068,0.5219459415745749,1581,773,0.8029758667021534,0.8438864628820961,0.6561969439728353,0.8550574581438696,0.8595536355824454,0.7623887940926111,0.848569434752268,0.7461843933392757,0.8078303406082624,0.7613538702019448,1652,916,0.6971065893421327,773,0.6971065893421327,10,20,49,5,0.9952638700947226,0.5132588974180042,True,True,True,True,exploit,671,0.02748410615044315,0.0549682123008863,False,exploit,fewa(0.0550),,0.2759947937042073,52,48,0,0,disabled,1,52,48,52,48,38724,live,True,0,True,1,clinical connect decision direct doctor making metrics or outcome patient planning processes protocols relationships specific to treatment what,none,0,,0.4583333333333333,0,0,fixed_anchor_dynamic,0.057975211903874814,0.057975211903874814,False,85
BONE MARROW ASPIRATE,True,True,8,True,True,,672,23,False,topology_pl_fewa,globally_unpulled_topology_prior,BONE MARROW ASPIRATE,66,53,0.15126050420168066,14.315476190476192,14.866084715136054,0.6011904761904762,0.1253501400560224,0.1299771024481221,0.21690115440115443,0.22524370780509173,0.011343216531895777,16,2,15.051698670605614,15.545429702244459,0.009010546611554537,0.9372230428360414,0.13436068666757695,0.1385096869334496,14.916666666666668,fewa(0.0539),0.029134114583333336,0.8497906489881367,0.9574340527577938,0.5242941562705187,0.5298791712979993,0.53189293032083,0.5263608951975439,1597,775,0.8055055590637376,0.8442265795206971,0.6578947368421053,0.856413029889601,0.8610313479301365,0.7649868473841697,0.8497906489881367,0.7488253974837118,0.8096770704011217,0.7641571084795967,1668,918,0.6988161999651177,775,0.6988161999651177,10,20,49,5,0.9953145917001339,0.5188415910676901,True,True,True,True,exploit,672,0.026934424027434286,0.05386884805486857,False,exploit,fewa(0.0539),,0.2856078468478546,66,53,0,0,disabled,1,66,19,66,19,22016,live,True,0,True,1,abnormalities aspirate bone cell connect cytogenetic direct findings inform markers marrow molecular morphology or prognosis relationships specific that to what,none,0,,0.25925925925925924,0,0,fixed_anchor_dynamic,0.029134114583333336,0.029134114583333336,False,86
HEMATOLOGIST,True,True,2,True,True,,677,23,False,topology_pl_fewa,globally_unpulled_topology_prior,HEMATOLOGIST,50,52,0.058823529411764705,3.3316100443131464,3.409065322072136,0.36927621861152143,0.03628319865612419,0.037042564124349586,0.06663220088626293,0.06818130644144273,0.007101465742529258,4,2,3.6769456681350956,3.737192217543088,0.0034219638787869808,0.37298091042584436,0.03970516253491117,0.040295814980087566,3.700886262924668,fewa(0.0528),0.007228293482274742,0.8503140265177949,0.9575358851674641,0.5256073539067629,0.5311601710833219,0.5332057080957249,0.5269642086120977,1601,777,0.8060052399183487,0.8445652173913043,0.6595925297113752,0.8568984653701603,0.8614860286525029,0.7659038073694255,0.8503140265177949,0.7497133851363138,0.8103885944743691,0.765396228523988,1672,920,0.6976886056763281,777,0.6976886056763281,10,20,49,5,0.9953271028037384,0.5202372644801116,True,True,True,True,exploit,677,0.026395735546885603,0.052791471093771206,False,exploit,fewa(0.0528),,0.26845418291314493,50,52,0,0,disabled,1,50,16,50,16,16829,live,True,0,True,1,blood clinical connect diagnostic direct disorders evaluating findings hematologist in laboratory or procedures relationships specific tests to used what,none,0,,0.4782608695652174,0,0,fixed_anchor_dynamic,0.007228293482274742,0.007228293482274742,False,87
ENDORECTAL ULTRASOUND,True,True,7,True,True,,681,24,True,topology_pl_fewa,globally_unpulled_topology_prior,ENDORECTAL ULTRASOUND,40,56,0.14583333333333334,0,0,0.0,0.0,0.0,0.0,0.0,0.0,0,14,0,0,0.0,0.0,0.0,0.0,0.0,fewa(0.0517),0.0,0.8515352407536636,0.9575358851674641,0.5256073539067629,0.5311601710833219,0.5332057080957249,0.5269642086120977,1601,781,0.8072583888371861,0.8361884368308351,0.6629881154499151,0.8580345898528293,0.8625469503380248,0.7678687216235454,0.8515352407536636,0.7517411667817052,0.8119736657951184,0.7675174706035497,1672,934,0.6980676709663973,781,0.6980676709663973,10,20,49,5,0.9953271028037384,0.5202372644801116,True,False,False,False,exploit,681,0.025867820835947887,0.051735641671895774,False,exploit,fewa(0.0517),,0.2233358226443698,40,56,0,0,disabled,1,40,56,40,56,35610,live,True,0,True,1,assessment connect criteria depth direct endorectal invasion lymph measurements node of or parameters relationships specific staging to tumor ultrasound what,none,0,,0.2962962962962963,0,0,fixed_anchor_dynamic,0.0,0.0,False,88
CARCINOMA,True,True,0,True,False,,681,24,False,topology_pl_fewa,globally_unpulled_topology_prior,CARCINOMA,47,40,0.0,0,0,0,0.0,0.0,0.0,0.0,0.0,0,0,0,0,0.0,0,0.0,0.0,0,fewa(0.0507),0.0,0.8515352407536636,0.9575358851674641,0.5256073539067629,0.5311601710833219,0.5332057080957249,0.5269642086120977,1601,781,0.8072583888371861,0.8361884368308351,0.6629881154499151,0.8580345898528293,0.8625469503380248,0.7678687216235454,0.8515352407536636,0.7517411667817052,0.8119736657951184,0.7675174706035497,1672,934,0.6980676709663973,781,0.6980676709663973,10,20,49,5,0.9953271028037384,0.5202372644801116,False,False,False,False,exploit,681,0.02535046441922893,0.05070092883845786,False,exploit,fewa(0.0507),,0.1471137221377286,47,40,0,0,disabled,1,47,20,47,20,22711,live,True,0,True,1,biomarkers carcinoma connect direct grading histopathological molecular or parameters relationships specific staging systems to tumor what,none,0,,0.38461538461538464,0,0,fixed_anchor_dynamic,0.0,0.0,True,89
CANCER CARE TEAM,True,True,18,True,True,,681,24,False,topology_pl_fewa,globally_unpulled_topology_prior,CANCER CARE TEAM,34,20,0.5740740740740741,24.55212922173275,25.18797182169264,0,0.45466905966171756,0.46644392262393775,0.722121447698022,0.7408227006380188,0.0,31,0,29.3764619883041,30.51613316918026,0.0893394956772473,0,0.5440085553389649,0.5651135772070419,24.55212922173275,fewa(0.0500),0.047953377386196774,0.8515352407536636,0.9424544920728127,0.5269205515430072,0.5325203373668748,0.5346207366389506,0.5300690234173975,1605,781,0.8072583888371861,0.8361884368308351,0.6629881154499151,0.8580345898528293,0.8625469503380248,0.7678687216235454,0.8515352407536636,0.7517411667817052,0.8119736657951184,0.7675174706035497,1703,934,0.6984128993070979,781,0.6984128993070979,10,20,49,5,0.9835418038183015,0.5212840195394278,True,True,True,True,exploit,681,0.025,0.05,False,exploit,fewa(0.0500),,0.09169328473199713,34,20,0,0,disabled,1,34,20,34,20,29765,live,True,0,True,1,activities cancer care clinical connect coordination diagnostic direct modalities or procedures relationships specific team to treatment what,none,0,,0.4782608695652174,0,0,fixed_anchor_dynamic,0.047953377386196774,0.047953377386196774,False,90
BASAL CELL SKIN CANCER,True,True,13,True,True,,684,25,True,topology_pl_fewa,globally_unpulled_topology_prior,BASAL CELL SKIN CANCER,24,35,0.4576271186440678,13.758040935672513,14.674394471803291,0.7836257309941521,0.24646892655367228,0.26200034242029563,0.5732517056530214,0.6114331029918038,0.022389306599832917,19,8,17.40289855072464,18.138195232094095,0.07562638172439215,1.6007246376811595,0.32209530827806443,0.3345579638944959,14.541666666666664,fewa(0.0500),0.02840169270833333,0.8564200976971389,0.943089430894309,0.5331582403151675,0.5387359857074249,0.540751967411609,0.5355073102072999,1624,789,0.8135698158511366,0.8375796178343949,0.669779286926995,0.8622317243590127,0.8662536807984601,0.7731118878751296,0.8564200976971389,0.758958380855606,0.8171306471932216,0.7713580967639032,1722,942,0.6983220487317369,789,0.6983220487317369,10,20,49,5,0.9837451235370611,0.5279134682484299,True,True,True,True,exploit,684,0.025,0.05,False,exploit,fewa(0.0500),,0.12326047967477283,24,35,0,0,disabled,1,24,20,24,20,21074,live,True,0,True,1,basal cancer cell clinical connect criteria direct histopathological modalities or relationships skin specific staging subtypes surgical to treatment what,none,0,,0.44,0,0,fixed_anchor_dynamic,0.02840169270833333,0.02840169270833333,False,91
CERVICAL DYSPLASIA,True,True,2,True,True,,690,25,False,topology_pl_fewa,globally_unpulled_topology_prior,CERVICAL DYSPLASIA,21,38,0.05084745762711865,0.9978260869565218,0.9991241335853812,0.0,0.016912306558585114,0.016934307348904765,0.04751552795031056,0.04757733969454196,0.0,1,2,0.9978260869565218,0.9992974165091367,0.0,0.0,0.016912306558585114,0.016937244347612488,0.9978260869565218,fewa(0.0500),0.0019488790760869565,0.8564200976971389,0.943122460824144,0.5334865397242285,0.539075886111211,0.5411058771605025,0.5363450610025261,1625,789,0.8135698158511366,0.8358050847457628,0.669779286926995,0.8622317243590127,0.8662536807984601,0.7731118878751296,0.8564200976971389,0.758958380855606,0.8171306471932216,0.7713580967639032,1723,944,0.6983269067573121,789,0.6983269067573121,10,20,49,5,0.9837556855100714,0.5282623866015352,True,True,True,True,exploit,690,0.025,0.05,False,exploit,fewa(0.0500),,0.1474842369743028,21,38,0,0,disabled,1,21,22,21,22,20691,live,True,0,True,1,cervical classification clinical connect cytological direct dysplasia grading histopathological management or protocols relationships schemes specific systems to what,none,0,,0.4166666666666667,0,0,fixed_anchor_dynamic,0.0019488790760869565,0.0019488790760869565,False,92
FATIGUE,True,True,4,True,True,,690,25,False,topology_pl_fewa,fewa_filtered_least_pulled,FATIGUE,64,63,0.03937007874015748,4.252173913043478,4.252173913043478,0,0.03348168435467306,0.03348168435467306,0.06644021739130435,0.06644021739130435,0.0,5,0,4.520893371757925,4.656368606167313,0.0021159012497200536,0,0.03559758560439311,0.03666431973360089,4.252173913043478,fewa(0.0500),0.008305027173913043,0.8564200976971389,0.9432870370370371,0.5351280367695338,0.5407424860872595,0.5428319311751576,0.5379764723449647,1630,789,0.8135698158511366,0.8358050847457628,0.669779286926995,0.8622317243590127,0.8662536807984601,0.7731118878751296,0.8564200976971389,0.758958380855606,0.8171306471932216,0.7713580967639032,1728,944,0.6988936052006761,789,0.6988936052006761,10,20,49,5,0.9838082901554405,0.5300069783670621,True,True,True,True,exploit,690,0.025,0.05,False,exploit,fewa(0.0500),,0.14361005855479497,64,63,0,0,disabled,1,64,20,64,20,15971,live,True,0,True,1,connect direct fatigue interventions management mechanisms non or pathophysiological pharmacological relationships specific strategies to underlying what,none,0,,0.3076923076923077,0,0,fixed_anchor_dynamic,0.008305027173913043,0.008305027173913043,False,93
RECTAL CANCER,True,True,11,True,True,,694,26,True,topology_pl_fewa,globally_unpulled_topology_prior,RECTAL CANCER,48,46,0.0851063829787234,5.443804034582133,5.776128653173767,0.5965417867435159,0.06425899809920903,0.06779436638209875,0.11341258405379444,0.1203360136077868,0.012968299711815562,7,1,5.62158273381295,6.355834584131255,0.001866824646849452,0.5942446043165468,0.06612582274605848,0.07393701264306173,6.040345821325649,fewa(0.0500),0.011797550432276658,0.8567690160502442,0.9435158501440922,0.5374261326329612,0.5429320562349906,0.5449363130326358,0.5393879221627392,1637,790,0.814351080082634,0.8359788359788359,0.6706281833616299,0.8626338722784225,0.8667083615208265,0.7740288478603855,0.8567690160502442,0.7599456098305173,0.8177200930354096,0.7720786984190601,1735,945,0.6992466378777358,790,0.6992466378777358,10,20,49,5,0.9838813668600903,0.5324494068387997,True,True,True,True,exploit,694,0.025,0.05,False,exploit,fewa(0.0500),,0.1503063954257296,48,46,0,0,disabled,1,48,46,48,46,26394,live,True,0,True,1,biomarkers cancer connect diagnosis direct genetic immunohistochemical in markers molecular mutations or prognosis rectal relationships specific to used what,none,0,,0.34615384615384615,0,0,fixed_anchor_dynamic,0.011797550432276658,0.011797550432276658,False,94
,,,0,False,,,695,,,topology_pl_fewa,mode_explore,,11,34,0.28888888888888886,0,0,0.0,0.0,0.0,0.0,0.0,0.0,0,13,0,0,0.0,0.0,0.0,0.0,0.0,epsilon_sample(0.0500),,0.8576413119330076,0.9435158501440922,0.5374261326329612,0.5429320562349906,0.5449363130326358,0.5393879221627392,1637,792,0.8158948468050404,0.826722338204593,0.6723259762308998,0.8635214556783913,0.8676177229655595,0.7758627678308974,0.8576413119330076,0.7618778531880142,0.8190210629508451,0.7732113735723258,1735,958,0.6965822550996115,792,0.6965822550996115,10,20,49,5,0.9838813668600903,0.5324494068387997,True,False,False,False,explore,695,0.025,0.05,False,explore,epsilon_sample(0.0500),,0.16315819504557139,11,34,0,0,disabled,1,11,34,11,34,22517,live,,0,False,1,and are available cancer care do for how impact interventions life long of outcomes patients psychosocial quality services support survivorship term they what,none,0,,0.45161290322580644,0,0,agea_dynamic,0.0,0.0,False,95
DUCTAL CARCINOMA,True,True,4,True,True,,695,26,False,topology_pl_fewa,globally_unpulled_topology_prior,DUCTAL CARCINOMA,38,42,0.0,0,0,0,0.0,0.0,0.0,0.0,0.0,0,0,0,0,0.0,0,0.0,0.0,0,fewa(0.0500),0.0,0.8576413119330076,0.9435158501440922,0.5374261326329612,0.5429320562349906,0.5449363130326358,0.5393879221627392,1637,792,0.8158948468050404,0.826722338204593,0.6723259762308998,0.8635214556783913,0.8676177229655595,0.7758627678308974,0.8576413119330076,0.7618778531880142,0.8190210629508451,0.7732113735723258,1735,958,0.6965822550996115,792,0.6965822550996115,10,20,49,5,0.9838813668600903,0.5324494068387997,False,False,False,False,exploit,695,0.025,0.05,False,exploit,fewa(0.0500),,0.0722243831132279,38,42,0,0,disabled,1,38,42,38,42,23882,live,True,0,True,1,biomarkers carcinoma connect diagnosis direct ductal for genetic immunohistochemical markers molecular mutations or prognosis relationships specific to used what,none,0,,0.7272727272727273,0,0,fixed_anchor_dynamic,0.0,0.0,False,96
,,,0,False,,,695,,,topology_pl_fewa,mode_explore,,20,34,0.18518518518518517,6.779136690647483,6.9883592981729725,0.0,0.12553956834532376,0.12941406107727726,0.33895683453237413,0.3494179649086486,0.0,7,3,6.838129496402878,6.993393199109777,0.0010924593658406534,0.0,0.1266320277111644,0.12950728146499588,6.779136690647483,recent_htsn_below_threshold(0.0250),,0.8586880669923238,0.9437428243398392,0.5397242284963887,0.5453124166653951,0.5473883475024383,0.5422944285161923,1644,795,0.817805845037718,0.8272632674297606,0.6748726655348047,0.8646566692500155,0.8688302048918701,0.7780634717955115,0.8586880669923238,0.7642559418890194,0.8205901058932127,0.774808081065077,1742,961,0.6943029324717946,795,0.6943029324717946,10,20,49,5,0.9839434810533076,0.534542916957432,True,True,True,True,explore,695,0.025,0.05,False,explore,recent_htsn_below_threshold(0.0250),,0.02293059780249344,20,34,0,0,disabled,1,20,20,20,20,27300,live,,0,False,1,abdominal and applications are diagnosing different imaging in key malignancies of radiological specific techniques the their thoracic types what,none,0,,0.26666666666666666,0,0,agea_dynamic,0.013240501348920864,0.013240501348920864,False,97
EXTRAFASCIAL HYSTERECTOMY WITH LYMPH NODE EVALUATION,True,True,2,True,True,,695,26,False,topology_pl_fewa,fewa_filtered_least_pulled,EXTRAFASCIAL HYSTERECTOMY WITH LYMPH NODE EVALUATION,54,43,0.25773195876288657,13.468345323741008,13.8447725273019,1.1007194244604317,0.15019654379589112,0.1540772366161065,0.24941380229150015,0.2563846764315167,0.0255981261502426,19,6,17.67258522727273,18.1925502808626,0.04346119987796085,1.112215909090909,0.19365774367385197,0.19901820814385063,14.56906474820144,fewa(0.0500),0.028455204586330936,0.8654919748778785,0.9443498012492901,0.5459619172685489,0.5516250505522909,0.5537321683053724,0.5488129481401516,1663,801,0.8254781642148615,0.828335056876939,0.6799660441426146,0.8712036789659807,0.8751610926642494,0.7846670334284611,0.8654919748778785,0.7711184052660089,0.8275317593026237,0.7784085439827559,1761,967,0.6971527517384944,801,0.6971527517384944,10,20,50,5,0.9841269841269841,0.5408234473133287,True,True,True,True,exploit,695,0.025,0.05,False,exploit,fewa(0.0500),0.5,0.04465605015984117,54,43,0,0,disabled,1,54,20,54,20,24547,live,True,0,True,1,are associated complications contraindications evaluation extrafascial hysterectomy lymph node or outcomes prognostic what with,none,0,,0.28205128205128205,0,0,fixed_anchor_dynamic,0.028455204586330936,0.028455204586330936,False,98
ADOLESCENT AND YOUNG ADULT,True,True,2,True,True,,704,27,True,topology_pl_fewa,globally_unpulled_topology_prior,ADOLESCENT AND YOUNG ADULT,4,21,0.04,0,0,0.0,0.0,0.0,0.0,0.0,0.0,0,1,0,0,0.0,0.0,0.0,0.0,0.0,fewa(0.0500),0.0,0.8656664340544312,0.9443498012492901,0.5459619172685489,0.5516250505522909,0.5537321683053724,0.5488129481401516,1663,802,0.8256045320679616,0.8285123966942148,0.6808149405772496,0.8714047529256854,0.8753884330254326,0.7851255134210892,0.8656664340544312,0.7713687303924306,0.8278264822237177,0.7790931274204823,1761,968,0.6977844197540192,802,0.6977844197540192,10,20,50,5,0.9841269841269841,0.5408234473133287,True,False,False,False,exploit,704,0.025,0.05,False,exploit,fewa(0.0500),0.5,0.06799902204808479,4,21,0,0,disabled,1,4,21,4,21,16839,live,True,0,True,1,adolescent adult and cancer clinical connect direct or outcomes protocols relationships specific to treatment types what young,none,0,,0.4166666666666667,0,0,fixed_anchor_dynamic,0.0,0.0,False,99
ONCOLOGY NURSE,True,True,4,True,True,,704,27,False,topology_pl_fewa,globally_unpulled_topology_prior,ONCOLOGY NURSE,10,13,0.43478260869565216,4.245738636363637,4.550796382683368,0.43607954545454547,0.20355731225296445,0.21682069252773536,0.4245738636363637,0.45507963826833675,0.03354458041958042,5,5,4.549645390070922,4.78316835169257,0.013124772236705634,0.4340425531914894,0.21668208448967008,0.22683525673408955,4.6818181818181825,fewa(0.0500),0.009144176136363638,0.8660153524075367,0.9445073612684032,0.5476034143138543,0.5532369566052513,0.5553478830580828,0.5506369297706145,1668,803,0.8259741374773247,0.8252826310380267,0.6816638370118846,0.8716891144465401,0.8756157733866158,0.7855839934137171,0.8660153524075367,0.772006392918611,0.8282432833758712,0.7795800642108652,1766,973,0.6981819974749925,803,0.6981819974749925,10,20,50,5,0.9841772151898734,0.5425680390788555,True,True,True,True,exploit,704,0.025,0.05,False,exploit,fewa(0.0500),0.5,0.05514722242824297,10,13,0,0,disabled,1,10,9,10,9,10133,live,True,0,True,1,clinical connect direct education interventions management nurse oncology or patient protocols relationships specific symptom tasks to what,none,0,,0.4,0,0,fixed_anchor_dynamic,0.009144176136363638,0.009144176136363638,False,100
