anchor,anchor_diagnostics_anchor_in_candidate_nodes,anchor_diagnostics_anchor_in_response_text,anchor_diagnostics_anchor_incident_candidate_edges,anchor_diagnostics_anchor_required,anchor_diagnostics_anchor_response_adherent,arm_decision_admission,arm_decision_eligible_arm_count,arm_decision_epoch_id,arm_decision_epoch_refreshed,arm_decision_policy,arm_decision_reason,arm_decision_selected_arm,batch_candidate_edges,batch_candidate_nodes,batch_count_novelty,batch_historical_edge_mass,batch_historical_edge_mass_noisy_or,batch_historical_node_mass,batch_htsn_combined,batch_htsn_combined_noisy_or,batch_htsn_edge,batch_htsn_edge_noisy_or,batch_htsn_node,batch_new_edges,batch_new_nodes,batch_retrospective_edge_mass,batch_retrospective_edge_mass_noisy_or,batch_retrospective_gain,batch_retrospective_node_mass,batch_rtsn_combined,batch_rtsn_combined_noisy_or,batch_y_ha,decision_reason,effective_fewa_reward,evaluation_degree_weighted_node_coverage,evaluation_edge_pair_precision,evaluation_edge_pair_recall,evaluation_edge_tsc_noisy_or_rank,evaluation_edge_tsc_rank,evaluation_edge_tsc_raw,evaluation_matched_directed_edge_pairs,evaluation_matched_nodes,evaluation_node_autc_rank,evaluation_node_precision,evaluation_node_recall,evaluation_node_tsc_burt_balanced,evaluation_node_tsc_burt_effective,evaluation_node_tsc_collision_diversity,evaluation_node_tsc_degree,evaluation_node_tsc_rank,evaluation_node_tsc_raw,evaluation_pagerank_weighted_node_coverage,evaluation_recovered_edge_pairs,evaluation_recovered_nodes,evaluation_spearman_bnrr_online_vs_truth,evaluation_spearman_matched_nodes,evaluation_spearman_sensitivity_online_vs_truth,evaluation_top10_sensitive_nodes_recovered,evaluation_top20_sensitive_nodes_recovered,evaluation_top50_sensitive_nodes_recovered,evaluation_top5_sensitive_nodes_recovered,evaluation_undirected_edge_pair_precision,evaluation_undirected_edge_pair_recall,gain_graph,gain_meaningful,gain_relation,gain_sensitive,mode,mode_decision_available_arm_count,mode_decision_effective_htsn_threshold,mode_decision_epsilon,mode_decision_explore_suppressed,mode_decision_mode,mode_decision_reason,mode_decision_recent_explore_success_rate,mode_decision_recent_htsn,parser_candidate_edges,parser_candidate_nodes_with_endpoints,parser_citation_rejected_compact_edges,parser_compact_format_edges,parser_graph_filter_status,parser_graphrag_query_attempts,parser_kept_edges,parser_kept_nodes_explicit,parser_raw_edges,parser_raw_nodes,parser_response_characters,parser_source,query_generation_anchor_present,query_generation_anchor_rejected_queries,query_generation_anchor_required,query_generation_attempts,query_generation_domain_query_signature,query_generation_fallback_reason,query_generation_generation_error_attempts,query_generation_last_generation_error,query_generation_max_similarity,query_generation_rejected_similar_queries,query_generation_similarity_rejected_queries,query_generation_source,raw_batch_reward,reward,reward_attribution_warning,turn
,,,0,False,,,0,,,topology_pl_fewa,mode_explore,,33,59,1.0,0.0,0.0,0.0,0.0,0.0,0.0,0.0,0.0,33,59,31.108108108108123,31.92622352081811,0.5392185663924794,18.499999999999986,0.5392185663924794,0.5481111252262837,0.0,seed_turn,,0.15073272854152128,1.0,0.010833880499015102,0.010974488526810239,0.010820878324943148,0.00823908451852047,33,48,0.09319814935395038,0.8135593220338984,0.04074702886247878,0.1606306013390491,0.16938816393065517,0.09600757300355774,0.15073272854152128,0.06119930916189947,0.12239262576549594,0.09261029069379914,33,59,0.2973438770833155,48,0.2973438770833155,4,8,13,2,1.0,0.010816468946266573,True,True,True,False,explore,0,0.15,0.3,False,explore,seed_turn,,,33,59,0,0,disabled,0,33,32,33,32,49122,shared_seed_replay,,0,False,1,and care concrete corpus diagnostic diseases drugs explain factors identify in major medical organizations relationships risk symptoms tests the their treatments,none,0,,0.0,0,0,seed,0.0,0.0,False,1
CDC,True,True,5,True,True,,37,1,True,topology_pl_fewa,globally_unpulled_topology_prior,CDC,29,36,0.8,10.418918918918916,12.423301680058433,6.054054054054054,0.25343035343035336,0.28426701129403825,0.3592730661696178,0.4283897131054632,0.16816816816816818,25,27,22.37931034482759,23.558858501783583,0.21367839988529652,7.982758620689651,0.4671087533156499,0.48525564803804977,16.47297297297297,fewa(0.2940),0.03217377533783783,0.21004884856943476,1.0,0.019041365725541694,0.019151081555874222,0.018849852835200107,0.01614147432917139,58,74,0.13473963468019515,0.8604651162790697,0.06281833616298811,0.22279460648366786,0.23391277326355042,0.13707441517778557,0.21004884856943476,0.09165898904198036,0.1722919326411798,0.12804548696438153,58,86,0.2602266204811255,74,0.2602266204811255,5,10,18,3,1.0,0.01779483600837404,True,True,True,True,exploit,37,0.147,0.294,False,exploit,fewa(0.2940),,,29,36,0,0,disabled,1,29,36,29,36,39309,live,True,0,True,1,cdc diseases does monitor or the track what,none,0,,0.07407407407407407,0,0,fixed_anchor_dynamic,0.03217377533783783,0.03217377533783783,False,2
,,,0,False,,,58,,,topology_pl_fewa,mode_explore,,42,49,0.5934065934065934,10.982758620689651,12.124554102259212,2.8275862068965516,0.15176203107237585,0.16430923416654686,0.26149425287356315,0.2886798595776003,0.057705840957072485,29,25,25.20348837209302,26.921680638182796,0.264478704935802,12.674418604651164,0.41624073600817785,0.43512196970147204,13.810344827586203,epsilon_sample(0.2881),,0.2568039078855548,1.0,0.02856204858831254,0.028110456399833453,0.027376803848535733,0.02485459043224483,87,99,0.1685295426009141,0.8918918918918919,0.08404074702886248,0.27183621441548034,0.28521057924292303,0.1732690859338167,0.2568039078855548,0.11970799351820828,0.21388895371152036,0.17141241618280514,87,111,0.12013559652463764,99,0.12013559652463764,7,12,21,4,1.0,0.026866713189113746,True,True,True,True,explore,58,0.14406,0.28812,False,explore,epsilon_sample(0.2881),,0.25343035343035336,42,49,0,0,disabled,1,42,19,42,19,22223,live,,0,False,1,across age and are common different diseases groups immunization pediatric prevent recommended schedules the they vaccines what,none,0,,0.13636363636363635,0,0,agea_dynamic,0.026973329741379302,0.026973329741379302,False,3
,,,0,False,,,86,,,topology_pl_fewa,mode_explore,,13,28,0.7560975609756098,5.3023255813953485,5.630509734991888,2.325581395348837,0.18604651162790697,0.19405100317904206,0.40787119856887294,0.43311613346091443,0.0830564784053156,13,18,11.560606060606062,12.334328129782676,0.24620281086531803,6.161616161616163,0.432249322493225,0.4511205924731424,7.627906976744185,epsilon_sample(0.2824),,0.28157711095603627,1.0,0.03282994090610637,0.03239407477752521,0.03163928737013765,0.028874845004273814,100,117,0.18934044522399035,0.9069767441860465,0.09932088285229201,0.2982218156133274,0.31292130087656983,0.19426536068193911,0.28157711095603627,0.136936731435207,0.23642537890135512,0.19039101047238235,100,129,0.21279040971930882,117,0.21279040971930882,8,13,24,4,1.0,0.0314026517794836,True,True,True,True,explore,86,0.1411788,0.2823576,False,explore,epsilon_sample(0.2824),1.0,0.2025961922513646,13,28,0,0,disabled,1,13,19,13,19,16324,live,,0,False,1,and approaches are commonly counseling different disorders health interventions manage mental of or the them therapeutic to types used what,none,0,,0.15625,0,0,agea_dynamic,0.014898255813953487,0.014898255813953487,False,4
BONE MARROW BIOPSY,True,True,10,True,True,,99,1,False,topology_pl_fewa,globally_unpulled_topology_prior,BONE MARROW BIOPSY,24,37,0.819672131147541,12.823232323232324,15.355907560453021,4.0606060606060606,0.2767842358006293,0.31830350198457513,0.5343013468013468,0.6398294816855425,0.10974610974610974,22,28,20.420353982300885,21.12103531991542,0.15771453106430616,6.084070796460177,0.43449876686493544,0.4459853461700917,16.883838383838384,fewa(0.2767),0.032976246843434344,0.3025122121423587,1.0,0.04005252790544977,0.03963065682561381,0.03884460904952866,0.035136595640897474,122,136,0.210991252004703,0.8662420382165605,0.11544991511035653,0.3201643148560406,0.3356718303152152,0.2179239744541034,0.3025122121423587,0.1551778789611356,0.2586584047990444,0.21120201689426266,122,157,0.3005399346026274,136,0.3005399346026274,8,14,27,4,1.0,0.039078855547801813,True,True,True,True,exploit,99,0.13835522399999997,0.27671044799999994,False,exploit,fewa(0.2767),1.0,0.1970796320435454,24,37,0,0,disabled,1,24,28,24,28,22067,live,True,0,True,1,a biopsy bone conditions diagnose diseases evaluate is marrow or to used what,none,0,,0.16666666666666666,0,0,fixed_anchor_dynamic,0.032976246843434344,0.032976246843434344,False,5
LUMBAR PUNCTURE,True,True,6,True,True,,113,1,False,topology_pl_fewa,globally_unpulled_topology_prior,LUMBAR PUNCTURE,68,62,0.6615384615384615,39.01769911504426,40.89288511238154,4.575221238938053,0.3353301565690947,0.34975466424092,0.573789692868298,0.6013659575350226,0.07379389095061377,51,35,47.7027027027027,49.38774881300221,0.15006485382591567,15.398648648648646,0.4853950103950104,0.49835690355116047,43.592920353982315,fewa(0.2712),0.08514242256637171,0.3614794138171668,1.0,0.05679579776756402,0.05648463121015204,0.055799159956523486,0.04892910929657159,173,171,0.25564414441515904,0.890625,0.14516129032258066,0.3829931446660186,0.4018024205183662,0.2645942868496535,0.3614794138171668,0.1910728727548499,0.31114213123427903,0.2596063497413575,173,192,0.41391405917374247,171,0.41391405917374247,9,17,33,4,1.0,0.05687369155617585,True,True,True,True,exploit,113,0.13558811952,0.27117623904,False,exploit,fewa(0.2712),1.0,0.21700578298281636,68,62,0,0,disabled,1,68,62,68,62,33613,live,True,0,True,1,a conditions diagnose diseases evaluate is lumbar or puncture to used what,none,0,,0.6666666666666666,0,0,fixed_anchor_dynamic,0.08514242256637171,0.08514242256637171,False,6
UNITED STATES,True,True,0,True,False,,148,2,True,topology_pl_fewa,globally_unpulled_topology_prior,UNITED STATES,4,23,0.6296296296296297,1.9155405405405406,2.134998173849525,0.6216216216216216,0.09396896896896897,0.1020970294618943,0.47888513513513514,0.5337495434623812,0.027027027027027025,4,13,3.3848684210526314,3.583892399584488,0.09706416943259044,1.7730263157894735,0.19103313840155942,0.19840439686570227,2.5371621621621623,fewa(0.2658),0.0,0.37107466852756454,1.0,0.058108995403808275,0.05777235997116851,0.057103086172369054,0.050372562709749436,177,184,0.26609791368941255,0.8975609756097561,0.15619694397283532,0.39203710007003995,0.41044334845702396,0.2755374570027695,0.37107466852756454,0.20203459522871384,0.3216828999867545,0.2671872295222521,177,205,0.43400027456557205,184,0.43400027456557205,9,17,34,4,1.0,0.058269364968597345,True,True,True,True,exploit,148,0.13287635712959997,0.26575271425919994,False,exploit,fewa(0.2658),1.0,0.24067065770007204,4,23,0,0,disabled,1,4,23,4,23,15575,live,True,0,True,1,and are breast by cancer cervical colorectal for force guidelines issued preventive recommendations screening services specific states task the united uspstf what,none,0,,0.11428571428571428,0,0,fixed_anchor_dynamic,0.004955394847972973,0.004955394847972973,True,7
ANAL CANCER,True,True,53,True,True,,152,2,False,topology_pl_fewa,globally_unpulled_topology_prior,ANAL CANCER,76,66,0.8661971830985915,33.105263157894775,44.46645602493071,15.901315789473681,0.34511675315048207,0.42512515362256614,0.4355955678670365,0.5850849476964567,0.2409290271132376,72,51,69.16666666666673,70.92967248173774,0.2914822526490213,21.23039215686275,0.6365990057995033,0.6490145397084541,49.00657894736845,fewa(0.2604),0.09571597450657901,0.44050942079553385,1.0,0.08174655285620486,0.08196757762397365,0.08202800816418963,0.08889446453056102,249,235,0.323099143605421,0.91796875,0.199490662139219,0.46503210917832377,0.48670827002986927,0.33505619783474966,0.44050942079553385,0.24974819365981177,0.38659567696136,0.32162292175944734,249,256,0.4251599830592515,235,0.4251599830592515,10,20,39,5,1.0,0.08304256803907886,True,True,True,True,exploit,152,0.13021882998700798,0.26043765997401597,False,exploit,fewa(0.2604),1.0,0.20877838080779515,76,66,0,0,disabled,1,76,20,76,20,20080,live,True,0,True,1,agents anal and are associated cancer conditions development directly established etiologic factors of precursor risk the what with,none,0,,0.15151515151515152,0,0,fixed_anchor_dynamic,0.09571597450657901,0.09571597450657901,False,8
PHYSICAL EXAM,True,True,26,True,True,,204,2,False,topology_pl_fewa,globally_unpulled_topology_prior,PHYSICAL EXAM,58,54,0.7946428571428571,18.330882352941185,25.01708477508652,6.742647058823532,0.22387079831932782,0.2835690342313398,0.31604969574036523,0.4313290478463193,0.124863834422658,55,34,51.40416666666668,53.20826822916665,0.36524750525210087,14.577083333333338,0.5891183035714287,0.605226353236607,25.073529411764717,fewa(0.2552),0.04897173713235296,0.4884856943475227,1.0,0.09980302035456336,0.09997207251826974,0.10003192665781294,0.1018438898320069,304,269,0.36763990728619433,0.9275862068965517,0.22835314091680814,0.5124198576320447,0.5331669323000994,0.3699759896330515,0.4884856943475227,0.28814866053839067,0.42787693888027817,0.35570393493132985,304,290,0.4420242765210861,269,0.4420242765210861,10,20,42,5,1.0,0.10118632240055828,True,True,True,True,exploit,204,0.12761445338726782,0.25522890677453564,False,exploit,fewa(0.2552),1.0,0.2474493252234164,58,54,0,0,disabled,1,58,16,58,16,21385,live,True,0,True,1,a and are clinical components direct during each exam for indications maneuvers of or performed performing physical routinely specific techniques the these what,none,0,,0.16216216216216217,0,0,fixed_anchor_dynamic,0.04897173713235296,0.04897173713235296,False,9
CARE TEAM,True,True,28,True,True,,240,3,True,topology_pl_fewa,globally_unpulled_topology_prior,CARE TEAM,31,50,0.691358024691358,27.77708333333335,29.17828559027778,1.7604166666666665,0.3646604938271607,0.381959287122771,0.8960349462365598,0.9412350190412188,0.03520833333333333,30,26,29.211934156378614,29.786948127826044,0.015972539755118587,1.619341563786008,0.3806330335822793,0.3877319715013834,29.53750000000002,fewa(0.2501),0.05769042968750004,0.4994766224703419,1.0,0.10965200262639527,0.11016609729287713,0.11061778082868286,0.12213182718255554,334,282,0.3789924448727615,0.8924050632911392,0.23938879456706283,0.5231298443727318,0.5435866988543313,0.3806252094193429,0.4994766224703419,0.29959325869990794,0.43846150492099145,0.3689314147259482,334,316,0.47628661008625806,282,0.47628661008625806,10,20,43,5,1.0,0.10886252616887648,True,True,True,True,exploit,240,0.12506216431952247,0.25012432863904493,False,exploit,fewa(0.2501),1.0,0.2550141825617006,31,50,0,0,disabled,1,31,33,31,33,41703,live,True,0,True,1,a and another care communication constitute coordinate disciplines do how manage members one overall patient plan protocols roles s specific team the these to what with,none,0,,0.13953488372093023,0,0,fixed_anchor_dynamic,0.05769042968750004,0.05769042968750004,False,10
AMERICAN CANCER SOCIETY,True,True,1,True,True,,243,3,False,topology_pl_fewa,globally_unpulled_topology_prior,AMERICAN CANCER SOCIETY,1,2,0.0,0,0,0,0.0,0.0,0.0,0.0,0.0,0,0,0,0,0.0,0,0.0,0.0,0,fewa(0.2451),0.0,0.4994766224703419,1.0,0.10965200262639527,0.11016609729287713,0.11061778082868286,0.12213182718255554,334,282,0.3789924448727615,0.8924050632911392,0.23938879456706283,0.5231298443727318,0.5435866988543313,0.3806252094193429,0.4994766224703419,0.29959325869990794,0.43846150492099145,0.3689314147259482,334,316,0.47628661008625806,282,0.47628661008625806,10,20,43,5,1.0,0.10886252616887648,False,False,False,False,exploit,243,0.122560921033132,0.245121842066264,False,exploit,fewa(0.2451),1.0,0.27258943416700687,1,2,0,0,disabled,1,1,1,1,1,1234,live,True,0,True,1,agencies american cancer collaborative companies connect direct funding government initiatives institutions or partnerships pharmaceutical relationships research society specific the to what,none,0,,0.1282051282051282,0,0,fixed_anchor_dynamic,0.0,0.0,False,11
ANAL SEX,True,True,1,True,True,,243,3,False,topology_pl_fewa,globally_unpulled_topology_prior,ANAL SEX,32,32,0.1875,9.518518518518519,9.734779589832172,1.0020576131687242,0.16438400205761317,0.167763081296889,0.2974537037037037,0.3042118621822554,0.03131430041152263,10,2,9.704081632653061,9.849645980841316,0.0028672734525909127,1.0,0.16725127551020408,0.16952571845064557,10.520576131687243,fewa(0.2402),0.020548000257201646,0.5,0.9796511627906976,0.11063690085357847,0.11118303121337514,0.11167615258744797,0.12416455881799543,337,284,0.37975384352769637,0.8930817610062893,0.24108658743633277,0.5236152798532911,0.5440413795766977,0.38154216940459884,0.5,0.30048124635251006,0.43917302899423877,0.36978294002267054,344,318,0.4750208011287663,284,0.4750208011287663,10,20,43,5,1.0,0.1099092812281926,True,True,True,True,exploit,243,0.12010970261246937,0.24021940522493873,False,exploit,fewa(0.2402),1.0,0.2055234028531879,32,32,0,0,disabled,1,32,32,32,32,17350,live,True,0,True,1,anal and are associated complications direct disease infectious or physiological psychological risks sex what with,none,0,,0.2222222222222222,0,0,fixed_anchor_dynamic,0.020548000257201646,0.020548000257201646,False,12
CLINICAL TRIAL,True,True,23,True,True,,245,4,True,topology_pl_fewa,globally_unpulled_topology_prior,CLINICAL TRIAL,32,32,0.671875,24.8,26.002044981257818,2.4693877551020407,0.4260841836734694,0.4448661365056228,0.775,0.8125639056643068,0.07716836734693877,27,16,26.367063492063497,26.82246787603931,0.024126629818594203,2.4464285714285716,0.4502108134920636,0.45732650699168564,27.26938775510204,fewa(0.2354),0.053260522959183675,0.51168876482903,0.9811320754716981,0.11950098489822718,0.1203478658156167,0.12113434865802723,0.1375313925797769,364,300,0.39348902875330183,0.8982035928143712,0.2546689303904924,0.5337799184533619,0.5530325760431307,0.392953669920478,0.51168876482903,0.3159540053501429,0.4509761601609904,0.38284803000929885,371,334,0.48233160991048746,300,0.48233160991048746,10,20,43,5,1.0,0.11723656664340544,True,True,True,True,exploit,245,0.11770750856021997,0.23541501712043994,False,exploit,fewa(0.2354),1.0,0.21960640947091675,32,32,0,0,disabled,1,32,20,32,20,28087,live,True,0,True,1,advocacy agreements and bodies clinical connect criteria data direct eligibility enrollment groups or patient pharmaceutical procedures regulatory sharing specific sponsors to trial what,none,0,,0.1891891891891892,0,0,fixed_anchor_dynamic,0.053260522959183675,0.053260522959183675,False,13
CHEMOTHERAPY,True,True,19,True,True,,252,4,False,topology_pl_fewa,globally_unpulled_topology_prior,CHEMOTHERAPY,20,53,0.726027397260274,15.664682539682541,16.65123063114135,0.0,0.21458469232441837,0.2280990497416623,0.7832341269841271,0.8325615315570675,0.0,17,36,16.527667984189726,16.91938633629646,0.011821718417906635,0.0,0.226406410742325,0.2317724155657049,15.664682539682541,fewa(0.2307),0.030595083085317464,0.5170969993021632,0.9819587628865979,0.12508207485226527,0.12612993667419106,0.12713830011607744,0.14867219182599004,381,315,0.4011983615058936,0.8513513513513513,0.267402376910017,0.5391919110776355,0.5584281206152129,0.4021185674141383,0.5170969993021632,0.3256159627445103,0.4581859986657929,0.39155978434203176,388,370,0.4991353787966179,315,0.4991353787966179,10,20,43,5,1.0,0.12212142358688068,True,True,True,True,exploit,252,0.11535335838901556,0.23070671677803112,False,exploit,fewa(0.2307),,0.2357998955755142,20,53,0,0,disabled,1,20,39,20,39,30080,live,True,0,True,1,adverse are associated chemotherapy complications direct effects long or term toxicities what with,none,0,,0.3333333333333333,0,0,fixed_anchor_dynamic,0.030595083085317464,0.030595083085317464,False,14
TESTING FOR OVARIAN CANCER,True,True,8,True,True,,253,4,False,topology_pl_fewa,globally_unpulled_topology_prior,TESTING FOR OVARIAN CANCER,21,10,0.6129032258064516,15.468379446640313,16.78413973035042,0.7114624505928854,0.5219303837817161,0.564374263901397,0.7365894974590625,0.7992447490643058,0.07114624505928854,18,1,17.082677165354326,17.844887314774628,0.0486817574425662,0.6062992125984252,0.5706121412242823,0.5951995653991308,16.1798418972332,fewa(0.2261),0.03160125370553359,0.5174459176552687,0.9827586206896551,0.13099146421536442,0.13221082028005296,0.13339543668556106,0.15634268929860556,399,316,0.4016423873872858,0.8517520215633423,0.26825127334465193,0.5394762725984901,0.5586554609763961,0.40257704740676625,0.5174459176552687,0.32625362527069074,0.45860279981794627,0.39195205424546337,406,371,0.5033884704667613,316,0.5033884704667613,10,20,43,5,1.0,0.1270062805303559,True,True,True,True,exploit,253,0.11304629122123525,0.2260925824424705,False,exploit,fewa(0.2261),,0.23394267437653232,21,10,0,0,disabled,1,21,10,21,10,17411,live,True,0,True,1,are associated biomarker cancer diagnostic direct for imaging modalities or ovarian procedures testing tests what with,none,0,,0.2608695652173913,0,0,fixed_anchor_dynamic,0.03160125370553359,0.03160125370553359,False,15
,,,0,False,,,254,,,topology_pl_fewa,mode_explore,,1,21,0.22727272727272727,0,0,0.0,0.0,0.0,0.0,0.0,0.0,0,5,0,0,0.0,0.0,0.0,0.0,0.0,epsilon_sample(0.2216),,0.5225052337752966,0.9827586206896551,0.13099146421536442,0.13221082028005296,0.13339543668556106,0.15634268929860556,399,321,0.4073908745188962,0.8537234042553191,0.27249575551782684,0.5441748100902319,0.5629496677987462,0.4064903959890036,0.5225052337752966,0.33181558296130065,0.46316714084958027,0.3964428220275168,406,376,0.4895421063258137,321,0.4895421063258137,10,20,43,5,1.0,0.1270062805303559,True,False,False,False,explore,254,0.11078536539681057,0.22157073079362113,False,explore,epsilon_sample(0.2216),,0.2653966523674434,1,21,0,0,disabled,1,1,20,1,20,23772,live,,0,False,1,are cancer care commonly for interventions management or palliative patients recommended strategies supportive symptom therapy treatments undergoing what,none,0,,0.1724137931034483,0,0,agea_dynamic,0.0,0.0,False,16
,,,0,False,,,254,,,topology_pl_fewa,mode_explore,,39,38,0.6493506493506493,29.986220472440955,31.441983383966758,3.996062992125984,0.44132835668268755,0.46023436852068494,0.7688774480113065,0.8062047021529938,0.10515955242436799,34,16,33.10594795539032,33.491082903774135,0.04133953304839899,4.059479553903345,0.48266788973108654,0.4876696423074997,33.98228346456694,epsilon_sample(0.2171),,0.5464061409630147,0.9522727272727273,0.13755745239658568,0.13900542642700045,0.14043395226079483,0.16597374602107126,419,336,0.42828200301425795,0.8571428571428571,0.28522920203735147,0.5690926435676606,0.5885990247736188,0.42617411361603974,0.5464061409630147,0.3475505167954816,0.48522296795294345,0.420256371996637,440,392,0.48329680506392053,336,0.48329680506392053,10,20,46,5,0.989821882951654,0.13572923935799022,True,True,True,True,explore,254,0.10856965808887434,0.21713931617774868,False,explore,epsilon_sample(0.2171),,0.2653966523674434,39,38,0,0,disabled,1,39,21,39,21,36784,live,,0,False,1,and are cancer development different do drive genetic how influence key markers molecular mutations of or pathways progression selection that the they treatment tumor types what,none,0,,0.21052631578947367,0,0,agea_dynamic,0.0663716473917323,0.0663716473917323,False,17
BIOPSY,True,True,15,True,True,,269,5,True,topology_pl_fewa,globally_unpulled_topology_prior,BIOPSY,23,31,0.5740740740740741,13.425650557620822,13.771347825486107,1.0,0.2671416769929782,0.27354347824974273,0.5837239372878618,0.5987542532820046,0.03225806451612903,15,16,14.244525547445253,14.69853548404284,0.040813175669903556,2.3850364963503647,0.30795485266288175,0.3163624440813556,14.425650557620822,fewa(0.2128),0.028175098745353167,0.5601884159106769,0.9538461538461539,0.14248194353250165,0.14405019615418505,0.14553886002297106,0.17502830509039746,434,352,0.4432971926274239,0.8627450980392157,0.298811544991511,0.5812907954512787,0.5993658077532932,0.43734937501157095,0.5601884159106769,0.3628766356302996,0.4976374580353691,0.4334425712614641,455,408,0.48416909168864003,352,0.48416909168864003,10,20,46,5,0.9901477832512315,0.14026517794836008,True,True,True,True,exploit,269,0.10639826492709685,0.2127965298541937,False,exploit,fewa(0.2128),0.5,0.32078552329245824,23,31,0,0,disabled,1,23,19,23,19,38343,live,True,0,True,1,anatomical and are associated biopsy clinical diagnostic directly distinct each for indications methods or procedural purposes sampling sites specific techniques the tissue what with,none,0,,0.3055555555555556,0,0,fixed_anchor_dynamic,0.028175098745353167,0.028175098745353167,False,18
,,,0,False,,,274,,,topology_pl_fewa,mode_explore,,76,41,0.7863247863247863,45.9014598540146,52.41617161276575,4.733576642335766,0.4327780897123963,0.4884593867957394,0.6039665770265078,0.689686468589023,0.11545308883745771,72,20,68.68813559322042,70.52166906061473,0.21427391666164464,7.016949152542373,0.6470520063740409,0.6627232325910862,50.63503649635037,epsilon_sample(0.2085),,0.579030006978367,0.889943074003795,0.15397242284963886,0.15567388425217157,0.15725588239513397,0.18595294927908398,469,371,0.4674167282871695,0.866822429906542,0.3149405772495755,0.5995944783365883,0.6172582057999244,0.4593658723394909,0.579030006978367,0.3854170061114867,0.518436303343536,0.4487621694812437,527,428,0.48779951098310287,371,0.48779951098310287,10,20,47,5,0.990909090909091,0.15212840195394278,True,True,True,True,explore,274,0.1042702996285549,0.2085405992571098,False,explore,epsilon_sample(0.2085),0.5,0.28899702195636,76,41,0,0,disabled,1,76,41,76,41,37494,live,,0,False,1,and are associated cancer colorectal common development factors guidelines of prevention risk screening strategies the what with,none,0,,0.4583333333333333,0,0,agea_dynamic,0.09889655565693431,0.09889655565693431,False,19
ABDOMINAL EXAM,True,True,3,True,True,,295,5,False,topology_pl_fewa,globally_unpulled_topology_prior,ABDOMINAL EXAM,73,74,0.29931972789115646,17.083050847457628,18.192711864406785,3.3152542372881353,0.13876398016833855,0.1463126945693532,0.23401439517065242,0.24921523101927104,0.04480073293632615,25,19,22.019108280254777,23.243103168485536,0.06535014955998592,7.985668789808917,0.20411412972832446,0.21244062556662893,20.398305084745765,fewa(0.2044),0.03984043961864407,0.5964759246336357,0.894927536231884,0.16217990807616547,0.1637085326422561,0.1650875281838216,0.19121347853944598,494,390,0.48854836232846793,0.87248322147651,0.3310696095076401,0.616393554538069,0.6333893002331289,0.47656923482059804,0.5964759246336357,0.40548745263818836,0.5362538554878381,0.46658829216767655,552,447,0.4717910915440763,390,0.4717910915440763,10,20,47,5,0.9913978494623656,0.1608513607815771,True,True,True,True,exploit,295,0.1021848936359838,0.2043697872719676,False,exploit,fewa(0.2044),0.6666666666666666,0.33263570143395566,73,74,0,0,disabled,1,73,18,73,18,19404,live,True,0,True,1,abdominal are associated directly exam examination findings maneuvers or physical specific techniques what with,none,0,,0.27586206896551724,0,0,fixed_anchor_dynamic,0.03984043961864407,0.03984043961864407,False,20
PHYSICAL EXAM,True,True,26,True,True,,314,5,False,topology_pl_fewa,fewa_filtered_least_pulled,PHYSICAL EXAM,34,42,0.039473684210526314,0,0,0.0,0.0,0.0,0.0,0.0,0.0,0,3,0,0,0.0,0.0,0.0,0.0,0.0,fewa(0.2003),0.0,0.5989183531053733,0.894927536231884,0.16217990807616547,0.1637085326422561,0.1650875281838216,0.19121347853944598,494,393,0.49167140502589324,0.8733333333333333,0.333616298811545,0.6185599344409481,0.6353216933031864,0.4789271319255418,0.5989183531053733,0.4089883013736762,0.5386523371256955,0.4684968680709677,552,450,0.4659595171263538,393,0.4659595171263538,10,20,47,5,0.9913978494623656,0.1608513607815771,True,False,False,False,exploit,314,0.10014119576326413,0.20028239152652827,False,exploit,fewa(0.2003),0.6666666666666666,0.2560024207112801,34,42,0,0,disabled,1,34,17,34,17,20213,live,True,0,True,2,and anoscopy are associated beyond breast cancer carcinoma care components diagnosis digital directly ductal exam examination findings general head health history in its known links medical neck or physical prostate provider rectal roles situ skin specific team techniques tests to what with,none,0,,0.9285714285714286,1,1,fixed_anchor_dynamic,0.0,0.0,False,21
,,,0,False,,,314,,,topology_pl_fewa,mode_explore,,63,61,0.5806451612903226,36.46974522292993,39.18150077082232,6.522292993630576,0.34670998561742344,0.3685789819713943,0.5788848448084116,0.6219285836638463,0.10692283596115698,49,23,46.86053412462909,48.08290114379806,0.08215715327412443,6.31899109792285,0.42886713889154787,0.43872493743323315,42.99203821656051,epsilon_sample(0.1963),,0.6116538729937194,0.9034941763727121,0.1782665791201576,0.18000186649422945,0.181565163193752,0.20799131683462826,543,415,0.5081961783755223,0.8773784355179705,0.3522920203735144,0.6307539346598471,0.6470827679883996,0.49517445368627416,0.6116538729937194,0.42762048933377816,0.5531991573558218,0.48300504572787983,601,473,0.48980228637500667,415,0.48980228637500667,10,20,47,5,0.9921259842519685,0.17585484996510817,True,True,True,True,explore,314,0.09813837184799884,0.19627674369599768,False,explore,epsilon_sample(0.1963),0.6666666666666666,0.2560024207112801,63,61,0,0,disabled,1,63,42,63,42,36109,live,,0,False,1,and are biomarkers colorectal diagnose for genetic guide immunohistochemical key malignancies markers molecular mutations targeted the therapy to used what,none,0,,0.24324324324324326,0,0,agea_dynamic,0.08396882464171974,0.08396882464171974,False,22
ABDOMINAL AND PELVIC EXAM,True,True,5,True,True,,337,6,True,topology_pl_fewa,globally_unpulled_topology_prior,ABDOMINAL AND PELVIC EXAM,76,58,0.3880597014925373,26.608308605341232,29.052450492652053,3.8219584569732947,0.2270915452411532,0.24533141007183096,0.3501093237544899,0.3822690854296323,0.06589583546505681,36,16,34.65864022662889,35.32052660722741,0.06821309304052622,4.912181303116148,0.2953046382816794,0.30024408888316084,30.430267062314527,fewa(0.1924),0.05943411535608306,0.6301465457083043,0.9089481946624803,0.19008535784635588,0.19204455467366788,0.19371575934625404,0.21748461756174328,579,431,0.5295996043163878,0.8813905930470347,0.36587436332767403,0.6484035033022156,0.6639057086766076,0.5112670896421545,0.6301465457083043,0.4475413332701334,0.5705729141588961,0.49643338908342277,637,489,0.4910034875551958,431,0.4910034875551958,10,20,47,5,0.992619926199262,0.18771807397069085,True,True,True,True,exploit,337,0.09617560441103887,0.19235120882207773,False,exploit,fewa(0.1924),0.75,0.2370787464982273,76,58,0,0,disabled,1,76,18,76,18,23066,live,True,0,True,1,abdominal and are associated beyond cancer directly exam examination findings its known link maneuvers or ovarian pelvic physical specific techniques to what with,none,0,,0.6086956521739131,0,0,fixed_anchor_dynamic,0.05943411535608306,0.05943411535608306,False,23
,,,0,False,,,353,,,topology_pl_fewa,mode_explore,,26,37,0.4603174603174603,8.182719546742211,9.392648203580801,1.3597733711048159,0.15146814155312743,0.17067335832834313,0.3147199825670081,0.3612557001377231,0.03675063165148151,17,12,15.899725274725276,16.3876343436783,0.16130440336227458,3.8049450549450547,0.312772544915402,0.32051713331148185,9.542492917847028,epsilon_sample(0.1885),,0.6432309839497558,0.9113149847094801,0.19566644780039397,0.19767537494880638,0.19936809025171662,0.22141274324338842,596,443,0.5443847748653567,0.8842315369261478,0.3760611205432937,0.662341667408805,0.6785399324979174,0.5264168704181642,0.6432309839497558,0.4598146705336205,0.5849716007227875,0.507190901644247,654,501,0.492179965689971,443,0.492179965689971,10,20,48,5,0.9928443649373881,0.1936496859734822,True,True,True,True,explore,353,0.0942520923228181,0.1885041846456362,False,explore,epsilon_sample(0.1885),0.75,0.22906872014786234,26,37,0,0,disabled,1,26,19,26,19,19232,live,,0,False,1,and are associated cancers common development factors gastrointestinal influences lifestyle of preventive risk screening strategies the what with,none,0,,0.5909090909090909,0,0,agea_dynamic,0.018637681480169976,0.018637681480169976,False,24
METASTATIC CANCER,True,True,6,True,True,,364,6,False,topology_pl_fewa,globally_unpulled_topology_prior,METASTATIC CANCER,50,57,0.6822429906542056,35.791208791208796,39.7195802137423,5.0673076923076925,0.38185529423847187,0.4185690458509345,0.7158241758241759,0.7943916042748459,0.08890013495276654,45,28,44.42987012987015,44.828917186709404,0.08203595469950625,5.206493506493508,0.4638912489379781,0.4676206606841394,40.85851648351649,fewa(0.1847),0.07980179000686814,0.6599790648988136,0.9170243204577968,0.21043992120814184,0.2129228469920462,0.2151038730454458,0.23774321771258505,641,471,0.5649484634584916,0.8903591682419659,0.399830220713073,0.6778372348752035,0.6928169071802251,0.5452009156647841,0.6599790648988136,0.484073989590028,0.6030859638978661,0.5269545493772018,699,529,0.4961561901825265,471,0.4961561901825265,10,20,48,5,0.993322203672788,0.20760642009769714,True,True,True,True,exploit,364,0.09236705047636173,0.18473410095272347,False,exploit,fewa(0.1847),0.8,0.1728067305160085,50,57,0,0,disabled,1,50,20,50,20,36464,live,True,0,True,1,affected and are by cancer commonly frequently give metastases metastatic most organ primary rise sites specific the these to tumor types what which,none,0,,0.19444444444444445,0,0,fixed_anchor_dynamic,0.07980179000686814,0.07980179000686814,False,25
ADRENAL TUMORS,True,True,13,True,True,,385,6,False,topology_pl_fewa,globally_unpulled_topology_prior,ADRENAL TUMORS,53,33,0.686046511627907,27.28181818181819,32.15293472761006,5.474025974025975,0.38088190878888567,0.43752279885623296,0.5147512864493998,0.6066591458039634,0.16587957497048408,43,16,39.249376558603494,41.34168941735437,0.14183745559086275,5.704488778054864,0.5227193643797484,0.5470485836675493,32.755844155844166,fewa(0.1810),0.06397625811688314,0.6681786461967899,0.898921832884097,0.21897570584372947,0.22147977392003482,0.2236431857188332,0.24197581056645168,667,487,0.574976172091683,0.8935779816513761,0.4134125636672326,0.6860558438930876,0.700990334451337,0.5560106999029117,0.6681786461967899,0.49437731254499023,0.6124495775980178,0.5397413600937366,742,545,0.49337128139483866,487,0.49337128139483866,10,20,48,5,0.9936,0.21667829727843685,True,True,True,True,exploit,385,0.09051970946683449,0.18103941893366898,False,exploit,fewa(0.1810),0.8,0.22142499333003518,53,33,0,0,disabled,1,53,33,53,33,22826,live,True,0,True,1,adenomatous adrenal are associated development directly familial genetic hereditary mutations of or other polyposis specific syndromes than the tumors what with,none,0,,0.25806451612903225,0,0,fixed_anchor_dynamic,0.06397625811688314,0.06397625811688314,False,26
DIAGNOSTIC TESTS,True,True,10,True,True,,401,7,True,topology_pl_fewa,globally_unpulled_topology_prior,DIAGNOSTIC TESTS,51,56,0.07476635514018691,3.458852867830424,3.666734037723646,0.6970074812967582,0.03883981634698301,0.040782631018882284,0.06782064446726321,0.07189674583771855,0.01244656216601354,4,4,3.588308457711443,3.859779151506151,0.0011936611254678223,0.695273631840796,0.04003347747245083,0.04257058676025184,4.155860349127182,fewa(0.1774),0.008116914744389027,0.6695743196092114,0.8994638069705094,0.22028890347997374,0.2228146533748378,0.22499106450375222,0.24305778680955742,671,491,0.5779508543349495,0.8943533697632058,0.4168081494057725,0.6876644355707258,0.7028090573408029,0.5596785398439353,0.6695743196092114,0.49789667645255065,0.61480736096677,0.5417018402455113,746,549,0.493105257926536,491,0.493105257926536,10,20,48,5,0.9936406995230525,0.21807397069085835,True,True,True,True,exploit,401,0.0887093152774978,0.1774186305549956,False,exploit,fewa(0.1774),1.0,0.2976013750878123,51,56,0,0,disabled,1,51,54,51,54,37989,live,True,0,True,1,are assays associated biomarkers diagnostic directly disease for in laboratory minimal molecular monitoring oncology or residual response specific tests therapeutic what with,none,0,,0.26666666666666666,0,0,fixed_anchor_dynamic,0.008116914744389027,0.008116914744389027,False,27
SMOKEFREE.GOV,True,True,11,True,True,,402,7,False,topology_pl_fewa,globally_unpulled_topology_prior,SMOKEFREE.GOV,44,31,0.4533333333333333,19.987562189054724,22.684260599985144,1.5385572139303485,0.28701492537313433,0.3229709041855399,0.454262777023971,0.5155513772723896,0.04963087786872092,28,6,25.654411764705884,27.32621017156863,0.07403082626085261,1.424019607843137,0.36104575163398694,0.38333639705882355,21.526119402985074,fewa(0.1739),0.04204320195895522,0.6718422889043963,0.9031007751937985,0.22948128693368353,0.23204710875087667,0.2340527717741481,0.25183786694482,699,497,0.5811721940993286,0.8954954954954955,0.4219015280135823,0.6899130598376283,0.7050218368563198,0.5632194160946928,0.6718422889043963,0.5017463510298862,0.6177071020436724,0.5459284917915785,774,555,0.49685647803110927,497,0.49685647803110927,10,20,48,5,0.9938837920489296,0.22679692951849267,True,True,True,True,exploit,402,0.08693512897194784,0.17387025794389568,False,exploit,fewa(0.1739),1.0,0.23602734123372424,44,31,0,0,disabled,1,44,31,44,31,22287,live,True,0,True,1,and are based campaigns cessation digital directly evidence external for from gov health hosted level linked on or organizations programs promoted public referral services site smokefree specific state strategies this tools what which,none,0,,0.14,0,0,fixed_anchor_dynamic,0.04204320195895522,0.04204320195895522,False,28
AMERICAN JOINT COMMITTEE ON CANCER,True,True,9,True,True,,408,7,False,topology_pl_fewa,globally_unpulled_topology_prior,AMERICAN JOINT COMMITTEE ON CANCER,9,22,0.45161290322580644,3.7806372549019605,4.949235270088427,0.553921568627451,0.1398244781783681,0.1775211883456735,0.42007080610021785,0.5499150300098252,0.025178253119429592,8,6,7.639024390243903,7.84390243902439,0.12421958161706856,0.5463414634146342,0.26404405979543666,0.2706530291109363,4.334558823529411,fewa(0.1704),0.008465935202205881,0.6772505233775297,0.9040920716112532,0.23210768220617203,0.2347066835388809,0.2366500939028321,0.25362668969249225,707,502,0.5877097996274351,0.8948306595365418,0.42614601018675724,0.6951485214214419,0.7100164357004971,0.5678364335339678,0.6772505233775297,0.5076164011837844,0.6227933638745885,0.5489646633024989,782,561,0.4945458124392576,502,0.4945458124392576,10,20,48,5,0.9939577039274925,0.22958827634333567,True,True,True,True,exploit,408,0.08519642639250888,0.17039285278501776,False,exploit,fewa(0.1704),1.0,0.24801201726012048,9,22,0,0,disabled,1,9,22,9,22,28540,live,True,0,True,1,american are by cancer classification committee criteria defined directly joint maintained on or specific staging systems the what,none,0,,0.18518518518518517,0,0,fixed_anchor_dynamic,0.008465935202205881,0.008465935202205881,False,29
,,,0,False,,,410,,,topology_pl_fewa,mode_explore,,53,60,0.40707964601769914,20.492682926829268,22.974180547293287,3.278048780487806,0.21036045758687677,0.23232061352018668,0.38665439484583525,0.43347510466591105,0.054634146341463435,31,15,29.839622641509436,30.577732845318614,0.08238457497281604,3.24056603773585,0.2927450325596928,0.29927698126596874,23.770731707317076,epsilon_sample(0.1670),,0.683182135380321,0.9077490774907749,0.242284963887065,0.24512429477158965,0.24729851943939665,0.26261853376771516,738,517,0.5955365466585368,0.8975694444444444,0.4388794567062818,0.7010142355151353,0.7158136149106697,0.5773291526194266,0.683182135380321,0.5175375709871679,0.6303682613914237,0.5622949782167891,813,576,0.5120025809180814,517,0.5120025809180814,10,20,48,5,0.9942279942279942,0.24040474528960223,True,True,True,True,explore,410,0.0834924978646587,0.1669849957293174,False,explore,epsilon_sample(0.1670),1.0,0.24568328458516864,53,60,0,0,disabled,1,53,60,53,60,33385,live,,0,False,1,and are associated cancer development factors genetic key of pancreatic predisposition risk syndromes the what with,none,0,,0.5,0,0,agea_dynamic,0.04642721036585366,0.04642721036585366,False,30
LEUKEMIA,True,True,2,True,True,,424,8,True,topology_pl_fewa,globally_unpulled_topology_prior,LEUKEMIA,51,48,0.31313131313131315,18.384433962264147,19.79183817639729,1.490566037735849,0.20075757575757572,0.2149737799407388,0.360479097299297,0.3880752583607312,0.031053459119496852,23,8,21.121839080459775,21.967086801426877,0.03232032973412291,1.9528735632183907,0.23307790549169863,0.2416157612590431,19.874999999999996,fewa(0.1636),0.03881835937499999,0.6878925331472435,0.9102870813397129,0.24983585029546948,0.25276635288492416,0.25501585802587584,0.2673971733159034,761,525,0.6024950634849665,0.898972602739726,0.4456706281833616,0.7057869717550574,0.7205991295135771,0.5838219702928042,0.6878925331472435,0.5244785386937455,0.636047950469086,0.5671986145312972,836,584,0.514757793441991,525,0.514757793441991,10,20,48,5,0.9944055944055944,0.24808094905792044,True,True,True,True,exploit,424,0.08182264790736553,0.16364529581473106,False,exploit,fewa(0.1636),1.0,0.21138431725484957,51,48,0,0,disabled,1,51,19,51,19,21139,live,True,0,True,1,are associated clinical diagnosis diagnostic directly leukemia markers molecular monitoring of or procedures signs specific the what with,none,0,,0.3333333333333333,0,0,fixed_anchor_dynamic,0.03881835937499999,0.03881835937499999,False,31
,,,0,False,,,435,,,topology_pl_fewa,mode_explore,,30,38,0.45588235294117646,18.581609195402297,20.16865107676047,0.2735632183908046,0.2772819472616633,0.30062079845810696,0.6193869731800766,0.672288369225349,0.0071990320629159105,23,8,21.604118993135003,22.695993852405362,0.04441343569701206,0.2711670480549199,0.32169538295867534,0.33775236618323945,18.855172413793102,epsilon_sample(0.1604),,0.6952198185624564,0.9126891734575088,0.2573867367038739,0.26056867643788634,0.26307398163576134,0.2786806434788101,784,533,0.6111584513871288,0.9003378378378378,0.4524617996604414,0.7134176146106189,0.728409533922228,0.5915869472057134,0.6952198185624564,0.5316439102858429,0.6436831240153743,0.5745804062826116,859,592,0.5135502091429943,533,0.5135502091429943,10,20,48,5,0.994535519125683,0.2540125610607118,True,True,True,True,explore,435,0.08018619494921822,0.16037238989843644,False,explore,epsilon_sample(0.1604),1.0,0.1753594506485876,30,38,0,0,disabled,1,30,20,30,20,27496,live,,0,False,1,and are associated cancers common complications effects for how long managed pelvic radiation side term the therapy these what with,none,0,,0.32,0,0,agea_dynamic,0.03682650862068965,0.03682650862068965,False,32
LEUKEMIC MENINGITIS,True,True,4,True,True,,437,8,False,topology_pl_fewa,globally_unpulled_topology_prior,LEUKEMIC MENINGITIS,59,58,0.23931623931623933,9.879862700228834,12.013782341636599,2.711670480549199,0.10761994171605156,0.12585857112979315,0.16745530000387854,0.20362342951926438,0.04675293931981377,18,10,17.30957683741648,17.57215862024494,0.06364383533837135,2.728285077951002,0.17126377705442292,0.17350806579654654,12.591533180778033,fewa(0.1572),0.024592838243707095,0.70324494068388,0.9144811858608894,0.26329612606697306,0.26654280143878323,0.2690728968619386,0.28297779030489756,802,543,0.6206148762827015,0.9019933554817275,0.4609507640067912,0.7202048392310482,0.7341081989758876,0.5979768997304183,0.70324494068388,0.5420138878602666,0.6510459136710164,0.579991893402931,877,602,0.515499143196367,543,0.515499143196367,10,20,48,5,0.9946595460614153,0.25994417306350315,True,True,True,True,exploit,437,0.07858247105023385,0.1571649421004677,False,exploit,fewa(0.1572),1.0,0.2230478768315236,59,58,0,0,disabled,1,59,56,59,56,34247,live,True,0,True,1,and are associated cerebrospinal clinical diagnostic directly findings fluid leukemic manifestations meningitis modalities primary the treatment what with,none,0,,0.2857142857142857,0,0,fixed_anchor_dynamic,0.024592838243707095,0.024592838243707095,False,33
SKIN LESION BIOPSY,True,True,1,True,True,,449,8,False,topology_pl_fewa,globally_unpulled_topology_prior,SKIN LESION BIOPSY,11,23,0.5294117647058824,5.674832962138085,5.760813438425405,1.7761692650334076,0.21914712432857333,0.22167596186643568,0.5158939056489168,0.5237103125841277,0.07722475065362641,10,8,9.201754385964913,9.6090299419052,0.11525045049082813,2.167763157894737,0.33439757481940147,0.3463762676411747,7.451002227171493,fewa(0.1540),0.014552738724944322,0.7070830425680391,0.915445321307779,0.2665791201575837,0.26975564697381543,0.27226052641137294,0.2847114396377219,812,551,0.6252704272765438,0.9032786885245901,0.46774193548387094,0.723618595036618,0.7372476611065134,0.6030179431615569,0.7070830425680391,0.54758695465412,0.6553467838776603,0.5851024605948415,887,610,0.5210352719807985,551,0.5210352719807985,10,20,48,5,0.994729907773386,0.26343335659455686,True,True,True,True,exploit,449,0.07701082162922918,0.15402164325845835,False,exploit,fewa(0.1540),1.0,0.18716888010010707,11,23,0,0,disabled,1,11,18,11,18,14230,live,True,0,True,1,and are associated biopsy diagnostic direct findings histopathological indications lesion methods skin the what with,none,0,,0.3448275862068966,0,0,fixed_anchor_dynamic,0.014552738724944322,0.014552738724944322,False,34
BLOOD TESTS,True,True,26,True,True,,456,9,True,topology_pl_fewa,globally_unpulled_topology_prior,BLOOD TESTS,53,52,0.2,15.969298245614034,17.097419398276397,0.5460526315789473,0.1572890559732665,0.16803306695100328,0.30130751406818934,0.3225928188354037,0.010501012145748988,18,3,17.548034934497814,17.870561678839078,0.014971289212842853,0.5393013100436681,0.17226034518610936,0.17533202846554996,16.515350877192983,fewa(0.1509),0.032256544682017545,0.7095254710397767,0.9171270718232044,0.2724885095206829,0.27587408159563054,0.2785820657035962,0.2923428669110405,830,554,0.6293064362592906,0.9037520391517129,0.4702886247877759,0.7261834690836556,0.7398999653203179,0.6066170111036863,0.7095254710397767,0.5514906935339077,0.6583888592362941,0.5871260687045965,905,613,0.5315387923799948,554,0.5315387923799948,10,20,48,5,0.9948253557567918,0.2683182135380321,True,True,True,True,exploit,456,0.0754706051966446,0.1509412103932892,False,exploit,fewa(0.1509),1.0,0.20303340933014816,53,52,0,0,disabled,1,53,20,53,20,23642,live,True,0,True,1,and are associated biomarkers blood cancer central colon condition diagnose each findings key laboratory lymphoma monitor nervous or ovarian primary specific system tests the to used what with,none,0,,0.275,0,0,fixed_anchor_dynamic,0.032256544682017545,0.032256544682017545,False,35
,,,0,False,,,458,,,topology_pl_fewa,mode_explore,,53,47,0.25,19.5556768558952,21.185740880227304,0.9497816593886462,0.20505458515283845,0.22135522539615948,0.36897503501689055,0.39973096000428876,0.02020812041252439,23,2,21.17826086956521,22.309937381852553,0.015021501803683224,0.8293478260869566,0.22007608695652167,0.23139285207939508,20.505458515283845,epsilon_sample(0.1479),,0.7114445219818563,0.9191810344827587,0.28003939592908733,0.2835176495640194,0.2862409534777314,0.2969391342196094,853,556,0.6314655133304995,0.9040650406504065,0.47198641765704585,0.7280907121684876,0.7417641562820204,0.6082820173927036,0.7114445219818563,0.5532844434043015,0.660195478841917,0.5879804763717968,928,615,0.5388046304865874,556,0.5388046304865874,10,20,48,5,0.9949494949494949,0.2749476622470342,True,True,True,True,explore,458,0.0739611930927117,0.1479223861854234,False,explore,epsilon_sample(0.1479),1.0,0.19241912900742608,53,47,0,0,disabled,1,53,47,53,47,32888,live,,0,False,1,and are cancer development genetic in involved key molecular mutations of pancreatic pathways progression the what,none,0,,0.45454545454545453,0,0,agea_dynamic,0.04004972366266376,0.04004972366266376,False,36
GERMLINE MUTATION,True,True,7,True,True,,460,9,False,topology_pl_fewa,globally_unpulled_topology_prior,GERMLINE MUTATION,34,34,0.19117647058823528,9.125,9.985557655954631,0.2619565217391304,0.13804347826086955,0.15069873790726118,0.26838235294117646,0.29369287223395973,0.0077046035805626596,11,2,10.468614718614718,10.831603371376099,0.019758278805593416,0.2619047619047619,0.15780175706646296,0.16313982548942443,9.38695652173913,fewa(0.1450),0.018333899456521738,0.7117934403349616,0.9201277955271565,0.28365068942875904,0.2872173540773493,0.28996028702248483,0.29924211154896385,864,557,0.6317770335151058,0.9027552674230146,0.47283531409168084,0.7283750736893422,0.7419914966432036,0.6087404973853316,0.7117934403349616,0.553922105930482,0.6606122799940705,0.5886070866892745,939,617,0.5415673927008295,557,0.5415673927008295,10,20,48,5,0.9950124688279302,0.2784368457780879,True,True,True,True,exploit,460,0.07248196923085747,0.14496393846171493,False,exploit,fewa(0.1450),1.0,0.19327853088647862,34,34,0,0,disabled,1,34,20,34,20,25082,live,True,0,True,1,a and are associated by cancer caused clinical directly disorders genetic germline hereditary inheritance mutation or patterns phenotypes specific syndromes the what,none,0,,0.30303030303030304,0,0,fixed_anchor_dynamic,0.018333899456521738,0.018333899456521738,False,37
PAP TEST,True,True,1,True,True,,462,9,False,topology_pl_fewa,globally_unpulled_topology_prior,PAP TEST,25,36,0.29508196721311475,11.208874458874458,12.069766542980831,0.5238095238095238,0.19233908168334396,0.20645206666869434,0.44835497835497834,0.48279066171923324,0.014550264550264551,13,5,12.12043010752688,12.724364666435427,0.014923389672199833,0.5225806451612903,0.2072624713555438,0.21716303789502817,11.732683982683982,fewa(0.1421),0.022915398403679652,0.717725052337753,0.9212184873949579,0.2879185817465529,0.2916085722685637,0.2943891188089827,0.3036146840475012,877,562,0.6373027896501934,0.9035369774919614,0.4770797962648557,0.7345066329912434,0.7482307265556771,0.6137210379368269,0.717725052337753,0.5583072392841573,0.6661374037329588,0.5938791350184687,952,622,0.5370977646841135,562,0.5370977646841135,10,20,48,5,0.995079950799508,0.28227494766224703,True,True,True,True,exploit,462,0.0710323298462403,0.1420646596924806,False,exploit,fewa(0.1421),1.0,0.16543083708631987,25,36,0,0,disabled,1,25,18,25,18,17985,live,True,0,True,1,abnormal and are associated clinical diagnostic directly follow indications pap procedures protocols result specific test the up what with,none,0,,0.37037037037037035,0,0,fixed_anchor_dynamic,0.022915398403679652,0.022915398403679652,False,38
BREAST EXAM,True,True,6,True,True,,465,10,True,topology_pl_fewa,globally_unpulled_topology_prior,BREAST EXAM,64,78,0.5915492957746479,31.496774193548397,35.044138050641706,3.959139784946236,0.2496895350598214,0.27467097067315455,0.4921370967741937,0.5475646570412767,0.050758202371105586,45,39,40.5125260960334,43.30481474540296,0.07076975512806999,4.992693110647182,0.3204592901878914,0.34012329476091646,35.455913978494635,fewa(0.1392),0.06924983198924733,0.7254012561060712,0.9247743229689067,0.3026920551543007,0.3064145186464921,0.3091857206649409,0.31388578677230605,922,572,0.6466793360840993,0.8653555219364599,0.4855687606112054,0.741874229063522,0.7553445853577028,0.6226127920194174,0.7254012561060712,0.5682261872668922,0.6747235705493949,0.608898020510023,997,661,0.5502584856377649,572,0.5502584856377649,10,20,49,5,0.9953325554259043,0.29762735519888345,True,True,True,True,exploit,465,0.06961168324931549,0.13922336649863098,False,exploit,fewa(0.1392),1.0,0.18237466507977834,64,78,0,0,disabled,1,64,49,64,49,35084,live,True,0,True,1,accuracy and are associated breast clinical diagnostic documented exam for frequency guidelines intervals metrics or outcomes procedure recommended specific the this what with,none,0,,0.3055555555555556,0,0,fixed_anchor_dynamic,0.06924983198924733,0.06924983198924733,False,39
TESTING FOR BREAST CANCER,True,True,9,True,True,,479,10,False,topology_pl_fewa,globally_unpulled_topology_prior,TESTING FOR BREAST CANCER,42,38,0.125,5.4832985386221305,5.932355158842579,0.2536534446764092,0.07171189979123174,0.07732510754398736,0.13055472711005073,0.1412465514010138,0.00667509064937919,8,2,7.7006237006237015,7.906051581727257,0.027703380874048944,0.2525987525987526,0.09941528066528069,0.10198312917907512,5.73695198329854,fewa(0.1364),0.01120498434237996,0.7283670621074668,0.9253731343283582,0.30531845042678923,0.30908635655105926,0.3119000970314003,0.3168302263011373,930,574,0.6499653854238024,0.8657616892911011,0.4872665534804754,0.7447581559663625,0.7580989012720382,0.6247057129682209,0.7283670621074668,0.5710242000705039,0.6772989160962722,0.6113442996213367,1005,663,0.5468031566042407,574,0.5468031566042407,10,20,49,5,0.9953757225433526,0.30041870202372645,True,True,True,True,exploit,479,0.0682194495843292,0.1364388991686584,False,exploit,fewa(0.1364),1.0,0.18848314722602794,42,38,0,0,disabled,1,42,19,42,19,24875,live,True,0,True,1,a and are breast cancer clinical diagnostic directly documented each for govern guidelines in mass modality of palpable patients presenting protocols sensitivity specific specificity testing the thresholds use what with,none,0,,0.2926829268292683,0,0,fixed_anchor_dynamic,0.01120498434237996,0.01120498434237996,False,40
ESOPHAGEAL CANCER,True,True,14,True,True,,481,10,False,topology_pl_fewa,globally_unpulled_topology_prior,ESOPHAGEAL CANCER,54,50,0.5480769230769231,26.181912681912692,27.67470533063049,3.502079002079002,0.28542299696145856,0.299776772429899,0.48485023485023504,0.5124945431598239,0.07004158004158004,40,17,35.9251497005988,38.12043975920415,0.13225126988945501,7.512974051896208,0.4176742668509136,0.4387828251067342,29.683991683991692,fewa(0.1337),0.057976546257796274,0.7404047452896022,0.9282296650717703,0.3184504267892318,0.322106155987766,0.324707387297524,0.3260403002505577,970,591,0.6662150437572584,0.8691176470588236,0.50169779286927,0.7559685659997614,0.7686220535619511,0.6384327999990724,0.7404047452896022,0.5877619156241373,0.6904151398287611,0.62168184044416,1045,680,0.5508105110282366,591,0.5508105110282366,10,20,49,5,0.9955801104972376,0.3143754361479414,True,True,True,True,exploit,481,0.06685506059264261,0.13371012118528522,False,exploit,fewa(0.1337),1.0,0.171367715989621,54,50,0,0,disabled,1,54,16,54,16,18221,live,True,0,True,1,and cancer clinical diagnostic directly endoscopy esophageal govern guidelines in of patients protocols specific the use what with,none,0,,0.5,0,0,fixed_anchor_dynamic,0.057976546257796274,0.057976546257796274,False,41
EBV-RELATED CANCER,True,True,2,True,True,,501,11,True,topology_pl_fewa,globally_unpulled_topology_prior,EBV-RELATED CANCER,50,59,0.48623853211009177,28.778443113772454,30.588810403145803,3.406187624750499,0.29527184163782527,0.3118807158522596,0.5755688622754491,0.6117762080629161,0.05773199363983897,39,14,37.37884615384615,38.37071745562131,0.07897833479125022,3.414423076923076,0.3742501764290755,0.3833499131426091,32.184630738522955,fewa(0.1310),0.06286060691117765,0.7458129797627355,0.9308118081180812,0.33125410374261327,0.33520549727667465,0.3380514177908398,0.33881435048688574,1009,605,0.6729072045700603,0.8717579250720461,0.5135823429541596,0.7609303915117768,0.7732597969300892,0.6463008046904875,0.7458129797627355,0.5964781180290359,0.6968930930564043,0.6299181226602849,1084,694,0.568844341016274,605,0.568844341016274,10,20,49,5,0.9957582184517497,0.32763433356594557,True,True,True,True,exploit,501,0.06551795938078975,0.1310359187615795,False,exploit,fewa(0.1310),1.0,0.18744139835134505,50,59,0,0,disabled,1,50,59,50,59,35226,live,True,0,True,1,and are cancer clinical diagnostic directly ebv govern guidelines immunotherapy in of patients protocols related specific that the use what with,none,0,,0.6956521739130435,0,0,fixed_anchor_dynamic,0.06286060691117765,0.06286060691117765,False,42
ANAL DYSPLASIA,True,True,1,True,True,,520,11,False,topology_pl_fewa,globally_unpulled_topology_prior,ANAL DYSPLASIA,79,72,0.039735099337748346,5.125961538461539,5.6025878328402365,0,0.033946765155374425,0.03710323068106117,0.06488558909444986,0.0709188333270916,0.0,6,0,5.53076923076923,5.866768676035503,0.002680845644421795,0,0.03662761079979622,0.03885277268897684,5.125961538461539,fewa(0.1284),0.010011643629807693,0.7458129797627355,0.9311926605504587,0.33322390019697967,0.3372253604468482,0.3400691154148678,0.3406386085908076,1015,605,0.6729072045700603,0.8717579250720461,0.5135823429541596,0.7609303915117768,0.7732597969300892,0.6463008046904875,0.7458129797627355,0.5964781180290359,0.6968930930564043,0.6299181226602849,1090,694,0.5707781732581391,605,0.5707781732581391,10,20,49,5,0.9957850368809273,0.3297278436845778,True,True,True,True,exploit,520,0.06420760019317395,0.1284152003863479,False,exploit,fewa(0.1284),,0.21888707102673619,79,72,0,0,disabled,1,79,69,79,69,34058,live,True,0,True,1,anal and clinical diagnostic directly dysplasia govern guidelines management of protocols specific the treatment what,none,0,,0.5,0,0,fixed_anchor_dynamic,0.010011643629807693,0.010011643629807693,False,43
EBV-RELATED CANCER,True,True,2,True,True,,520,11,False,topology_pl_fewa,fewa_filtered_least_pulled,EBV-RELATED CANCER,64,56,0.0,0,0,0,0.0,0.0,0.0,0.0,0.0,0,0,0,0,0.0,0,0.0,0.0,0,fewa(0.1258),0.0,0.7458129797627355,0.9311926605504587,0.33322390019697967,0.3372253604468482,0.3400691154148678,0.3406386085908076,1015,605,0.6729072045700603,0.8717579250720461,0.5135823429541596,0.7609303915117768,0.7732597969300892,0.6463008046904875,0.7458129797627355,0.5964781180290359,0.6968930930564043,0.6299181226602849,1090,694,0.5707781732581391,605,0.5707781732581391,10,20,49,5,0.9957850368809273,0.3297278436845778,False,False,False,False,exploit,520,0.06292344818931048,0.12584689637862095,False,exploit,fewa(0.1258),,0.18720860772114228,64,56,0,0,disabled,1,64,47,64,47,37405,live,True,0,True,4,2 44 absent additional and cancer directly diversification earlier ebv entities expansion fallback focused for from medical named only perform related relationship relationships retrieve round supported turn turns,similarity_exhausted,0,,1.0,4,4,diversified_fallback,0.0,0.0,False,44
HEREDITARY OVARIAN CANCER,True,True,4,True,True,,520,12,True,topology_pl_fewa,globally_unpulled_topology_prior,HEREDITARY OVARIAN CANCER,56,50,0.03773584905660377,0,0,0.0,0.0,0.0,0.0,0.0,0.0,0,4,0,0,0.0,0.0,0.0,0.0,0.0,fewa(0.1233),0.0,0.7470341939986044,0.9311926605504587,0.33322390019697967,0.3372253604468482,0.3400691154148678,0.3406386085908076,1015,609,0.6742985286835149,0.8724928366762178,0.5169779286926995,0.7619651712663286,0.7741691583748221,0.6481347246609994,0.7470341939986044,0.5984296171654883,0.6984098151242357,0.6318056196014037,1090,698,0.5729751859438886,609,0.5729751859438886,10,20,49,5,0.9957850368809273,0.3297278436845778,True,False,False,False,exploit,520,0.06166497922552427,0.12332995845104854,False,exploit,fewa(0.1233),,0.137270700709178,56,50,0,0,disabled,1,56,19,56,19,22084,live,True,0,True,1,and are associated brca cancer clinical directly excluding genetic hereditary interventions its known links lynch management mutations ovarian protocols specific syndrome testing therapeutic to what with,none,0,,0.32432432432432434,0,0,fixed_anchor_dynamic,0.0,0.0,False,45
GENERAL HEALTH HISTORY,False,True,0,True,False,,520,12,False,topology_pl_fewa,globally_unpulled_topology_prior,GENERAL HEALTH HISTORY,79,73,0.013157894736842105,0.24807692307692308,0.4346116863905326,0.24807692307692308,0.0032641700404858302,0.004491372430706945,0.0031402142161635832,0.005501413751778894,0.003398314014752371,1,1,0.6756238003838771,0.7559395964500573,0.002809675802528616,0.2476007677543186,0.006073845843014446,0.006602239238186683,0.49615384615384617,fewa(0.1209),0.0,0.7472086531751571,0.9312557286892759,0.3335521996060407,0.3374415574070312,0.3402725486599195,0.34067528073950243,1016,610,0.6744248965366153,0.8726752503576538,0.5178268251273345,0.7621662452260333,0.7743964987360054,0.6485932046536274,0.7472086531751571,0.5986799422919099,0.6987045380453297,0.63249020303913,1091,699,0.5728657716850724,610,0.5728657716850724,10,20,49,5,0.9957894736842106,0.33007676203768316,True,True,True,True,exploit,520,0.06043167964101378,0.12086335928202756,False,exploit,fewa(0.1209),,0.12292832075093166,79,73,0,0,disabled,1,79,65,79,65,34339,live,True,0,True,1,anal and clinical directly documented dysplasia findings for general health history in inform of patient reported selection specific symptoms targeted the therapies what,none,0,,0.3103448275862069,0,0,fixed_anchor_dynamic,0.0009690504807692308,0.0009690504807692308,True,46
PROVIDER,True,True,5,True,True,,521,12,False,topology_pl_fewa,globally_unpulled_topology_prior,PROVIDER,48,55,0.46601941747572817,29.569097888675618,31.54055853758276,1.9808061420345489,0.3063097478709725,0.3254501425205564,0.6160228726807421,0.6570949695329742,0.03601465712790089,38,10,35.82958801498128,37.0127070796336,0.06711303675504121,2.632958801498127,0.3734227846260137,0.3849093774867158,31.549904030710167,fewa(0.1184),0.061620906309980794,0.7536636427076064,0.933569530558016,0.34602757715036114,0.35002082000941853,0.35292432619032826,0.3529529822195978,1054,620,0.68166971421867,0.8744710860366713,0.5263157894736842,0.7677883976810146,0.7792240368602222,0.654412568249279,0.7536636427076064,0.6071413759290896,0.7049136948915812,0.6413564501599702,1129,709,0.5878250554456464,620,0.5878250554456464,10,20,49,5,0.9959432048681541,0.34263782274947663,True,True,True,True,exploit,521,0.0592230460481935,0.118446092096387,False,exploit,fewa(0.1184),,0.06649655536673711,48,55,0,0,disabled,1,48,19,48,19,18627,live,True,0,True,1,and are associated clinical directly interventions management protocols provider specific therapeutic what with,none,0,,0.4444444444444444,0,0,fixed_anchor_dynamic,0.061620906309980794,0.061620906309980794,False,47
STEM CELL RESCUE,True,True,15,True,True,,534,13,True,topology_pl_fewa,globally_unpulled_topology_prior,STEM CELL RESCUE,51,46,0.44329896907216493,23.452247191011246,27.5785008907405,3.1722846441947565,0.274479709641299,0.3170184075766521,0.4598479841374754,0.5407549194262843,0.06896270965640774,37,6,32.503703703703714,35.17628515089162,0.08752869051143114,2.6111111111111107,0.3620084001527301,0.3895607862062137,26.624531835206003,fewa(0.1161),0.052001038740636725,0.7557571528262387,0.9356775300171527,0.3581746552856205,0.3620927864284594,0.36492536151751076,0.35983106252432806,1091,626,0.6838226850932609,0.8755244755244755,0.5314091680814941,0.7694558092707086,0.7805880790273216,0.6571634482050467,0.7557571528262387,0.6105437239491514,0.7073576931850559,0.6447839207031405,1166,715,0.6057446368225209,626,0.6057446368225209,10,20,49,5,0.9960861056751468,0.35519888346127004,True,True,True,True,exploit,534,0.05803858512722963,0.11607717025445927,False,exploit,fewa(0.1161),,0.06870413661336655,51,46,0,0,disabled,1,51,46,51,46,32147,live,True,0,True,1,and are associated cell clinical complications details directly indications post procedural rescue specific stem transplant what with,none,0,,0.36363636363636365,0,0,fixed_anchor_dynamic,0.052001038740636725,0.052001038740636725,False,48
COLORECTAL SURGEON,True,True,1,True,True,,540,13,False,topology_pl_fewa,globally_unpulled_topology_prior,COLORECTAL SURGEON,21,29,0.52,11.14166666666667,12.707283950617285,1.9981481481481482,0.26279629629629636,0.29410864197530867,0.5305555555555557,0.6051087595532041,0.06890166028097063,17,9,14.583486238532112,15.97068260247454,0.0648917770981991,1.8009174311926608,0.32768807339449546,0.355432000673344,13.139814814814818,fewa(0.1138),0.02566370081018519,0.7590718771807397,0.9366018596787827,0.3637557452396586,0.3675768232732803,0.370324202085366,0.36326752717999894,1108,635,0.6884637262422164,0.8770718232044199,0.5390492359932089,0.772423687953577,0.7833161633615205,0.6622460264090367,0.7590718771807397,0.6165759670104055,0.7115327575951528,0.6498097626543575,1183,724,0.613837657237847,635,0.613837657237847,10,20,49,5,0.9961464354527938,0.36078157711095604,True,True,True,True,exploit,540,0.056877813424685036,0.11375562684937007,False,exploit,fewa(0.1138),,0.11681072551055145,21,29,0,0,disabled,1,21,20,21,20,22866,live,True,0,True,1,and are associated colorectal complication directly management perioperative postoperative procedures protocols rates specific surgeon surgical what with,none,0,,0.42857142857142855,0,0,fixed_anchor_dynamic,0.02566370081018519,0.02566370081018519,False,49
,,,0,False,,,545,,,topology_pl_fewa,mode_explore,,54,52,0.14150943396226415,6.847706422018348,7.336735964986112,1.326605504587156,0.07711615025099533,0.0817296365054082,0.12680937818552496,0.13586548083307615,0.02551164431898377,9,6,7.882032667876588,8.244046462297556,0.015785263987267872,1.9655172413793105,0.0929014142382632,0.09631663871393271,8.174311926605505,epsilon_sample(0.1115),,0.7620376831821354,0.9370805369127517,0.36671043992120816,0.3703859624488738,0.3731037442400002,0.36613088387558923,1117,641,0.6916454878104407,0.8780821917808219,0.5441426146010186,0.7749125196916797,0.7854434195983065,0.6653785966049723,0.7620376831821354,0.6205841314606826,0.7145711347423761,0.6535354509750072,1192,730,0.6126887273501157,641,0.6126887273501157,10,20,49,5,0.9961795606494747,0.3639218422889044,True,True,True,True,explore,545,0.05574025715619134,0.11148051431238268,False,explore,epsilon_sample(0.1115),,0.16936998476981074,54,52,0,0,disabled,1,54,21,54,21,22371,live,,0,False,1,and are drive genetic in key melanoma metastatic molecular mutations pathways resistance targeted that the therapies to what,none,0,,0.4166666666666667,0,0,agea_dynamic,0.015965452981651376,0.015965452981651376,False,50
LUMP OR MASS NEAR ANUS,True,True,1,True,True,,551,13,False,topology_pl_fewa,globally_unpulled_topology_prior,LUMP OR MASS NEAR ANUS,32,32,0.03125,0.4519056261343013,0.8017019048026852,0,0.007061025408348458,0.012526592262541957,0.014122050816696916,0.025053184525083913,0.0,2,0,1.1669691470054446,1.5827286471388433,0.011172867513611615,0,0.018233892921960072,0.024730135111544427,0.4519056261343013,fewa(0.1093),0.0008826281760435572,0.7620376831821354,0.9371859296482412,0.36736703873933024,0.3710293384283665,0.37373342583721214,0.36632712793741695,1119,641,0.6916454878104407,0.8780821917808219,0.5441426146010186,0.7749125196916797,0.7854434195983065,0.6653785966049723,0.7620376831821354,0.6205841314606826,0.7145711347423761,0.6535354509750072,1194,730,0.6165248393753396,641,0.6165248393753396,10,20,49,5,0.996186844613918,0.36461967899511516,True,True,True,True,exploit,551,0.05462545201306751,0.10925090402613502,False,exploit,fewa(0.1093),,0.18479321482000982,32,32,0,0,disabled,1,32,31,32,31,16401,live,True,0,True,1,a and anus are associated clinical diagnoses diagnostic differential directly evaluations features lump mass near or what with,none,0,,0.2916666666666667,0,0,fixed_anchor_dynamic,0.0008826281760435572,0.0008826281760435572,False,51
DNA SEQUENCING,True,True,1,True,True,,551,14,True,topology_pl_fewa,globally_unpulled_topology_prior,DNA SEQUENCING,38,41,0.02531645569620253,0.9101633393829401,0.9101633393829401,0,0.011521054928897977,0.011521054928897977,0.023951666825866847,0.023951666825866847,0.0,2,0,1.577757685352622,1.703376944432636,0.00845056134138838,0,0.019971616270286357,0.021561733473830835,0.9101633393829401,fewa(0.1071),0.001777662772232305,0.7620376831821354,0.9372909698996655,0.3680236375574524,0.37164260245418274,0.3742788650103666,0.36656361850835806,1121,641,0.6916454878104407,0.8780821917808219,0.5441426146010186,0.7749125196916797,0.7854434195983065,0.6653785966049723,0.7620376831821354,0.6205841314606826,0.7145711347423761,0.6535354509750072,1196,730,0.6184060816395103,641,0.6184060816395103,10,20,49,5,0.9961941008563273,0.36531751570132587,True,True,True,True,exploit,551,0.05353294297280616,0.10706588594561232,False,exploit,fewa(0.1071),,0.1855525858935823,38,41,0,0,disabled,1,38,41,38,41,32074,live,True,0,True,1,and applications are associated capabilities clinical diagnostic directly dna in limitations oncology practice sequencing specific technical what with,none,0,,0.34782608695652173,0,0,fixed_anchor_dynamic,0.001777662772232305,0.001777662772232305,False,52
ANUS,True,True,1,True,True,,553,14,False,topology_pl_fewa,globally_unpulled_topology_prior,ANUS,82,77,0.0,0,0,0,0.0,0.0,0.0,0.0,0.0,0,0,0,0,0.0,0,0.0,0.0,0,fewa(0.1049),0.0,0.7620376831821354,0.9372909698996655,0.3680236375574524,0.37164260245418274,0.3742788650103666,0.36656361850835806,1121,641,0.6916454878104407,0.8780821917808219,0.5441426146010186,0.7749125196916797,0.7854434195983065,0.6653785966049723,0.7620376831821354,0.6205841314606826,0.7145711347423761,0.6535354509750072,1196,730,0.6184060816395103,641,0.6184060816395103,10,20,49,5,0.9961941008563273,0.36531751570132587,False,False,False,False,exploit,553,0.052462284113350036,0.10492456822670007,False,exploit,fewa(0.1049),,0.12659484730516743,82,77,0,0,disabled,1,82,20,82,20,21043,live,True,0,True,1,anatomical and anus are associated clinical conditions directly functions physiological specific structures the what with,none,0,,0.4,0,0,fixed_anchor_dynamic,0.0,0.0,False,53
COMPREHENSIVE METABOLIC PANEL,True,True,5,True,True,,553,14,False,topology_pl_fewa,globally_unpulled_topology_prior,COMPREHENSIVE METABOLIC PANEL,76,61,0.4306569343065693,31.433092224231473,33.81864251869631,4.7947558770343575,0.2644368474544951,0.2818496233265012,0.4135933187398878,0.4449821384038988,0.07860255536121898,40,19,37.62760416666664,38.62669692804783,0.046238335027256605,4.934895833333335,0.3106751824817517,0.317967830375045,36.22784810126583,fewa(0.1028),0.07075751582278482,0.7712840195394278,0.9393203883495146,0.38115561391989494,0.38494037065270753,0.38771049541565505,0.3761295251425201,1161,660,0.7027235217801873,0.8811748998664887,0.5602716468590832,0.7829411470483867,0.7925137048311054,0.6757585006552651,0.7712840195394278,0.6338580286229731,0.7244876664596714,0.6651434482985236,1236,749,0.6296801400345278,660,0.6296801400345278,10,20,49,5,0.9963269054178145,0.3785764131193301,True,True,True,True,exploit,553,0.05141303843108303,0.10282607686216606,False,exploit,fewa(0.1028),,0.07169890537690762,76,61,0,0,disabled,1,76,15,76,15,21173,live,True,0,True,1,and are associated clinical comprehensive conditions diagnostic directly interpretations metabolic panel parameters physiological specific what with,none,0,,0.47619047619047616,0,0,fixed_anchor_dynamic,0.07075751582278482,0.07075751582278482,False,54
SUPPORT GROUPS,True,True,3,True,True,,576,15,True,topology_pl_fewa,globally_unpulled_topology_prior,SUPPORT GROUPS,16,27,0.27906976744186046,7.324652777777778,7.341625825858411,0.4600694444444444,0.18104005167958656,0.18143477372797337,0.4577907986111111,0.45885161411615066,0.017039609053497943,9,3,8.314655172413794,8.74986920332937,0.023069811993228218,0.46206896551724136,0.20410986367281478,0.21423112020573515,7.784722222222222,fewa(0.1008),0.015204535590277778,0.7721563154221912,0.9397590361445783,0.3841103086014445,0.38792530245255535,0.39076229931760537,0.3791756761933124,1170,663,0.7037967201935145,0.8816489361702128,0.5628183361629882,0.7837929100102011,0.7933472861554439,0.6772649349167571,0.7721563154221912,0.6352481477421842,0.7256559366282674,0.6665835003860741,1245,752,0.6324647014822944,663,0.6324647014822944,10,20,49,5,0.9963536918869644,0.38136775994417305,True,True,True,True,exploit,576,0.050384777662461376,0.10076955532492275,False,exploit,fewa(0.1008),,0.07202701560854738,16,27,0,0,disabled,1,16,19,16,19,14571,live,True,0,True,1,and are as associated demographics directly emotional groups informational participant pathways practical referral services specific support well what with,none,0,,0.28,0,0,fixed_anchor_dynamic,0.015204535590277778,0.015204535590277778,False,55
SOMATIC MUTATION,True,True,6,True,True,,580,15,False,topology_pl_fewa,globally_unpulled_topology_prior,SOMATIC MUTATION,63,47,0.06363636363636363,2.9620689655172416,3.9404310344827587,0.23103448275862068,0.029028213166144203,0.037922413793103446,0.047016967706622885,0.06254652435686918,0.00491562729273661,6,1,4.24526678141136,5.214990772038239,0.011646172688964545,0.2289156626506024,0.04067438585510875,0.04949005849717129,3.1931034482758625,fewa(0.0988),0.006236530172413794,0.7728541521284019,0.9400479616306955,0.3860801050558109,0.3896284229845422,0.39216267700447327,0.3794825908126223,1176,664,0.7051078866655857,0.8818061088977424,0.5636672325976231,0.7845452598768183,0.7941429774195853,0.6784875482304316,0.7728541521284019,0.6365945710553039,0.7266184976578445,0.6677763132636458,1251,753,0.6309740446544726,664,0.6309740446544726,10,20,49,5,0.9963735267452403,0.3834612700628053,True,True,True,True,exploit,580,0.04937708210921214,0.09875416421842428,False,exploit,fewa(0.0988),,0.09281179589426562,63,47,0,0,disabled,1,63,41,63,41,35430,live,True,0,True,1,and are associated cellular directly genomic instability markers mechanisms molecular mutation processes somatic specific what with,none,0,,0.3181818181818182,0,0,fixed_anchor_dynamic,0.006236530172413794,0.006236530172413794,False,56
GERMLINE MUTATION,True,True,7,True,True,,581,15,False,topology_pl_fewa,fewa_filtered_least_pulled,GERMLINE MUTATION,37,36,0.0,0,0,0,0.0,0.0,0.0,0.0,0.0,0,0,0,0,0.0,0,0.0,0.0,0,fewa(0.0968),0.0,0.7728541521284019,0.9400479616306955,0.3860801050558109,0.3896284229845422,0.39216267700447327,0.3794825908126223,1176,664,0.7051078866655857,0.8818061088977424,0.5636672325976231,0.7845452598768183,0.7941429774195853,0.6784875482304316,0.7728541521284019,0.6365945710553039,0.7266184976578445,0.6677763132636458,1251,753,0.6309740446544726,664,0.6309740446544726,10,20,49,5,0.9963735267452403,0.3834612700628053,False,False,False,False,exploit,581,0.0483895404670279,0.0967790809340558,False,exploit,fewa(0.0968),,0.09720523344582475,37,36,0,0,disabled,1,37,36,37,36,32861,live,True,0,True,1,and are associated cancer classification criteria directly familial germline hereditary implications mutation or reproductive risk specific syndromes variant what with,none,0,,0.4,0,0,fixed_anchor_dynamic,0.0,0.0,False,57
TRANSABDOMINAL SURGERY,True,True,9,True,True,,581,16,True,topology_pl_fewa,globally_unpulled_topology_prior,TRANSABDOMINAL SURGERY,32,40,0.3055555555555556,8.532702237521514,9.006288493042739,1.753012048192771,0.14285714285714285,0.14943472973938207,0.2666469449225473,0.2814465154075856,0.04382530120481927,12,10,9.64720812182741,10.52504001076497,0.039484462707812945,3.481387478849407,0.1823416055649558,0.19453371513353301,10.285714285714285,fewa(0.0948),0.020089285714285712,0.7791346824842986,0.9406175771971497,0.39001969796454367,0.3934289401432392,0.3958437046643744,0.3828213834916826,1188,674,0.7143071148794449,0.8833551769331586,0.5721561969439728,0.7906419302529597,0.800034881780251,0.6870633073306346,0.7791346824842986,0.646612760360348,0.734096447150604,0.6757124482645132,1263,763,0.6293365970661066,674,0.6293365970661066,10,20,49,5,0.9964125560538116,0.3876482903000698,True,True,True,True,exploit,581,0.04742174965768734,0.09484349931537468,False,exploit,fewa(0.0948),,0.09490102246004516,32,40,0,0,disabled,1,32,20,32,20,17617,live,True,0,True,1,and are associated complications directly life of outcomes patient postoperative quality recovery reported specific surgery timelines transabdominal what with,none,0,,0.2857142857142857,0,0,fixed_anchor_dynamic,0.020089285714285712,0.020089285714285712,False,58
BONE MARROW ASPIRATE,True,True,8,True,True,,591,16,False,topology_pl_fewa,globally_unpulled_topology_prior,BONE MARROW ASPIRATE,51,44,0.05263157894736842,1.954314720812183,2.212049896787973,0.6514382402707276,0.027428978537714848,0.030141980390091586,0.03831989648651339,0.043373527387999475,0.014805414551607445,3,2,2.342327150084317,2.6946386880099187,0.007851042763430089,1.0092748735244519,0.03528002130114494,0.03898856380562495,2.6057529610829104,fewa(0.0929),0.0050893612521150594,0.7801814375436148,0.9407582938388626,0.39100459619172684,0.39432738690672514,0.39666659442980506,0.38310993565152757,1191,676,0.7154760305929813,0.8836601307189542,0.5738539898132428,0.7913384708815352,0.8004895625026174,0.6879802673158905,0.7801814375436148,0.6482391330752054,0.735117397297584,0.6773558266736631,1266,765,0.6322114824643655,676,0.6322114824643655,10,20,49,5,0.9964221824686941,0.3886950453593859,True,True,True,True,exploit,591,0.04647331466453359,0.09294662932906718,False,exploit,fewa(0.0929),,0.12347245103147372,51,44,0,0,disabled,1,51,19,51,19,22819,live,True,0,True,1,abnormalities and are aspirate bone cytogenetic directly disease from identified immunophenotypic markers marrow measurable residual samples specific thresholds what,none,0,,0.20689655172413793,0,0,fixed_anchor_dynamic,0.0050893612521150594,0.0050893612521150594,False,59
ALL,True,True,3,True,True,,593,16,False,topology_pl_fewa,globally_unpulled_topology_prior,ALL,26,27,0.4339622641509434,9.726812816188868,11.600153135655155,1.10539629005059,0.20438130389131054,0.2397273476548254,0.3741081852380334,0.44615973598673675,0.04094060333520704,17,6,14.0008389261745,15.807814118733392,0.07765617869701419,0.9471476510067114,0.28203748258832473,0.31613135414603966,10.832209106239459,fewa(0.0911),0.021156658410623943,0.7829727843684577,0.9415432579890881,0.39658568614576495,0.3998534770628186,0.4018429251167256,0.38465944655896483,1208,681,0.7198182074080033,0.8832684824902723,0.5780984719864176,0.7939254174923167,0.8029145263552386,0.6919319282047314,0.7829727843684577,0.6532722974514219,0.7385486199087898,0.6840758754374419,1283,771,0.6379115860865563,681,0.6379115860865563,10,20,49,5,0.9964757709251101,0.3946266573621772,True,True,True,True,exploit,593,0.04554384837124292,0.09108769674248585,False,exploit,fewa(0.0911),,0.0760708772481177,26,27,0,0,disabled,1,26,27,26,27,34006,live,True,0,True,1,all and are associated directly drug enzyme genetic metabolizing polymorphisms related specific toxicities treatment variants what with,none,0,,0.30434782608695654,0,0,fixed_anchor_dynamic,0.021156658410623943,0.021156658410623943,False,60
,,,0,False,,,596,,,topology_pl_fewa,mode_explore,,10,34,0.3409090909090909,4.8129194630872485,4.987126846763659,0.0,0.10938453325198293,0.11334379197190135,0.48129194630872485,0.4987126846763659,0.0,5,10,4.821308724832214,4.988072750101347,0.00019066503965829706,0.0,0.10957519829164122,0.11336528977503062,4.8129194630872485,epsilon_sample(0.0893),,0.7864619678995115,0.9417701863354038,0.39822718319107026,0.40155400960474325,0.4036036223021436,0.38750688024869395,1213,685,0.7231946219228677,0.8770806658130602,0.5814940577249575,0.796944059388321,0.805511452788755,0.6943536642959904,0.7864619678995115,0.6567724055800268,0.7414445184807593,0.686965033593419,1288,781,0.6326413095224681,685,0.6326413095224681,10,20,49,5,0.9964912280701754,0.3963712491277041,True,True,True,True,explore,596,0.04463297140381806,0.08926594280763613,False,explore,epsilon_sample(0.0893),,0.08073912769046249,10,34,0,0,disabled,1,10,25,10,25,36574,live,,0,False,1,and are clinical diagnosing different for imaging indications key modalities of radiological solid specific staging the their tumors types what,none,0,,0.2647058823529412,0,0,agea_dynamic,0.009400233326342282,0.009400233326342282,False,61
,,,0,False,,,596,,,topology_pl_fewa,mode_explore,,8,22,0.1,1.8456375838926173,1.8802137291113012,0.0,0.06152125279642058,0.0626737909703767,0.23070469798657717,0.23502671613891266,0.0,2,1,1.8699664429530203,1.9709824444844828,0.0008109619686800934,0.0,0.062332214765100674,0.06569941481614942,1.8456375838926173,epsilon_sample(0.0875),,0.7866364270760642,0.9418604651162791,0.3988837820091924,0.4022311441395375,0.4043032006932293,0.388588800040284,1215,686,0.7233852190003499,0.8772378516624041,0.5823429541595926,0.7971451333480257,0.8057387931499383,0.6948121442886183,0.7866364270760642,0.6570227307064485,0.7417392414018533,0.6873227388825575,1290,782,0.6342842106236176,686,0.6342842106236176,10,20,49,5,0.9964973730297724,0.39706908583391487,True,True,True,True,explore,596,0.0437403119757417,0.0874806239514834,False,explore,epsilon_sample(0.0875),,0.09681039170763024,8,22,0,0,disabled,1,8,19,8,19,35701,live,,0,False,1,active after and are cancer care completing follow for key long patients plans psychosocial recommendations services support survivorship term the treatment up what,none,0,,0.21621621621621623,0,0,agea_dynamic,0.0036047609060402682,0.0036047609060402682,False,62
INFECTIONS,True,True,3,True,True,,596,17,True,topology_pl_fewa,globally_unpulled_topology_prior,INFECTIONS,48,57,0.11428571428571428,8.411073825503355,8.826129735147067,1.0604026845637584,0.09020453819111536,0.09415745161629357,0.17523070469798654,0.1838777028155639,0.01860355586953962,10,2,8.860000000000001,9.513775694444446,0.004247842761265594,1.0575,0.09445238095238095,0.10067881613756614,9.471476510067113,fewa(0.0857),0.01849897755872483,0.7876831821353804,0.9423076923076923,0.402166776099803,0.40546852951112783,0.40752150547316285,0.3926848799316971,1225,688,0.7248722054290131,0.8775510204081632,0.5840407470288624,0.7981260354974556,0.8066481545946713,0.6961875842665022,0.7876831821353804,0.6589120188647369,0.7429896448583134,0.6889119397696781,1300,784,0.6359624863806097,688,0.6359624863806097,10,20,49,5,0.9965277777777778,0.4005582693649686,True,True,True,True,exploit,596,0.04286550573622686,0.08573101147245372,False,exploit,fewa(0.0857),1.0,0.10911464226691436,48,57,0,0,disabled,1,48,21,48,21,23438,live,True,0,True,1,and antimicrobial are cancer control directly for immunosuppressive in infection infections patients precautions prophylactic protocols recommended regimens specific therapy undergoing vaccination what,none,0,,0.2647058823529412,0,0,fixed_anchor_dynamic,0.01849897755872483,0.01849897755872483,False,63
BIOCHEMICAL TESTS,True,True,2,True,True,,600,17,False,topology_pl_fewa,globally_unpulled_topology_prior,BIOCHEMICAL TESTS,45,48,0.15053763440860216,4.950833333333334,5.190072916666667,1.3075,0.06729390681003584,0.06986637544802868,0.11001851851851853,0.11533495370370371,0.027239583333333334,7,7,5.4159802306425044,5.844987365958382,0.009923502978984727,1.7652388797364083,0.07721740978902057,0.08183038973865367,6.258333333333334,fewa(0.0840),0.012223307291666667,0.7897766922540126,0.9426166794185157,0.40446487196323044,0.4076110122588207,0.4096828120121141,0.3944058000254791,1232,695,0.7277816085573581,0.8786346396965866,0.5899830220713073,0.800278676242149,0.8088457780861092,0.7001305122031025,0.7897766922540126,0.6628320510959484,0.7459550860530143,0.6940487096091043,1307,791,0.6342869956542789,695,0.6342869956542789,10,20,49,5,0.996548748921484,0.4030006978367062,True,True,True,True,exploit,600,0.04200819562150233,0.08401639124300465,False,exploit,fewa(0.0840),1.0,0.09858412133370884,45,48,0,0,disabled,1,45,19,45,19,22059,live,True,0,True,1,and are b biochemical cell clinical diagnose diffuse established interpretations large lymphoma monitor ranges reference specific tests their to used what,none,0,,0.2564102564102564,0,0,fixed_anchor_dynamic,0.012223307291666667,0.012223307291666667,False,64
BIOMARKER TEST,True,True,12,True,True,,607,17,False,topology_pl_fewa,globally_unpulled_topology_prior,BIOMARKER TEST,64,55,0.33613445378151263,17.661449752883026,20.87404091203938,3.897034596375618,0.18116373402738356,0.208160298390042,0.2759601523887973,0.3261568892506153,0.07085517447955669,32,8,30.167479674796738,31.138319122215616,0.09831293468888336,3.0902439024390245,0.2794766687162669,0.2876349834004592,21.558484349258645,fewa(0.0823),0.04210641474464579,0.7955338450802513,0.9439880507841673,0.41497045305318453,0.4182776642391542,0.42042967298983297,0.40126696040117477,1264,703,0.7352018066372294,0.8798498122653317,0.5967741935483871,0.8056988040207609,0.8138977861124036,0.7065282730145167,0.7955338450802513,0.6712149804035402,0.7522699392418299,0.6980623906632047,1339,799,0.6427193107054586,703,0.6427193107054586,10,20,49,5,0.9966329966329966,0.41311933007676205,True,True,True,True,exploit,607,0.041168031709072274,0.08233606341814455,False,exploit,fewa(0.0823),1.0,0.10655710698817304,64,55,0,0,disabled,1,64,55,64,55,31270,live,True,4,True,4,1 65 absent additional and biomarker directly diversification earlier entities expansion fallback focused for from medical named only perform relationship relationships retrieve round supported test turn turns,anchor_exhausted,0,,0.6666666666666666,0,0,diversified_fallback,0.04210641474464579,0.04210641474464579,False,65
MAMMOGRAM,True,True,1,True,True,,615,18,True,topology_pl_fewa,globally_unpulled_topology_prior,MAMMOGRAM,1,2,0.0,0,0,0,0.0,0.0,0.0,0.0,0.0,0,0,0,0,0.0,0,0.0,0.0,0,fewa(0.0807),0.0,0.7955338450802513,0.9439880507841673,0.41497045305318453,0.4182776642391542,0.42042967298983297,0.40126696040117477,1264,703,0.7352018066372294,0.8798498122653317,0.5967741935483871,0.8056988040207609,0.8138977861124036,0.7065282730145167,0.7955338450802513,0.6712149804035402,0.7522699392418299,0.6980623906632047,1339,799,0.6427193107054586,703,0.6427193107054586,10,20,49,5,0.9966329966329966,0.41311933007676205,False,False,False,False,exploit,615,0.040344671074890835,0.08068934214978167,False,exploit,fewa(0.0807),1.0,0.10191359301538765,1,2,0,0,disabled,1,1,1,1,1,1115,live,True,0,True,1,additional all and any biopsy connected connections detection diagnostic digital directly each early entities entity excluding its known label mammogram mammography medical mri named needle relationship retrieve return screening specific stereotactic the to tomosynthesis type ultrasound via with,none,0,,0.14814814814814814,0,0,fixed_anchor_dynamic,0.0,0.0,False,66
DIGITAL RECTAL EXAM,True,True,11,True,True,,615,18,False,topology_pl_fewa,globally_unpulled_topology_prior,DIGITAL RECTAL EXAM,17,15,0.3125,9.235772357723578,9.776735408817503,0,0.2886178861788618,0.30552298152554697,0.5432807269249164,0.5751020828716178,0.0,10,0,9.486178861788618,9.916436644854254,0.007825203252032509,0,0.2964430894308943,0.30988864515169545,9.235772357723578,fewa(0.0791),0.018038617886178863,0.7955338450802513,0.9444032616753151,0.41825344714379514,0.42166932998090634,0.4238814757929692,0.40485067457390794,1274,703,0.7352018066372294,0.8798498122653317,0.5967741935483871,0.8056988040207609,0.8138977861124036,0.7065282730145167,0.7955338450802513,0.6712149804035402,0.7522699392418299,0.6980623906632047,1349,799,0.6437913266110111,703,0.6437913266110111,10,20,49,5,0.9966555183946488,0.41591067690160505,True,True,True,True,exploit,615,0.039537777653393016,0.07907555530678603,False,exploit,fewa(0.0791),1.0,0.08003668636499107,17,15,0,0,disabled,1,17,14,17,14,9516,live,True,0,True,1,additional all anal and anoscopy anus any canal cancer connected digital directly entities exam excluding medical named psa rectal rectum relationship retrieve test to type via,none,0,,0.3333333333333333,0,0,fixed_anchor_dynamic,0.018038617886178863,0.018038617886178863,False,67
TUMOR TESTING,True,True,6,True,True,,615,18,False,topology_pl_fewa,globally_unpulled_topology_prior,TUMOR TESTING,6,7,0.0,0,0,0,0.0,0.0,0.0,0.0,0.0,0,0,0,0,0.0,0,0.0,0.0,0,fewa(0.0775),0.0,0.7955338450802513,0.9444032616753151,0.41825344714379514,0.42166932998090634,0.4238814757929692,0.40485067457390794,1274,703,0.7352018066372294,0.8798498122653317,0.5967741935483871,0.8056988040207609,0.8138977861124036,0.7065282730145167,0.7955338450802513,0.6712149804035402,0.7522699392418299,0.6980623906632047,1349,799,0.6437913266110111,703,0.6437913266110111,10,20,49,5,0.9966555183946488,0.41591067690160505,False,False,False,False,exploit,615,0.03874702210032515,0.0774940442006503,False,exploit,fewa(0.0775),1.0,0.12545601304147933,6,7,0,0,disabled,1,6,3,6,3,2633,live,True,0,True,1,additional all and any biopsy connected directly entities excluding medical metastasis mutation named relationship retrieve staging testing to tumor type via,none,0,,0.46875,0,0,fixed_anchor_dynamic,0.0,0.0,False,68
CANCER TREATMENT,True,True,17,True,True,,615,19,True,topology_pl_fewa,globally_unpulled_topology_prior,CANCER TREATMENT,17,17,0.38235294117647056,12.166666666666664,12.887393747108202,0,0.3578431372549019,0.37904099256200596,0.7156862745098038,0.7580819851240119,0.0,13,0,12.573170731707316,12.95873091413841,0.011956001912960312,0,0.3697991391678622,0.38113914453348263,12.166666666666664,fewa(0.0759),0.02376302083333333,0.7955338450802513,0.9449339207048458,0.422521339461589,0.4260882207028526,0.42841271096088474,0.40975169093571984,1287,703,0.7352018066372294,0.8798498122653317,0.5967741935483871,0.8056988040207609,0.8138977861124036,0.7065282730145167,0.7955338450802513,0.6712149804035402,0.7522699392418299,0.6980623906632047,1362,799,0.6443732572531461,703,0.6443732572531461,10,20,49,5,0.9966887417218543,0.4200976971388695,True,True,True,True,exploit,615,0.03797208165831865,0.0759441633166373,False,exploit,fewa(0.0759),1.0,0.10741510540325624,17,17,0,0,disabled,1,17,16,17,16,17402,live,True,0,True,1,additional all and any cancer connected directly during entities excluding groups medical named ovarian pregnancy preventing relationship retrieve support team to treatment type via,none,0,,0.5,0,0,fixed_anchor_dynamic,0.02376302083333333,0.02376302083333333,False,69
PET SCAN,True,True,34,True,True,,615,19,False,topology_pl_fewa,globally_unpulled_topology_prior,PET SCAN,34,35,0.7391304347826086,27.8658536585366,29.73232864035956,3.690243902439026,0.4573347472605163,0.4843851093159216,0.8195839311334294,0.8744802541282224,0.10543554006968646,34,17,33.919558359621476,33.95588136512454,0.08885233270108056,3.767350157728708,0.5461870799615969,0.5467135003312065,31.556097560975626,fewa(0.0744),0.06163300304878052,0.8077459874389393,0.9319484240687679,0.42711753118844387,0.4307944282639274,0.43323070611938724,0.4129968234963109,1301,720,0.7491825251282341,0.8823529411764706,0.6112054329371817,0.8163698635067803,0.8231736173037726,0.7174763502155114,0.8077459874389393,0.6872476382046486,0.7640835682956646,0.7156919150247668,1396,816,0.639778372408482,720,0.639778372408482,10,20,49,5,0.9879227053140096,0.4281228192602931,True,True,True,True,exploit,615,0.037212640025152274,0.07442528005030455,False,exploit,fewa(0.0744),1.0,0.16552495149222946,34,35,0,0,disabled,1,34,34,34,34,18973,live,True,0,True,1,additional all and any cancer connected diagnostic directly entities excluding medical metastasis named ovarian pet relationship retrieve scan tests to type via,none,0,,0.5925925925925926,0,0,fixed_anchor_dynamic,0.06163300304878052,0.06163300304878052,False,70
SIDE EFFECTS,True,True,5,True,True,,634,19,False,topology_pl_fewa,globally_unpulled_topology_prior,SIDE EFFECTS,5,6,0.2727272727272727,1.555205047318612,1.6044902924698228,0.221608832807571,0.16152853455692573,0.16600901138885396,0.31104100946372243,0.3208980584939646,0.036934805467928496,2,1,1.7468553459119496,1.8031760511846842,0.017502340228666036,0.22248427672955975,0.17903087478559176,0.1841509389012949,1.776813880126183,fewa(0.0729),0.003470339609621451,0.8089672016748081,0.9320457796852647,0.427774130006566,0.43145918619426316,0.43387046018034525,0.41318813130346144,1303,721,0.7512808578104406,0.8824969400244798,0.6120543293718166,0.817718708633995,0.8246350910542363,0.7195186701826722,0.8089672016748081,0.688820687223937,0.765729321200868,0.7160496203139053,1398,817,0.6399401860791324,721,0.6399401860791324,10,20,49,5,0.9879421221864951,0.4288206559665038,True,True,True,True,exploit,634,0.03646838722464923,0.07293677444929846,False,exploit,fewa(0.0729),1.0,0.220759154138856,5,6,0,0,disabled,1,5,5,5,5,2726,live,True,0,True,1,additional all already any connected directly effects entities excluding identified in medical named prior queries relationship retrieve side to type via,none,0,,0.5,0,0,fixed_anchor_dynamic,0.003470339609621451,0.003470339609621451,False,71
HEMORRHOIDS,True,True,1,True,True,,636,20,True,topology_pl_fewa,globally_unpulled_topology_prior,HEMORRHOIDS,1,2,0.3333333333333333,0.6454402515723271,0.7243242207586725,0,0.21514675052410903,0.2414414069195575,0.6454402515723271,0.7243242207586725,0.0,1,0,0.7272012578616353,0.862313842411297,0.02725366876310273,0,0.24240041928721176,0.28743794747043233,0.6454402515723271,fewa(0.0715),0.0012606254913522014,0.8089672016748081,0.9313795568263045,0.427774130006566,0.43145918619426316,0.43387046018034525,0.41318813130346144,1303,721,0.7512808578104406,0.8824969400244798,0.6120543293718166,0.817718708633995,0.8246350910542363,0.7195186701826722,0.8089672016748081,0.688820687223937,0.765729321200868,0.7160496203139053,1399,817,0.6386000361359931,721,0.6386000361359931,10,20,49,5,0.98714859437751,0.4288206559665038,True,True,True,True,exploit,636,0.035739019480156245,0.07147803896031249,False,exploit,fewa(0.0715),,0.2530648610502412,1,2,0,0,disabled,1,1,1,1,1,535,live,True,0,True,1,additional all anal and any cancer connected directly entities excluding hemorrhoids medical named relationship retrieve surgery to type via,none,0,,0.64,0,0,fixed_anchor_dynamic,0.0012606254913522014,0.0012606254913522014,False,72
MINIMALLY INVASIVE SURGERY,True,True,1,True,True,,636,20,False,topology_pl_fewa,globally_unpulled_topology_prior,MINIMALLY INVASIVE SURGERY,1,2,0.0,0,0,0,0.0,0.0,0.0,0.0,0.0,0,0,0,0,0.0,0,0.0,0.0,0,fewa(0.0700),0.0,0.8089672016748081,0.9313795568263045,0.427774130006566,0.43145918619426316,0.43387046018034525,0.41318813130346144,1303,721,0.7512808578104406,0.8824969400244798,0.6120543293718166,0.817718708633995,0.8246350910542363,0.7195186701826722,0.8089672016748081,0.688820687223937,0.765729321200868,0.7160496203139053,1399,817,0.6386000361359931,721,0.6386000361359931,10,20,49,5,0.98714859437751,0.4288206559665038,False,False,False,False,exploit,636,0.03502423909055312,0.07004847818110624,False,exploit,fewa(0.0700),,0.2383706339192906,1,2,0,0,disabled,1,1,1,1,1,660,live,True,0,True,1,all any connected directly entities excluding invasive laparoscopic medical minimally named relationship retrieve surgery to type via,none,0,,0.6363636363636364,0,0,fixed_anchor_dynamic,0.0,0.0,False,73
CLINICAL TRIAL,True,True,23,True,True,,636,20,False,topology_pl_fewa,fewa_filtered_least_pulled,CLINICAL TRIAL,23,24,0.2978723404255319,12.724056603773585,12.816021048415802,0.22169811320754718,0.2754415897230028,0.2773982800345393,0.553219852337982,0.557218306452861,0.009237421383647798,13,1,12.88845553822153,12.943257293474264,0.003477652153055233,0.22074882995319814,0.27891924187605804,0.2800852366686694,12.945754716981131,fewa(0.0686),0.025284677181603772,0.8093161200279134,0.9249291784702549,0.4287590282337492,0.4324716120253873,0.43492120128475725,0.4143177475916817,1306,722,0.7516560480841086,0.882640586797066,0.6129032258064516,0.8180030701548496,0.8248624314154196,0.7199771501753002,0.8093161200279134,0.6894583497501174,0.7661461223530216,0.7164704414807741,1412,818,0.633514269002356,722,0.633514269002356,10,20,49,5,0.9793322734499205,0.42986741102581993,True,True,True,True,exploit,636,0.03432375430874205,0.0686475086174841,False,exploit,fewa(0.0686),,0.2383706339192906,23,24,0,0,disabled,1,23,14,23,14,17442,live,True,0,True,1,1 2 3 4 all and any cancer care centers clinical cns connected ctdna directly entities excluding institute insurance library lymphoma medical medicine metastasis multidisciplinary named national nccn of phase primary relationship retrieve s sponsor states study surgery team testing to treatment trial trials type u united via,none,0,,0.3137254901960784,0,0,fixed_anchor_dynamic,0.025284677181603772,0.025284677181603772,False,74
HEAD AND NECK CANCER,True,True,20,True,True,,641,21,True,topology_pl_fewa,globally_unpulled_topology_prior,HEAD AND NECK CANCER,20,19,0.6666666666666666,16.258190327613104,17.303742446109695,1.545241809672387,0.45649825993039717,0.48330728860979694,0.8129095163806552,0.8651871223054848,0.08132851629854669,19,7,18.750771604938272,18.882055779416245,0.06389980907878301,1.5447530864197532,0.5203980690091802,0.5237643298932307,17.80343213728549,fewa(0.0673),0.034772328393135724,0.8147243545010467,0.9259259259259259,0.4349967170059094,0.43890141813379535,0.44152889011521884,0.4198778614397095,1325,729,0.7579442711112063,0.8836363636363637,0.6188455008488964,0.8221545404433823,0.828038701033094,0.724007042415852,0.8147243545010467,0.6967355529815333,0.7709402817557766,0.7210786371883727,1431,825,0.6361119678037627,729,0.6361119678037627,10,20,49,5,0.9796078431372549,0.4357990230286113,True,True,True,True,exploit,641,0.033637279222567214,0.06727455844513443,False,exploit,fewa(0.0673),,0.22189032441291076,20,19,0,0,disabled,1,20,18,20,18,10665,live,True,0,True,1,all and any cancer connected directly during entities exam excluding head medical named neck physical pregnancy preventing radiation relationship retrieve therapy to treatment type via,none,0,,0.6333333333333333,0,0,fixed_anchor_dynamic,0.034772328393135724,0.034772328393135724,False,75
CLINICAL PRE-SURGERY STAGE,True,True,3,True,True,,648,21,False,topology_pl_fewa,globally_unpulled_topology_prior,CLINICAL PRE-SURGERY STAGE,3,4,0.14285714285714285,0.6458333333333334,0.8745659722222222,0,0.09226190476190477,0.12493799603174603,0.2152777777777778,0.29152199074074076,0.0,1,0,0.5887345679012346,0.8308607443606157,-0.00815696649029983,0,0.08410493827160494,0.11869439205151654,0.6458333333333334,fewa(0.0659),0.0012613932291666667,0.8147243545010467,0.9259776536312849,0.43532501641497046,0.4391919870120263,0.44177658115551816,0.41992424844633675,1326,729,0.7579442711112063,0.8836363636363637,0.6188455008488964,0.8221545404433823,0.828038701033094,0.724007042415852,0.8147243545010467,0.6967355529815333,0.7709402817557766,0.7210786371883727,1432,825,0.6367691297498562,729,0.6367691297498562,10,20,49,5,0.9796238244514106,0.4361479413817167,True,True,True,True,exploit,648,0.03296453363811587,0.06592906727623174,False,exploit,fewa(0.0659),,0.22172302694688692,3,4,0,0,disabled,1,3,3,3,3,2368,live,True,0,True,1,all already any be clinical connected directly entities excluding known medical named pre relationship retrieve stage surgery to type via,none,0,,0.6086956521739131,0,0,fixed_anchor_dynamic,0.0012613932291666667,0.0012613932291666667,False,76
HEMATURIA,True,True,1,True,True,,648,21,False,topology_pl_fewa,globally_unpulled_topology_prior,HEMATURIA,1,2,0.6666666666666666,0.22067901234567902,0.39265879820149363,0.22067901234567902,0.147119341563786,0.20444593684905754,0.22067901234567902,0.39265879820149363,0.11033950617283951,1,1,0.6479198767334361,0.7254968530464079,0.1423002783643085,0.22033898305084745,0.2894196199280945,0.3152786120324184,0.44135802469135804,fewa(0.0646),0.0008620273919753087,0.8148988136775994,0.9260293091416608,0.4356533158240315,0.43940818397220927,0.44198001440056994,0.4199609205950316,1327,730,0.7580952340858248,0.8837772397094431,0.6196943972835314,0.8223556144030871,0.8282660413942772,0.72446552240848,0.8148988136775994,0.696985878107955,0.7712350046768706,0.721579480644937,1433,826,0.6372236446981863,730,0.6372236446981863,10,20,49,5,0.9796397807361003,0.43649685973482205,True,True,True,True,exploit,648,0.03230524296535355,0.0646104859307071,False,exploit,fewa(0.0646),,0.20786970098788277,1,2,0,0,disabled,1,1,1,1,1,615,live,True,0,True,1,all any bladder cancer connected directly entities excluding hematuria medical named relationship retrieve to type via,none,0,,0.6666666666666666,0,0,fixed_anchor_dynamic,0.0008620273919753087,0.0008620273919753087,False,77
LARYNGEAL CANCER,True,True,5,True,True,,649,22,True,topology_pl_fewa,globally_unpulled_topology_prior,LARYNGEAL CANCER,5,7,0.3333333333333333,2.286594761171032,2.5982814618198917,0.0,0.19054956343091933,0.21652345515165763,0.4573189522342064,0.5196562923639784,0.0,3,1,2.3952234206471497,2.7922227155206185,0.009052388289676472,0.0,0.1996019517205958,0.23268522629338487,2.286594761171032,fewa(0.0633),0.004466005392912172,0.8148988136775994,0.9261838440111421,0.4366382140512147,0.4403704208836551,0.44285082467533765,0.4202333755082404,1330,730,0.7580952340858248,0.8827085852478839,0.6196943972835314,0.8223556144030871,0.8282660413942772,0.72446552240848,0.8148988136775994,0.696985878107955,0.7712350046768706,0.721579480644937,1436,827,0.6379879909682148,730,0.6379879909682148,10,20,49,5,0.9796875,0.43754361479413817,True,True,True,True,exploit,649,0.03165913810604648,0.06331827621209296,False,exploit,fewa(0.0633),,0.19426421919581816,5,7,0,0,disabled,1,5,5,5,5,5592,live,True,0,True,1,all any cancer connected directly entities esophageal excluding laryngeal medical named relationship retrieve to type via,none,0,,0.7777777777777778,0,0,fixed_anchor_dynamic,0.004466005392912172,0.004466005392912172,False,78
PDEMA/MOHS PROCEDURE,True,True,1,True,True,,649,22,False,topology_pl_fewa,globally_unpulled_topology_prior,PDEMA/MOHS PROCEDURE,1,2,0.0,0,0,0,0.0,0.0,0.0,0.0,0.0,0,0,0,0,0.0,0,0.0,0.0,0,fewa(0.0621),0.0,0.8148988136775994,0.9261838440111421,0.4366382140512147,0.4403704208836551,0.44285082467533765,0.4202333755082404,1330,730,0.7580952340858248,0.8827085852478839,0.6196943972835314,0.8223556144030871,0.8282660413942772,0.72446552240848,0.8148988136775994,0.696985878107955,0.7712350046768706,0.721579480644937,1436,827,0.6379879909682148,730,0.6379879909682148,10,20,49,5,0.9796875,0.43754361479413817,False,False,False,False,exploit,649,0.03102595534392555,0.0620519106878511,False,exploit,fewa(0.0621),,0.232374131882002,1,2,0,0,disabled,1,1,1,1,1,568,live,True,0,True,1,all already any be connected directly entities excluding known medical mohs named pdema procedure relationship retrieve to type via,none,0,,0.6956521739130435,0,0,fixed_anchor_dynamic,0.0,0.0,False,79
RELAPSE,True,True,1,True,True,,649,22,False,topology_pl_fewa,globally_unpulled_topology_prior,RELAPSE,1,2,0.0,0,0,0,0.0,0.0,0.0,0.0,0.0,0,0,0,0,0.0,0,0.0,0.0,0,fewa(0.0608),0.0,0.8148988136775994,0.9261838440111421,0.4366382140512147,0.4403704208836551,0.44285082467533765,0.4202333755082404,1330,730,0.7580952340858248,0.8827085852478839,0.6196943972835314,0.8223556144030871,0.8282660413942772,0.72446552240848,0.8148988136775994,0.696985878107955,0.7712350046768706,0.721579480644937,1436,827,0.6379879909682148,730,0.6379879909682148,10,20,49,5,0.9796875,0.43754361479413817,False,False,False,False,exploit,649,0.030405436237047036,0.06081087247409407,False,exploit,fewa(0.0608),,0.17728581393740145,1,2,0,0,disabled,1,1,1,1,1,922,live,True,0,True,1,all and any cns connected directly entities excluding lymphoma medical named primary relapse relationship retrieve to treatment type via,none,0,,0.5909090909090909,0,0,fixed_anchor_dynamic,0.0,0.0,False,80
MEDICAL HISTORY,True,True,11,True,True,,649,23,True,topology_pl_fewa,globally_unpulled_topology_prior,MEDICAL HISTORY,11,11,0.45454545454545453,8.144838212634822,8.720680862581048,0.21956856702619415,0.3802003081664098,0.40637497407305645,0.7404398375122565,0.7927891693255499,0.019960778820563106,9,1,8.536153846153846,8.887857988165681,0.01780668484058323,0.22,0.39800699300699305,0.4139935449166219,8.364406779661016,fewa(0.0596),0.01633673199152542,0.8157711095603629,0.9266435986159169,0.4395929087327643,0.4434229315763621,0.44594383411079436,0.42376435066131984,1339,731,0.759761639040278,0.8828502415458938,0.6205432937181664,0.8233199312375565,0.8293118070557202,0.7261029509535798,0.8157711095603629,0.6984589451980512,0.7724804363305137,0.7219564982265059,1445,828,0.6365500105063724,731,0.6365500105063724,10,20,49,5,0.9798136645962733,0.44033496161898117,True,True,True,True,exploit,649,0.029797327512306095,0.05959465502461219,False,exploit,fewa(0.0596),,0.08598616195132203,11,11,0,0,disabled,1,11,10,11,10,4962,live,True,0,True,1,all and any blood connected directly entities excluding general health history medical named relationship retrieve tests to transfusion type via,none,0,,0.5652173913043478,0,0,fixed_anchor_dynamic,0.01633673199152542,0.01633673199152542,False,81
NCCN GUIDELINES FOR PATIENTS: DISTRESS DURING CANCER CARE,True,True,1,True,True,,650,23,False,topology_pl_fewa,globally_unpulled_topology_prior,NCCN GUIDELINES FOR PATIENTS: DISTRESS DURING CANCER CARE,1,2,0.0,0,0,0,0.0,0.0,0.0,0.0,0.0,0,0,0,0,0.0,0,0.0,0.0,0,fewa(0.0584),0.0,0.8157711095603629,0.9266435986159169,0.4395929087327643,0.4434229315763621,0.44594383411079436,0.42376435066131984,1339,731,0.759761639040278,0.8828502415458938,0.6205432937181664,0.8233199312375565,0.8293118070557202,0.7261029509535798,0.8157711095603629,0.6984589451980512,0.7724804363305137,0.7219564982265059,1445,828,0.6365500105063724,731,0.6365500105063724,10,20,49,5,0.9798136645962733,0.44033496161898117,False,False,False,False,exploit,650,0.029201380962059972,0.058402761924119945,False,exploit,fewa(0.0584),,0.14357384263222303,1,2,0,0,disabled,1,1,1,1,1,3611,live,True,0,True,1,all already any as cancer care connected connections directly distress during entities excluding for guidelines known listed medical named nccn patients relationship retrieve to type via,none,0,,0.5,0,0,fixed_anchor_dynamic,0.0,0.0,False,82
MEDICAL HISTORY,True,True,8,True,True,,650,23,False,topology_pl_fewa,fewa_filtered_least_pulled,MEDICAL HISTORY,8,9,0.058823529411764705,0.9207692307692308,0.9382,0,0.05416289592760181,0.05518823529411765,0.11509615384615385,0.117275,0.0,1,0,0.936923076923077,0.9777289940828402,0.0009502262443438908,0,0.0551131221719457,0.05751347024016707,0.9207692307692308,fewa(0.0572),0.0017983774038461539,0.8157711095603629,0.926002766251729,0.4395929087327643,0.4434229315763621,0.44594383411079436,0.42376435066131984,1339,731,0.759761639040278,0.8828502415458938,0.6205432937181664,0.8233199312375565,0.8293118070557202,0.7261029509535798,0.8157711095603629,0.6984589451980512,0.7724804363305137,0.7219564982265059,1446,828,0.6344887721004802,731,0.6344887721004802,10,20,49,5,0.9790535298681148,0.44033496161898117,True,True,True,True,exploit,650,0.028617353342818775,0.05723470668563755,False,exploit,fewa(0.0572),,0.11414997431946583,8,9,0,0,disabled,1,8,8,8,8,2898,live,True,0,True,1,all and any blood care connected directly entities excluding family general health history medical named relationship retrieve surgery team tests to transfusion type via,none,0,,0.8333333333333334,0,0,fixed_anchor_dynamic,0.0017983774038461539,0.0017983774038461539,False,83
ULTRASOUND,True,True,28,True,True,,650,24,True,topology_pl_fewa,globally_unpulled_topology_prior,ULTRASOUND,28,25,0.5849056603773585,20.371538461538464,21.496052071005916,1.7538461538461543,0.41746008708272864,0.4386773249972089,0.7275549450549451,0.7677161453930684,0.07015384615384618,23,8,22.67147192716236,22.869164204743008,0.04374471149716652,1.772382397572079,0.46120479857989516,0.4649348415531149,22.12538461538462,fewa(0.0561),0.04321364182692308,0.8203070481507327,0.9271613342409802,0.44714379514116875,0.45119108519614615,0.45389360242886684,0.4300328068578733,1362,739,0.7652535830095424,0.8839712918660287,0.6273344651952462,0.8274543888100352,0.8331260731155723,0.7314225234132007,0.8203070481507327,0.7049918385121484,0.7774843388488978,0.7278437675442769,1469,836,0.6380777135220138,739,0.6380777135220138,10,20,49,5,0.9793577981651376,0.44696441032798323,True,True,True,True,exploit,650,0.0280450062759624,0.0560900125519248,False,exploit,fewa(0.0561),,0.08687264081880233,28,25,0,0,disabled,1,28,23,28,23,17766,live,True,0,True,1,all and any biopsy connected directly entities excluding lymph medical named node relationship retrieve to transabdominal type ultrasound via,none,0,,0.6,0,0,fixed_anchor_dynamic,0.04321364182692308,0.04321364182692308,False,84
ISOPSA,True,True,3,True,True,,659,24,False,topology_pl_fewa,globally_unpulled_topology_prior,ISOPSA,54,62,0.07758620689655173,3.7989377845220034,4.331591757410524,0.0,0.03274946365967244,0.037341308253539,0.07035069971337043,0.08021466217426897,0.0,6,3,4.257942511346444,5.033220536435649,0.007765169341527406,0.44175491679273826,0.04051463300119985,0.04719806425196885,3.7989377845220034,fewa(0.0550),0.007419800360394538,0.8220516399162596,0.9274576271186441,0.44911359159553516,0.4531297814707385,0.4557728799829307,0.4310132901035984,1368,742,0.767543439046943,0.8843861740166865,0.629881154499151,0.8291955307664808,0.834847364421674,0.7336609845536783,0.8220516399162596,0.7073825175301629,0.7795197060102979,0.7344110848474489,1475,839,0.636474530383455,742,0.636474530383455,10,20,49,5,0.9794520547945206,0.44905792044661547,True,True,True,True,exploit,659,0.02748410615044315,0.0549682123008863,False,exploit,fewa(0.0550),,0.17036465823534805,54,62,0,0,disabled,1,54,57,54,57,37245,live,True,0,True,1,distinct isopsa labels m match n name r return type,none,0,,0.043478260869565216,0,0,fixed_anchor_dynamic,0.007419800360394538,0.007419800360394538,False,85
STEM CELL RESCUE,True,True,1,True,True,,661,24,False,topology_pl_fewa,fewa_filtered_least_pulled,STEM CELL RESCUE,1,2,0.0,0,0,0,0.0,0.0,0.0,0.0,0.0,0,0,0,0,0.0,0,0.0,0.0,0,fewa(0.0539),0.0,0.8220516399162596,0.9274576271186441,0.44911359159553516,0.4531297814707385,0.4557728799829307,0.4310132901035984,1368,742,0.767543439046943,0.8843861740166865,0.629881154499151,0.8291955307664808,0.834847364421674,0.7336609845536783,0.8220516399162596,0.7073825175301629,0.7795197060102979,0.7344110848474489,1475,839,0.636474530383455,742,0.636474530383455,10,20,49,5,0.9794520547945206,0.44905792044661547,False,False,False,False,exploit,661,0.026934424027434286,0.05386884805486857,False,exploit,fewa(0.0539),,0.17691455096728254,1,2,0,0,disabled,1,1,1,1,1,1454,live,True,0,True,1,all and any blood care cell checkups chemotherapy cns connected directly dose entities excluding harvest health high lymphoma medical multidisciplinary named primary relapse relationship removal replacement rescue retrieve stem supportive team test tests to transfusion treatment type via,none,0,,0.5,0,0,fixed_anchor_dynamic,0.0,0.0,False,86
COMPLETE REMISSION,True,True,6,True,True,,661,25,True,topology_pl_fewa,globally_unpulled_topology_prior,COMPLETE REMISSION,50,56,0.29245283018867924,23.11346444780636,23.935354446227123,1.3252647503782147,0.23055404903947713,0.23830772826986166,0.46226928895612723,0.47870708892454245,0.023665441971039546,25,6,24.341317365269468,24.719240784897277,0.011621976268397755,1.3293413173652695,0.24217602530787488,0.2457413405873825,24.438729198184575,fewa(0.0528),0.04773189296520425,0.8257152826238661,0.9286666666666666,0.45732107682206175,0.4615797994002578,0.46447075765377416,0.4393712360133574,1393,748,0.7720452053155523,0.8852071005917159,0.634974533106961,0.8328399453693316,0.8384279751103101,0.7378460839735642,0.8257152826238661,0.7117743163457843,0.7834898056856767,0.7388404307509141,1500,845,0.6406374833392692,748,0.6406374833392692,10,20,49,5,0.9798206278026906,0.45743196092114446,True,True,True,True,exploit,661,0.026395735546885603,0.052791471093771206,False,exploit,fewa(0.0528),,0.10087448933400059,50,56,0,0,disabled,1,50,56,50,56,27990,live,True,0,True,1,anal cancer complete disease distinct in labels m match n name not persistent r remission return type where,none,0,,0.47368421052631576,0,0,fixed_anchor_dynamic,0.04773189296520425,0.04773189296520425,False,87
BETOBACCOFREE.GOV,False,True,0,True,False,,668,25,False,topology_pl_fewa,globally_unpulled_topology_prior,BETOBACCOFREE.GOV,0,1,1.0,0,0,0.0,0.0,0.0,0.0,0.0,0.0,0,1,0,0,0.0,0.0,0.0,0.0,0.0,fewa(0.0517),0.0,0.8257152826238661,0.9286666666666666,0.45732107682206175,0.4615797994002578,0.46447075765377416,0.4393712360133574,1393,748,0.7720452053155523,0.8841607565011821,0.634974533106961,0.8328399453693316,0.8384279751103101,0.7378460839735642,0.8257152826238661,0.7117743163457843,0.7834898056856767,0.7388404307509141,1500,846,0.6406374833392692,748,0.6406374833392692,10,20,49,5,0.9798206278026906,0.45743196092114446,True,False,False,False,exploit,668,0.025867820835947887,0.051735641671895774,False,exploit,fewa(0.0517),,0.146985299141896,0,1,0,0,disabled,1,0,1,0,1,893,live,True,0,True,1,betobaccofree cancer cdc distinct gov in labels m match n name not quitting r return smokefree smoking tobacco treatment type vaping where,none,0,,0.48148148148148145,0,0,fixed_anchor_dynamic,0.0,0.0,True,88
ANAL CANCER FOUNDATION,True,True,23,True,True,,668,25,False,topology_pl_fewa,globally_unpulled_topology_prior,ANAL CANCER FOUNDATION,23,24,0.5319148936170213,17.579341317365273,19.261582187421567,0.4431137724550898,0.38345649127277365,0.41924885021014163,0.7643191877115336,0.8374600951052855,0.018463073852295408,23,2,22.518545994065285,22.76357654817776,0.10497396519543778,0.43768545994065283,0.4884304564682114,0.4936438725131577,18.02245508982036,fewa(0.0507),0.035200107597305394,0.8260642009769714,0.9146421536441235,0.45732107682206175,0.4615797994002578,0.46447075765377416,0.4393712360133574,1393,750,0.772391390808175,0.8844339622641509,0.6366723259762309,0.8332420932887412,0.8388826558326765,0.7387630439588202,0.8260642009769714,0.7122749665986274,0.7840792515278647,0.739559289414345,1523,848,0.6346218974008442,750,0.6346218974008442,10,20,49,5,0.9632623071271125,0.45743196092114446,True,True,True,True,exploit,668,0.02535046441922893,0.05070092883845786,False,exploit,fewa(0.0507),,0.13615271995637562,23,24,0,0,disabled,1,23,23,23,23,11163,live,True,0,True,1,anal cancer distinct foundation in m match n name nccn not peer program r return support thom to type where,none,0,,0.52,0,0,fixed_anchor_dynamic,0.035200107597305394,0.035200107597305394,False,89
BASAL CELL SKIN CANCER,True,True,10,True,True,,674,26,True,topology_pl_fewa,globally_unpulled_topology_prior,BASAL CELL SKIN CANCER,19,15,0.47058823529411764,11.180267062314542,12.051098891422836,0.43768545994065283,0.3417044859486822,0.36731718680480846,0.5884351085428706,0.634268362706465,0.02917903066271019,14,2,13.04733727810651,13.648197060677147,0.054875743776343966,0.4363905325443787,0.39658022972502616,0.41425257627122136,11.617952522255194,fewa(0.0500),0.022691313520029677,0.8271109560362875,0.9154196486662329,0.4619172685489166,0.46624360260592584,0.4691514010339219,0.4443536090745623,1407,752,0.7734636473119901,0.8847058823529412,0.6383701188455009,0.8339751589409558,0.8394282726995164,0.739719871769522,0.8271109560362875,0.7137035972757497,0.7850610508015058,0.7406804551928186,1537,850,0.6368938462293833,752,0.6368938462293833,10,20,49,5,0.9636363636363636,0.4623168178646197,True,True,True,True,exploit,674,0.025,0.05,False,exploit,fewa(0.0500),,0.12935200079438464,19,15,0,0,disabled,1,19,15,19,15,13772,live,True,0,True,1,basal cancer cell distinct for guidelines in m match metastasis n name nccn not patients r recurrence return skin where,none,0,,0.42857142857142855,0,0,fixed_anchor_dynamic,0.022691313520029677,0.022691313520029677,False,90
PELVIC EXENTERATION,True,True,9,True,True,,676,26,False,topology_pl_fewa,globally_unpulled_topology_prior,PELVIC EXENTERATION,48,41,0.38202247191011235,19.9896449704142,21.81111261860579,1.1967455621301775,0.23804933182634133,0.2585152604577075,0.41645093688362916,0.4543981795542873,0.029188916149516523,29,5,25.928257686676417,27.76908833863178,0.076935780121937,2.105417276720351,0.31498511194827833,0.3356686024196869,21.18639053254438,fewa(0.0500),0.04137966900887574,0.8304256803907886,0.9144316730523627,0.4701247537754432,0.47448414700881664,0.4772327218330407,0.4528904855184358,1432,757,0.7784971941756755,0.8853801169590644,0.6426146010186757,0.8373201324271143,0.8428042770630875,0.744782415553666,0.8304256803907886,0.7191418736169146,0.789238240062448,0.7436700797590674,1566,855,0.6500488582021737,757,0.6500488582021737,10,20,49,5,0.9643366619115549,0.47173761339846476,True,True,True,True,exploit,676,0.025,0.05,False,exploit,fewa(0.0500),,0.19114300525218658,48,41,0,0,disabled,1,48,41,48,41,29462,live,True,0,True,1,distinct ebrt exenteration in m match n name not pelvic r return type where,none,0,,0.5238095238095238,0,0,fixed_anchor_dynamic,0.04137966900887574,0.04137966900887574,False,91
PHARYNGOSCOPY,True,True,1,True,True,,683,26,False,topology_pl_fewa,globally_unpulled_topology_prior,PHARYNGOSCOPY,1,2,0.0,0,0,0,0.0,0.0,0.0,0.0,0.0,0,0,0,0,0.0,0,0.0,0.0,0,fewa(0.0500),0.0,0.8304256803907886,0.9144316730523627,0.4701247537754432,0.47448414700881664,0.4772327218330407,0.4528904855184358,1432,757,0.7784971941756755,0.8853801169590644,0.6426146010186757,0.8373201324271143,0.8428042770630875,0.744782415553666,0.8304256803907886,0.7191418736169146,0.789238240062448,0.7436700797590674,1566,855,0.6500488582021737,757,0.6500488582021737,10,20,49,5,0.9643366619115549,0.47173761339846476,False,False,False,False,exploit,683,0.025,0.05,False,exploit,fewa(0.0500),,0.23875287161745487,1,2,0,0,disabled,1,1,1,1,1,735,live,True,0,True,1,distinct in m match n name not panendoscopy pharyngoscopy r return type where,none,0,,0.6875,0,0,fixed_anchor_dynamic,0.0,0.0,False,92
CANCER,True,True,13,True,True,,683,27,True,topology_pl_fewa,globally_unpulled_topology_prior,CANCER,14,15,0.2413793103448276,5.855051244509516,5.948995581889391,0.2130307467057101,0.2092442065936285,0.21248366650327935,0.418217946036394,0.4249282558492422,0.014202049780380673,6,1,5.907894736842104,5.971823060941829,0.0018114497887066205,0.21271929824561403,0.21105565638233512,0.21326008135129113,6.068081991215227,fewa(0.0500),0.01185172263909224,0.8311235170969993,0.9141221374045801,0.4717662508207485,0.4761824657810318,0.47899006153054324,0.45491885461074055,1437,758,0.7793619926257813,0.8855140186915887,0.6434634974533107,0.8378888554688233,0.8432589577854539,0.7453937222105034,0.8311235170969993,0.7202313063416665,0.7899188734937681,0.7448024924707722,1572,856,0.6507016807244502,758,0.6507016807244502,10,20,49,5,0.9637784090909091,0.47348220516399164,True,True,True,True,exploit,683,0.025,0.05,False,exploit,fewa(0.0500),,0.19264206180955942,14,15,0,0,disabled,1,14,15,14,15,10141,live,True,0,True,1,acute and bladder cancer cns distinct germline head imaging in leukemia lymphoma m match mutation myeloid n name neck not pet primary quitting r return scan smoking staging testing tests tumor type where,none,0,,0.34146341463414637,0,0,fixed_anchor_dynamic,0.01185172263909224,0.01185172263909224,False,93
U.S. NATIONAL LIBRARY OF MEDICINE (NLM),True,True,2,True,True,,684,27,False,topology_pl_fewa,globally_unpulled_topology_prior,U.S. NATIONAL LIBRARY OF MEDICINE (NLM),25,23,0.22916666666666666,7.652777777777778,8.591694880476043,0,0.15943287037037038,0.17899364334325088,0.3061111111111111,0.3436677952190417,0.0,11,0,9.654744525547445,10.439581224359316,0.04170764057853471,0,0.2011405109489051,0.21749127550748573,7.652777777777778,fewa(0.0500),0.014946831597222222,0.8311235170969993,0.9147188881869868,0.47537754432042023,0.479786112174625,0.4824775757960514,0.45801891508215037,1448,758,0.7793619926257813,0.8855140186915887,0.6434634974533107,0.8378888554688233,0.8432589577854539,0.7453937222105034,0.8311235170969993,0.7202313063416665,0.7899188734937681,0.7448024924707722,1583,856,0.6551532581180992,758,0.6551532581180992,10,20,49,5,0.9640084685956246,0.47662247034194,True,True,True,True,exploit,684,0.025,0.05,False,exploit,fewa(0.0500),,0.23449090312828513,25,23,0,0,disabled,1,25,23,25,23,33633,live,True,0,True,1,distinct library m match medicine n name national nlm of r return s type u,none,0,,0.47058823529411764,0,0,fixed_anchor_dynamic,0.014946831597222222,0.014946831597222222,False,94
U.S. NATIONAL LIBRARY OF MEDICINE (NLM),True,True,2,True,True,,685,27,False,topology_pl_fewa,fewa_filtered_least_pulled,U.S. NATIONAL LIBRARY OF MEDICINE (NLM),29,13,0.07142857142857142,2.7014598540145984,2.9257856039213594,0,0.0643204727146333,0.0696615619981276,0.09315378806946892,0.10088915875590895,0.0,3,0,2.7014598540145984,2.9257856039213594,0.0,0,0.0643204727146333,0.0696615619981276,2.7014598540145984,fewa(0.0500),0.0052762887773722626,0.8311235170969993,0.9129886506935687,0.47537754432042023,0.479786112174625,0.4824775757960514,0.45801891508215037,1448,758,0.7793619926257813,0.8855140186915887,0.6434634974533107,0.8378888554688233,0.8432589577854539,0.7453937222105034,0.8311235170969993,0.7202313063416665,0.7899188734937681,0.7448024924707722,1586,856,0.6551532581180992,758,0.6551532581180992,10,20,49,5,0.9640084685956246,0.47662247034194,True,True,True,True,exploit,685,0.025,0.05,False,exploit,fewa(0.0500),,0.18968617894780448,29,13,0,0,disabled,1,29,13,29,13,27535,live,True,0,True,1,distinct in library m match medicine n name national nlm not of r return s type u where,none,0,,0.8333333333333334,0,0,fixed_anchor_dynamic,0.0052762887773722626,0.0052762887773722626,False,95
,,,0,False,,,685,,,topology_pl_fewa,mode_explore,,35,36,0.352112676056338,16.546715328467155,16.94232617614151,1.7510948905109491,0.25771563688701554,0.2632876206570769,0.47276329509906156,0.4840664621754717,0.048641524736415254,19,6,17.650359712230216,18.393576419439988,0.022140478220898097,2.219424460431655,0.27985611510791364,0.29032395605453015,18.297810218978103,epsilon_sample(0.0500),,0.8332170272156315,0.914018691588785,0.4816152330925804,0.4861065958089068,0.48894135048541515,0.46404811509837274,1467,764,0.7814251714294851,0.8863109048723898,0.6485568760611206,0.8396172377849175,0.8447366701331449,0.7482100993080751,0.8332170272156315,0.7234936796608591,0.7923604625939867,0.7473176279152655,1605,862,0.6572242860825223,764,0.6572242860825223,10,20,49,5,0.9644846796657381,0.48325191905094206,True,True,True,True,explore,685,0.025,0.05,False,explore,epsilon_sample(0.0500),,0.1342093763009947,35,36,0,0,disabled,1,35,19,35,19,16512,live,,0,False,1,and are associated chronic classes common contraindications drug effects manage medications pain side the their to used what,none,0,,0.26666666666666666,0,0,agea_dynamic,0.03573791058394161,0.03573791058394161,False,96
EXTRAFASCIAL HYSTERECTOMY WITH LYMPH NODE EVALUATION,True,True,2,True,True,,695,28,True,topology_pl_fewa,globally_unpulled_topology_prior,EXTRAFASCIAL HYSTERECTOMY WITH LYMPH NODE EVALUATION,55,45,0.34,18.28273381294964,19.608979348894987,1.7625899280575539,0.20045323741007195,0.21371569276952543,0.3324133420536298,0.35652689725263614,0.03916866506794564,24,10,22.154338549075394,23.16692532916236,0.04325942261837759,2.216927453769559,0.24371266002844955,0.25383852782931915,20.045323741007195,fewa(0.0500),0.03915102293165468,0.8422889043963713,0.9152854511970534,0.48949441891004597,0.4940747948948638,0.49684106171093195,0.4714021990077324,1491,774,0.791798489372126,0.8876146788990825,0.6570458404074703,0.8479882603545436,0.8524052246540966,0.7558389134989225,0.8422889043963713,0.7337932995814069,0.8009300278607866,0.7540311895566888,1629,872,0.6613989540169376,774,0.6613989540169376,10,20,49,5,0.9650684931506849,0.49162595952547106,True,True,True,True,exploit,695,0.025,0.05,False,exploit,fewa(0.0500),,0.13814263731312953,55,45,0,0,disabled,1,55,20,55,20,23583,live,True,0,True,1,10 and are associated clinical codes complications cpt directly evaluation extrafascial hysterectomy icd indications linked lymph node or outcomes pcs specific the to what with,none,0,,0.3125,0,0,fixed_anchor_dynamic,0.03915102293165468,0.03915102293165468,False,97
GENETIC COUNSELING,True,True,7,True,True,,703,28,False,topology_pl_fewa,globally_unpulled_topology_prior,GENETIC COUNSELING,44,45,0.42696629213483145,23.650071123755335,24.33720197325423,1.4829302987197726,0.2823932744098327,0.2901138457525169,0.5375016164489849,0.5531182266648689,0.03295400663821717,28,10,25.94187675070029,27.148217129989252,0.02980576250830541,1.8438375350140053,0.3121990369181381,0.3257534232022838,25.133001422475107,fewa(0.0500),0.049087893403271694,0.8438590369853455,0.9167169583584792,0.49868680236375573,0.5033949162063805,0.5062592731527015,0.4842807114056639,1519,780,0.7938138279573244,0.8843537414965986,0.6621392190152802,0.8496089094067271,0.8540723873027737,0.7589565774487926,0.8438590369853455,0.7365727972129461,0.8032105948764017,0.7578395196339541,1657,882,0.6704084137108024,780,0.6704084137108024,10,20,49,5,0.9657027572293208,0.5010467550593162,True,True,True,True,exploit,703,0.025,0.05,False,exploit,fewa(0.0500),,0.17823328479514394,44,45,0,0,disabled,1,44,25,44,25,21724,live,True,0,True,1,and any between clinical connection counseling direct excluding exist genetic healthcare lynch medical or procedures providers relationships specialties specific syndrome to what,none,0,,0.23076923076923078,0,0,fixed_anchor_dynamic,0.049087893403271694,0.049087893403271694,False,98
ANAL CANCER,True,True,53,True,True,,714,28,False,topology_pl_fewa,fewa_filtered_least_pulled,ANAL CANCER,83,72,0.0,0,0,0,0.0,0.0,0.0,0.0,0.0,0,0,0,0,0.0,0,0.0,0.0,0,fewa(0.0500),0.0,0.8438590369853455,0.9167169583584792,0.49868680236375573,0.5033949162063805,0.5062592731527015,0.4842807114056639,1519,780,0.7938138279573244,0.8843537414965986,0.6621392190152802,0.8496089094067271,0.8540723873027737,0.7589565774487926,0.8438590369853455,0.7365727972129461,0.8032105948764017,0.7578395196339541,1657,882,0.6704084137108024,780,0.6704084137108024,10,20,49,5,0.9657027572293208,0.5010467550593162,False,False,False,False,exploit,714,0.025,0.05,False,exploit,fewa(0.0500),,0.19286309835838478,83,72,0,0,disabled,1,83,46,83,46,34773,live,True,0,True,1,anal and are associated cancer diagnostic factors prevention procedures risk strategies the what with,none,0,,0.55,0,0,fixed_anchor_dynamic,0.0,0.0,False,99
HOSPITAL,True,True,0,True,False,,714,29,True,topology_pl_fewa,globally_unpulled_topology_prior,HOSPITAL,0,1,0.0,0,0,0,0.0,0.0,0.0,0.0,0.0,0,0,0,0,0.0,0,0.0,0.0,0,fewa(0.0500),0.0,0.8438590369853455,0.9167169583584792,0.49868680236375573,0.5033949162063805,0.5062592731527015,0.4842807114056639,1519,780,0.7938138279573244,0.8843537414965986,0.6621392190152802,0.8496089094067271,0.8540723873027737,0.7589565774487926,0.8438590369853455,0.7365727972129461,0.8032105948764017,0.7578395196339541,1657,882,0.6704084137108024,780,0.6704084137108024,10,20,49,5,0.9657027572293208,0.5010467550593162,False,False,False,False,exploit,714,0.025,0.05,False,exploit,fewa(0.0500),,0.1609765242843107,0,1,0,0,disabled,1,0,1,0,1,4297,live,True,0,True,1,and between biopsy diagnostic direct excision excluding exist hospital imaging medical modalities or procedures relationships specialties specific surgical what,none,0,,0.41379310344827586,0,0,fixed_anchor_dynamic,0.0,0.0,True,100
