anchor,anchor_diagnostics_anchor_in_candidate_nodes,anchor_diagnostics_anchor_in_response_text,anchor_diagnostics_anchor_incident_candidate_edges,anchor_diagnostics_anchor_required,anchor_diagnostics_anchor_response_adherent,arm_decision_admission,arm_decision_eligible_arm_count,arm_decision_epoch_id,arm_decision_epoch_refreshed,arm_decision_policy,arm_decision_reason,arm_decision_selected_arm,batch_candidate_edges,batch_candidate_nodes,batch_count_novelty,batch_historical_edge_mass,batch_historical_edge_mass_noisy_or,batch_historical_node_mass,batch_htsn_combined,batch_htsn_combined_noisy_or,batch_htsn_edge,batch_htsn_edge_noisy_or,batch_htsn_node,batch_new_edges,batch_new_nodes,batch_retrospective_edge_mass,batch_retrospective_edge_mass_noisy_or,batch_retrospective_gain,batch_retrospective_node_mass,batch_rtsn_combined,batch_rtsn_combined_noisy_or,batch_y_ha,decision_reason,effective_fewa_reward,evaluation_degree_weighted_node_coverage,evaluation_edge_pair_precision,evaluation_edge_pair_recall,evaluation_edge_tsc_noisy_or_rank,evaluation_edge_tsc_rank,evaluation_edge_tsc_raw,evaluation_matched_directed_edge_pairs,evaluation_matched_nodes,evaluation_node_autc_rank,evaluation_node_precision,evaluation_node_recall,evaluation_node_tsc_burt_balanced,evaluation_node_tsc_burt_effective,evaluation_node_tsc_collision_diversity,evaluation_node_tsc_degree,evaluation_node_tsc_rank,evaluation_node_tsc_raw,evaluation_pagerank_weighted_node_coverage,evaluation_recovered_edge_pairs,evaluation_recovered_nodes,evaluation_spearman_bnrr_online_vs_truth,evaluation_spearman_matched_nodes,evaluation_spearman_sensitivity_online_vs_truth,evaluation_top10_sensitive_nodes_recovered,evaluation_top20_sensitive_nodes_recovered,evaluation_top50_sensitive_nodes_recovered,evaluation_top5_sensitive_nodes_recovered,evaluation_undirected_edge_pair_precision,evaluation_undirected_edge_pair_recall,gain_graph,gain_meaningful,gain_relation,gain_sensitive,mode,mode_decision_available_arm_count,mode_decision_effective_htsn_threshold,mode_decision_epsilon,mode_decision_explore_suppressed,mode_decision_mode,mode_decision_reason,mode_decision_recent_explore_success_rate,mode_decision_recent_htsn,parser_candidate_edges,parser_candidate_nodes_with_endpoints,parser_citation_rejected_compact_edges,parser_compact_format_edges,parser_graph_filter_status,parser_graphrag_query_attempts,parser_kept_edges,parser_kept_nodes_explicit,parser_raw_edges,parser_raw_nodes,parser_response_characters,parser_source,query_generation_anchor_present,query_generation_anchor_rejected_queries,query_generation_anchor_required,query_generation_attempts,query_generation_domain_query_signature,query_generation_fallback_reason,query_generation_generation_error_attempts,query_generation_last_generation_error,query_generation_max_similarity,query_generation_rejected_similar_queries,query_generation_similarity_rejected_queries,query_generation_source,raw_batch_reward,reward,reward_attribution_warning,turn
,,,0,False,,,0,,,topology_pl_fewa,mode_explore,,33,59,1.0,0.0,0.0,0.0,0.0,0.0,0.0,0.0,0.0,33,59,31.10810810810812,31.926223520818112,0.5392185663924794,18.499999999999986,0.5392185663924794,0.5481111252262837,0.0,seed_turn,,0.15073272854152128,1.0,0.010833880499015102,0.010974488526810293,0.010820878324943162,0.008239084518520482,33,48,0.09319814935395038,0.8135593220338984,0.04074702886247878,0.1606306013390492,0.1693881639306552,0.09600757300355764,0.15073272854152128,0.06119930916189939,0.12239262576549619,0.09261029069379914,33,59,0.2973438770833155,48,0.2973438770833155,4,8,13,2,1.0,0.010816468946266573,True,True,True,False,explore,0,0.15,0.3,False,explore,seed_turn,,,33,59,0,0,disabled,0,33,32,33,32,49122,shared_seed_replay,,0,False,1,and care concrete corpus diagnostic diseases drugs explain factors identify in major medical organizations relationships risk symptoms tests the their treatments,none,0,,0.0,0,0,seed,0.0,0.0,False,1
DIAGNOSTIC TESTS,True,True,17,True,True,,37,1,True,topology_pl_fewa,globally_unpulled_topology_prior,DIAGNOSTIC TESTS,31,39,0.4857142857142857,9.621621621621623,9.726807888970052,1.310810810810811,0.1561776061776062,0.1576802671397266,0.31037489102005233,0.31376799641838876,0.033610533610533615,14,20,13.437499999999998,13.790690104166668,0.11912001287001275,5.833333333333332,0.27529761904761896,0.2803431919642857,10.932432432432433,fewa(0.2940),0.021352407094594596,0.1896371249127704,1.0,0.015430072225869994,0.015662086844083885,0.015471609540027194,0.011145678004651426,47,68,0.12193223163186152,0.8607594936708861,0.057724957555178265,0.20038026457044142,0.2097239789365917,0.1205442494885261,0.1896371249127704,0.08424032989592957,0.15403720979827873,0.12021060280371534,47,79,0.42653839377755387,68,0.42653839377755387,5,9,14,3,1.0,0.0157013258897418,True,True,True,True,exploit,37,0.147,0.294,False,exploit,fewa(0.2940),,,31,39,0,0,disabled,1,31,39,31,39,29454,live,True,0,True,1,and are cancer conditions confirm diagnostic do how or other out prostate relate rule specific tests than the themselves they to used what,none,0,,0.1,0,0,fixed_anchor_dynamic,0.021352407094594596,0.021352407094594596,False,2
,,,0,False,,,48,,,topology_pl_fewa,mode_explore,,19,28,0.9148936170212766,2.3125,2.549370659722223,0.3854166666666667,0.05740248226950354,0.062442283540189145,0.12171052631578948,0.1341774031432749,0.013764880952380954,19,24,16.674603174603178,18.24124464600655,0.5000105538669369,9.523809523809526,0.5574130361364404,0.590745833400342,2.6979166666666665,epsilon_sample(0.2881),,0.24162595952547103,1.0,0.021667760998030205,0.02206702065056146,0.021977047602158416,0.017080230625177877,66,92,0.15769696974844635,0.8932038834951457,0.07809847198641766,0.2562148341029881,0.2687190871008299,0.15614903819678716,0.24162595952547103,0.10961722473863944,0.19719182342763897,0.1545494618944717,66,103,0.48206600439154546,92,0.48206600439154546,7,11,20,3,1.0,0.022330774598743892,True,True,True,True,explore,48,0.14406,0.28812,False,explore,epsilon_sample(0.2881),,0.1561776061776062,19,28,0,0,disabled,1,19,20,19,20,22963,live,,0,False,1,and are cancer common do effects how impact life of patients quality side the they treatments what,none,0,,0.25,0,0,agea_dynamic,0.005269368489583333,0.005269368489583333,False,3
,,,0,False,,,63,,,topology_pl_fewa,mode_explore,,64,57,0.9256198347107438,19.904761904761905,20.18190980095742,3.19047619047619,0.19086973632428178,0.19316021480523646,0.31101190476190477,0.3153423406399597,0.05597326649958228,64,48,58.345132743362846,60.947666222883555,0.4759919619131205,22.345132743362832,0.6668616982374023,0.6883702393904659,23.095238095238095,recent_htsn_below_threshold(0.1412),,0.3178646196789951,1.0,0.04267892317793828,0.04321255196036221,0.04311685980870252,0.02960940033796832,130,139,0.22985069945290448,0.9205298013245033,0.11799660441426146,0.33435643465047354,0.3479626078119501,0.22243610629368302,0.3178646196789951,0.16577670406237618,0.2691302601634019,0.22794890917797755,130,151,0.3653634844381924,139,0.3653634844381924,7,12,29,3,1.0,0.04326587578506629,True,True,True,True,explore,63,0.1411788,0.2823576,False,explore,recent_htsn_below_threshold(0.1412),1.0,0.10679004422355487,64,57,0,0,disabled,1,64,21,64,21,22471,live,,0,False,1,and are associated chronic conditions development do environmental factors genetic how interact lifestyle of predispositions the these what with,none,0,,0.2413793103448276,0,0,agea_dynamic,0.045107886904761904,0.045107886904761904,False,4
,,,0,False,,,113,,,topology_pl_fewa,mode_explore,,25,32,0.6842105263157895,10.796460176991149,13.566254209413426,5.022123893805309,0.2775190187859028,0.3261118965476971,0.43185840707964596,0.542650168376537,0.15694137168141592,21,18,18.793893129770996,19.691859448750073,0.1522385813212354,5.7022900763358795,0.4297576001071382,0.4455113951769465,15.818584070796458,recent_htsn_below_threshold(0.1384),,0.33217027215631545,1.0,0.04957321076822062,0.05014294102113647,0.05011981653465122,0.035450047043043414,151,157,0.2429179531252971,0.9289940828402367,0.133276740237691,0.34951409095129427,0.3637919923891947,0.2376533754921729,0.33217027215631545,0.176932465539561,0.28356245339147007,0.24048380926230428,151,169,0.3803531827877877,157,0.3803531827877877,7,12,31,3,1.0,0.05059316120027914,True,True,True,True,explore,113,0.13835522399999997,0.27671044799999994,False,explore,recent_htsn_below_threshold(0.1384),1.0,0.13481660825713052,25,32,0,0,disabled,1,25,17,25,17,14333,live,,0,False,1,and are biomarkers chronic conditions disease genetic in inflammatory key markers predict progression response the to treatment used what,none,0,,0.22580645161290322,0,0,agea_dynamic,0.030895672013274332,0.030895672013274332,False,5
MEDICAL HISTORY AND PHYSICAL EXAM (H&P),True,True,1,True,True,,131,1,False,topology_pl_fewa,globally_unpulled_topology_prior,MEDICAL HISTORY AND PHYSICAL EXAM (H&P),52,66,0.711864406779661,23.62213740458015,26.362551716100455,3.568702290076336,0.23043084486997023,0.2536546949675999,0.4542718731650029,0.5069721483865472,0.05407124681933842,39,45,36.5328947368421,38.06010863919668,0.14785862881424022,8.105263157894736,0.37828947368421045,0.3912319643821306,27.190839694656486,fewa(0.2712),0.05310710877862595,0.3702023726448011,1.0,0.0623768877216021,0.06312099001188126,0.06320989885109807,0.04709608104853469,190,178,0.2714271917356679,0.8317757009345794,0.15110356536502548,0.3891572811245294,0.404767048634206,0.26626580916132186,0.3702023726448011,0.19966761563095178,0.31659158757982836,0.2660472688909898,190,214,0.42003118804382794,178,0.42003118804382794,8,13,32,4,1.0,0.06315422191207258,True,True,True,True,exploit,131,0.13558811952,0.27117623904,False,exploit,fewa(0.2712),1.0,0.1704922108893236,52,66,0,0,disabled,1,52,66,52,66,38720,live,True,0,True,1,a and are clinical components document documentation exam findings h history key medical of or p patient physical recorded reported specific standards symptoms the this typically what within,none,0,,0.13333333333333333,0,0,fixed_anchor_dynamic,0.05310710877862595,0.05310710877862595,False,6
,,,0,False,,,152,,,topology_pl_fewa,mode_explore,,55,31,0.46511627906976744,24.523026315789483,26.697108725761765,3.5953947368421053,0.32695838433292546,0.35223841235585895,0.445873205741627,0.4854019768320321,0.1159804753820034,31,9,28.565217391304337,30.08050422437406,0.04990135855310651,3.8447204968944093,0.37685974288603197,0.394479357224052,28.11842105263159,epsilon_sample(0.2658),,0.3845080251221214,1.0,0.07255416940249508,0.07334836026348447,0.07331563225007531,0.055419386604038286,221,187,0.28356748124063974,0.8385650224215246,0.15874363327674024,0.4047416968016321,0.42148938512635375,0.2807894364833475,0.3845080251221214,0.20868820746472402,0.33103689952952564,0.2792285911580264,221,223,0.41167145644077385,187,0.41167145644077385,8,14,34,4,1.0,0.07397069085833916,True,True,True,True,explore,152,0.13287635712959997,0.26575271425919994,False,explore,epsilon_sample(0.2658),1.0,0.18247993768545293,55,31,0,0,disabled,1,55,31,55,31,27329,live,,0,False,1,and are associated chronic common comorbidities complications decisions diseases do how influence liver patient prognosis the they treatment what with,none,0,,0.3,0,0,agea_dynamic,0.05491879111842107,0.05491879111842107,False,7
TUMOR STAGING,True,True,6,True,True,,161,1,False,topology_pl_fewa,globally_unpulled_topology_prior,TUMOR STAGING,31,42,0.8082191780821918,25.751552795031067,26.497145171868375,1.481366459627329,0.373053688419978,0.3832672826232288,0.830695251452615,0.854746618447367,0.03527062999112688,30,29,29.16761363636363,29.650511686466942,0.09709730784403187,5.153409090909091,0.47015099626400986,0.47676603804624706,27.232919254658395,fewa(0.2604),0.05318929541925468,0.4317864619678995,1.0,0.08240315167432699,0.0834870308446944,0.08366630965378484,0.06689217357060628,251,210,0.32158737779311874,0.8333333333333334,0.17826825127334464,0.45307798817710465,0.4704113684799541,0.31145698276292316,0.4317864619678995,0.23800661213824964,0.3701783915232972,0.3083345849997768,251,252,0.40476857510257747,210,0.40476857510257747,8,16,37,4,1.0,0.08304256803907886,True,True,True,True,exploit,161,0.13021882998700798,0.26043765997401597,False,exploit,fewa(0.2604),1.0,0.21663609331651673,31,42,0,0,disabled,1,31,31,31,31,37787,live,True,0,True,1,and are assessed classification clinical components diagnostic direct directly during factors in including involvement lymph metastasis modalities node or pathological process size specific staging systems that the this tnm tumor used what which,none,0,,0.17307692307692307,0,0,fixed_anchor_dynamic,0.05318929541925468,0.05318929541925468,False,8
DIAGNOSTIC TESTING,False,True,0,True,False,,176,2,True,topology_pl_fewa,globally_unpulled_topology_prior,DIAGNOSTIC TESTING,48,46,0.11702127659574468,3.340909090909091,3.8654442148760326,1.1818181818181817,0.04811411992263056,0.053694280815895896,0.06960227272727272,0.08053008780991734,0.02569169960474308,6,5,4.580555555555556,5.283611111111112,0.01982323232323232,1.8055555555555554,0.06793735224586288,0.07541666666666667,4.5227272727272725,fewa(0.2552),0.0,0.4371946964410328,1.0,0.08437294812869336,0.08549185252316624,0.0856841598908998,0.06867742734169104,257,215,0.3266131161985777,0.8365758754863813,0.18251273344651953,0.4585766997741641,0.47593672769305984,0.3160592819255626,0.4371946964410328,0.24247617467657603,0.37503122347952605,0.31452040189023256,257,257,0.420263137678369,215,0.420263137678369,8,16,38,4,1.0,0.0851360781577111,True,True,True,True,exploit,176,0.12761445338726782,0.25522890677453564,False,exploit,fewa(0.2552),1.0,0.2797663345466116,48,46,0,0,disabled,1,48,19,48,19,26856,live,True,0,True,1,accuracies and are associated chronic clinical diagnostic disease evaluate indications limitations liver modalities monitor or patients procedures respective risks specific testing the their to used what with,none,0,,0.21951219512195122,0,0,fixed_anchor_dynamic,0.008833451704545454,0.008833451704545454,True,9
SIDE EFFECTS,True,True,5,True,True,,180,2,False,topology_pl_fewa,globally_unpulled_topology_prior,SIDE EFFECTS,51,35,0.11627906976744186,5.188888888888889,5.422006172839506,0.7583333333333333,0.06915374677002585,0.07186441286247487,0.10174291938997822,0.10631384652626483,0.021666666666666667,7,3,6.360962566844919,6.528410878206412,0.01395158838729288,0.786096256684492,0.08310533515731873,0.08505240854524307,5.947222222222223,fewa(0.2501),0.011615668402777779,0.43771807397069085,1.0,0.08667104399212082,0.08781747481932649,0.08809926199363344,0.0705067188659593,264,218,0.3272076101247308,0.8384615384615385,0.18505942275042445,0.45917992165327837,0.4766187487766096,0.31743472190344646,0.43771807397069085,0.24322715005584084,0.37591539224280823,0.31583957554334374,264,260,0.4100311600902404,218,0.4100311600902404,8,16,38,4,1.0,0.08757850662944872,True,True,True,True,exploit,180,0.12506216431952247,0.25012432863904493,False,exploit,fewa(0.2501),1.0,0.2512152112662814,51,35,0,0,disabled,1,51,20,51,20,15052,live,True,0,True,1,and are associated cause chronic classes direct diseases drug drugs effects for known liver or pharmacological side specific the these to treatments what which with,none,0,,0.2682926829268293,0,0,fixed_anchor_dynamic,0.011615668402777779,0.011615668402777779,False,10
,,,0,False,,,187,,,topology_pl_fewa,mode_explore,,68,44,0.0,0,0,0,0.0,0.0,0.0,0.0,0.0,0,0,0,0,0.0,0,0.0,0.0,0,epsilon_sample(0.2451),,0.43771807397069085,1.0,0.08667104399212082,0.08781747481932649,0.08809926199363344,0.0705067188659593,264,218,0.3272076101247308,0.8384615384615385,0.18505942275042445,0.45917992165327837,0.4766187487766096,0.31743472190344646,0.43771807397069085,0.24322715005584084,0.37591539224280823,0.31583957554334374,264,260,0.4100311600902404,218,0.4100311600902404,8,16,38,4,1.0,0.08757850662944872,False,False,False,False,explore,187,0.122560921033132,0.245121842066264,False,explore,epsilon_sample(0.2451),1.0,0.20954215686310604,68,44,0,0,disabled,1,68,20,68,20,24764,live,,0,False,1,and are chronic contribute development dietary diseases do factors genetic how interact key lifestyle liver of predispositions risk that the they to what with,none,0,,0.5357142857142857,0,0,agea_dynamic,0.0,0.0,False,11
MEDICAL TEAM,False,True,0,True,False,,187,2,False,topology_pl_fewa,globally_unpulled_topology_prior,MEDICAL TEAM,31,35,0.4090909090909091,21.0,21.57498784637822,0.5240641711229946,0.3261221844109545,0.33483412147729114,0.6774193548387096,0.6959673498831684,0.014973262032085561,22,5,21.825396825396837,21.944549424708157,0.012261653972884035,0.5079365079365079,0.3383838383838385,0.34018918079764643,21.524064171122994,fewa(0.2402),0.0,0.45324494068388,1.0,0.09389363099146422,0.09530022074097297,0.09587367787467342,0.08624086160620348,286,223,0.3376094938753124,0.8415094339622642,0.18930390492359933,0.4758751670807538,0.4942747418045496,0.32775630394190636,0.45324494068388,0.2501088692117859,0.38874162288346886,0.3267612098884798,286,265,0.4328652989091653,223,0.4328652989091653,8,17,40,4,1.0,0.09316120027913469,True,True,True,True,exploit,187,0.12010970261246937,0.24021940522493873,False,exploit,fewa(0.2402),0.8,0.16345598788911198,31,35,0,0,disabled,1,31,19,31,19,21883,live,True,0,True,1,and assess chronic conditions diagnostic disease does employ in liver medical monitoring patients procedures progression response specific team technologies the to treatment what with,none,0,,0.34375,0,0,fixed_anchor_dynamic,0.0420391878342246,0.0420391878342246,True,12
,,,0,False,,,189,,,topology_pl_fewa,mode_explore,,1,21,0.22727272727272727,0,0,0.0,0.0,0.0,0.0,0.0,0.0,0,5,0,0,0.0,0.0,0.0,0.0,0.0,epsilon_sample(0.2354),,0.45586182833217026,1.0,0.09389363099146422,0.09530022074097297,0.09587367787467342,0.08624086160620348,286,228,0.34057415132131047,0.8444444444444444,0.1935483870967742,0.4783905164324656,0.4966744456170395,0.3307881877641235,0.45586182833217026,0.25341641955083566,0.39159388360991093,0.33054333339570535,286,270,0.44287367851482823,228,0.44287367851482823,8,17,40,4,1.0,0.09316120027913469,True,False,False,False,explore,189,0.11770750856021997,0.23541501712043994,False,explore,epsilon_sample(0.2354),0.8,0.16328874790471776,1,21,0,0,disabled,1,1,20,1,20,41418,live,,0,False,1,and are associated cancer common complications different long modalities outcomes term the treatment what with,none,0,,0.34615384615384615,0,0,agea_dynamic,0.0,0.0,False,13
,,,0,False,,,189,,,topology_pl_fewa,mode_explore,,26,31,0.5964912280701754,11.505291005291006,12.308418017412727,2.431216931216931,0.24450013923698136,0.25859008681806417,0.44251119251119253,0.47340069297741255,0.07842635261990101,18,16,15.65291262135922,16.58153454614007,0.13047856967121144,5.720873786407768,0.3749787089081928,0.3912703216236463,13.936507936507937,recent_htsn_below_threshold(0.1154),,0.4673761339846476,1.0,0.09980302035456336,0.10101569933342058,0.10160338361527564,0.09608928544710506,304,244,0.35272193397452556,0.8531468531468531,0.2071307300509338,0.4896792220223078,0.5078547114290375,0.3432125474804523,0.4673761339846476,0.2660067365602057,0.4034916177755268,0.34006213393031426,304,286,0.4184270651020564,244,0.4184270651020564,8,17,40,4,1.0,0.09944173063503141,True,True,True,True,explore,189,0.11535335838901556,0.23070671677803112,False,explore,recent_htsn_below_threshold(0.1154),0.6,0.08867801022072216,26,31,0,0,disabled,1,26,31,26,31,27652,live,,0,False,1,and are available being cancer do during emotional families how impact patient patients psychological resources support the their they to treatment well what,none,0,,0.3333333333333333,0,0,agea_dynamic,0.027219742063492064,0.027219742063492064,False,14
,,,0,False,,,206,,,topology_pl_fewa,mode_explore,,53,53,0.3113207547169811,5.633495145631068,6.050405316240928,0.7864077669902912,0.060565121817182634,0.06449823663425679,0.10629236123832204,0.11415859087247034,0.014837882396043231,17,16,12.640625,14.211425781249998,0.11244700756287129,5.698660714285714,0.17301212938005392,0.18783100467486522,6.419902912621359,epsilon_sample(0.2261),,0.4994766224703419,1.0,0.10538411030860144,0.10638592979862184,0.10692729115738382,0.1021967367003875,321,260,0.3713738921412052,0.8609271523178808,0.22071307300509338,0.5252570987092778,0.5467076678058327,0.37143917209842453,0.4994766224703419,0.27801345534584737,0.4343049531507216,0.362277345150188,321,302,0.4172859698650351,260,0.4172859698650351,10,19,43,5,1.0,0.10537334263782275,True,True,True,True,explore,206,0.11304629122123525,0.2260925824424705,False,explore,epsilon_sample(0.2261),0.6,0.12795521408359234,53,53,0,0,disabled,1,53,20,53,20,17007,live,,0,False,1,and are associated cardiovascular different diseases factors in key measures patient populations preventive risk the what with,none,0,,0.28125,0,0,agea_dynamic,0.012538872876213593,0.012538872876213593,False,15
MEDICAL HISTORY,True,True,15,True,True,,224,3,True,topology_pl_fewa,globally_unpulled_topology_prior,MEDICAL HISTORY,66,50,0.15517241379310345,10.453125,10.929358657525508,1.4241071428571428,0.10238993226600984,0.10649539483088492,0.15838068181818182,0.16559634329584103,0.028482142857142855,13,5,11.358695652173914,12.00982514177694,0.012602571482116104,1.9804347826086957,0.11499250374812595,0.12060568900332444,11.877232142857142,fewa(0.2216),0.023197719029017856,0.5075017445917656,1.0,0.10965200262639527,0.11069168568447241,0.11119786317259996,0.10534515314899741,334,265,0.37804538948635796,0.8631921824104235,0.22495755517826826,0.5334708725917797,0.555093279414049,0.37777250400937945,0.5075017445917656,0.2835109802376446,0.44164620016671186,0.3675115473482196,334,307,0.415082050135149,265,0.415082050135149,10,19,44,5,1.0,0.10921144452198185,True,True,True,True,exploit,224,0.11078536539681057,0.22157073079362113,False,exploit,fewa(0.2216),0.6,0.1262374890930237,66,50,0,0,disabled,1,66,18,66,18,24787,live,True,0,True,1,and are between chronic conditions direct documented exist exposures history in infections medical medication or patient prior record relationships s specific that the what,none,0,,0.20930232558139536,0,0,fixed_anchor_dynamic,0.023197719029017856,0.023197719029017856,False,16
,,,0,False,,,230,,,topology_pl_fewa,mode_explore,,49,45,0.43617021276595747,20.8804347826087,21.90207939508506,3.9130434782608683,0.2637604070305273,0.27462896673772264,0.4261313220940551,0.4469812121445931,0.0869565217391304,25,16,24.278455284552834,24.48599957036156,0.043820461331347704,4.634146341463415,0.307580868361875,0.3097887862960104,24.793478260869566,epsilon_sample(0.2171),,0.5151779483600838,1.0,0.11785948785292187,0.11899341927161719,0.11967597799807615,0.11420555818132487,359,281,0.38729818420554046,0.8699690402476781,0.23853989813242785,0.5409801066946637,0.5624326332821185,0.3883241952819412,0.5151779483600838,0.29429273523896293,0.4508010891336068,0.3769897568003486,359,323,0.44946030263431863,281,0.44946030263431863,10,19,44,5,1.0,0.11758548499651082,True,True,True,True,explore,230,0.10856965808887434,0.21713931617774868,False,explore,epsilon_sample(0.2171),0.6,0.14671547554622566,49,45,0,0,disabled,1,49,19,49,19,19276,live,,0,False,1,and are associated classes common complications different effects immunosuppressive long medications of side term the what with,none,0,,0.5238095238095238,0,0,agea_dynamic,0.04842476222826087,0.04842476222826087,False,17
,,,0,False,,,246,,,topology_pl_fewa,mode_explore,,40,52,0.5108695652173914,17.105691056910565,18.003742811818363,2.951219512195122,0.21800989749027924,0.22777132960884225,0.42764227642276414,0.45009357029545904,0.05675422138836773,22,25,20.312741312741313,21.280466898227512,0.06556404912714567,5.776061776061776,0.2835739466174249,0.29409270298140533,20.05691056910569,epsilon_sample(0.2128),,0.5245987438939288,1.0,0.12508207485226527,0.1262224866828038,0.12685092967314207,0.11950728793568226,381,296,0.39992539119496434,0.8505747126436781,0.25127334465195245,0.5497631983463384,0.5706623543569517,0.3996855293682646,0.5245987438939288,0.3088041865025864,0.4613154011099993,0.39301729895374504,381,348,0.4509641215815976,296,0.4509641215815976,10,19,44,5,1.0,0.12526168876482904,True,True,True,True,explore,246,0.10639826492709685,0.2127965298541937,False,explore,epsilon_sample(0.2128),0.6,0.13424312007014022,40,52,0,0,disabled,1,40,31,40,31,35759,live,,0,False,1,and are biomarkers genetic in influence key mutations oncology patient prognosis selection that the treatment what,none,0,,0.34615384615384615,0,0,agea_dynamic,0.03917365345528455,0.03917365345528455,False,18
TARGETED THERAPY,True,True,24,True,True,,259,3,False,topology_pl_fewa,globally_unpulled_topology_prior,TARGETED THERAPY,39,48,0.22988505747126436,14.573359073359077,14.796738271641743,1.3223938223938225,0.1827098033994586,0.18527738039121341,0.3736758736758738,0.37940354542671134,0.0275498712998713,15,5,14.80113636363636,14.916713297750231,0.002656793605069374,1.3257575757575757,0.18536659700452798,0.18669506751158396,15.8957528957529,fewa(0.2085),0.03104639237451738,0.5279134682484299,1.0,0.13000656598818122,0.13129012730690628,0.13202924433019453,0.12411434182732939,396,301,0.4039380231138573,0.8526912181303116,0.25551782682512736,0.5530053863851714,0.5738037848023928,0.40340967386978643,0.5279134682484299,0.31307156336188,0.46475207716551253,0.3983258489634482,396,353,0.4575444009688731,301,0.4575444009688731,10,19,44,5,1.0,0.13014654570830425,True,True,True,True,exploit,259,0.1042702996285549,0.2085405992571098,False,exploit,fewa(0.2085),0.6666666666666666,0.17784509956819605,39,48,0,0,disabled,1,39,21,39,21,20891,live,True,0,True,1,and application between biomarkers cancer clinical determine direct exist genetic its mutations or relationships specific targeted that therapy types what,none,0,,0.2571428571428571,0,0,fixed_anchor_dynamic,0.03104639237451738,0.03104639237451738,False,19
BLACK PEOPLE,True,True,1,True,True,,264,3,False,topology_pl_fewa,globally_unpulled_topology_prior,BLACK PEOPLE,8,9,0.7647058823529411,5.878787878787879,5.981232782369146,1.3257575757575757,0.4237967914438503,0.42982296224274835,0.7348484848484849,0.7476540977961432,0.1473063973063973,7,6,6.481481481481481,6.645171467764061,0.07533174886116051,2.0037037037037035,0.4991285403050108,0.5087573630275156,7.204545454545455,fewa(0.2044),0.014071377840909092,0.5293091416608514,1.0,0.13230466185160866,0.13351778568021838,0.13426029504993306,0.12629172389336635,403,307,0.4054005399698834,0.8551532033426184,0.2606112054329372,0.5543784052656995,0.5751678269694925,0.4061605538255541,0.5293091416608514,0.3153481889199272,0.4667645711541955,0.40183085689285614,403,359,0.4644555990574903,307,0.4644555990574903,10,19,44,5,1.0,0.13258897418004187,True,True,True,True,exploit,264,0.1021848936359838,0.2043697872719676,False,exploit,fewa(0.2044),0.6666666666666666,0.16548703240069151,8,9,0,0,disabled,1,8,9,8,9,8589,live,True,0,True,1,and between black direct disease documented exist health in literature medical or outcomes people prevalence relationships responses specific treatment what,none,0,,0.3333333333333333,0,0,fixed_anchor_dynamic,0.014071377840909092,0.014071377840909092,False,20
HEPATITIS C,True,True,6,True,True,,270,4,True,topology_pl_fewa,globally_unpulled_topology_prior,HEPATITIS C,64,53,0.1623931623931624,7.2851851851851865,7.528717421124829,0.9370370370370371,0.07027540360873695,0.07235687571078518,0.11383101851851854,0.11763620970507545,0.017679944095038435,11,8,8.805357142857144,9.602656249999999,0.028579907746574415,2.7607142857142857,0.09885531135531136,0.10566983363858364,8.222222222222223,fewa(0.2003),0.01605902777777778,0.5359385903698535,1.0,0.13591595535128037,0.13705867692034435,0.13784654998276957,0.13057983644641163,414,315,0.41213501259436536,0.8583106267029973,0.267402376910017,0.561363575172692,0.5824097706489239,0.4131306367167161,0.5359385903698535,0.32169667112018135,0.47353971673316964,0.40809145801795954,414,367,0.4586131120589973,315,0.4586131120589973,10,19,45,5,1.0,0.13642707606420099,True,True,True,True,exploit,270,0.10014119576326413,0.20028239152652827,False,exploit,fewa(0.2003),0.6666666666666666,0.23813336632602508,64,53,0,0,disabled,1,64,20,64,20,19113,live,True,0,True,1,and antiviral between c direct drug exist hepatitis mechanisms medications or regimens relationships resistance specific treatment what,none,0,,0.32142857142857145,0,0,fixed_anchor_dynamic,0.01605902777777778,0.01605902777777778,False,21
MEDICAL PROVIDERS,True,True,4,True,True,,280,4,False,topology_pl_fewa,globally_unpulled_topology_prior,MEDICAL PROVIDERS,57,59,0.27586206896551724,11.475000000000001,12.088772321428573,2.8964285714285714,0.12389162561576357,0.129182766317734,0.20131578947368423,0.2120837249373434,0.049092009685230024,18,14,15.530716723549489,16.462192337709233,0.04412355621311721,3.959044368600683,0.16801518182888078,0.17604514401991306,14.371428571428574,fewa(0.1963),0.028069196428571433,0.5458827634333566,1.0,0.14182534471437952,0.1428522071593423,0.14353092963651484,0.13698613682616506,432,328,0.42455419935438954,0.8608923884514436,0.27843803056027167,0.5706480420761791,0.5910743113925917,0.4236612609082932,0.5458827634333566,0.3351712727477389,0.4838458859217823,0.41679002017368705,432,381,0.45473196644653785,328,0.45473196644653785,10,19,45,5,1.0,0.1427076064200977,True,True,True,True,exploit,280,0.09813837184799884,0.19627674369599768,False,exploit,fewa(0.1963),0.8,0.23171046059457048,57,59,0,0,disabled,1,57,57,57,57,31718,live,True,0,True,1,administer and are between clinical diagnostic direct exist follow guidelines medical or procedures protocols providers relationships required specific that they to treatment what,none,0,,0.3055555555555556,0,0,fixed_anchor_dynamic,0.028069196428571433,0.028069196428571433,False,22
SERIOUS BLOOD CLOTS,True,True,1,True,True,,293,4,False,topology_pl_fewa,globally_unpulled_topology_prior,SERIOUS BLOOD CLOTS,51,52,0.23300970873786409,9.08703071672355,10.624005521322323,1.9112627986348125,0.10677954869279964,0.12170163417434111,0.17817707287693235,0.2083138337514181,0.03675505381990024,15,9,13.410596026490069,14.033030349546074,0.04714573903304105,2.443708609271523,0.1539252877258407,0.1599683394059961,10.998293515358363,fewa(0.1924),0.021481042022184302,0.5575715282623867,1.0,0.14674983585029547,0.14783990003252623,0.14858730643700593,0.14012232691327292,447,337,0.43626982531173103,0.8641025641025641,0.2860780984719864,0.5829617231655239,0.6038521026930965,0.43479881914177526,0.5575715282623867,0.3446243790011272,0.4955159825665639,0.42258724758300675,447,390,0.4469033839312589,337,0.4469033839312589,10,19,47,5,1.0,0.1479413817166783,True,True,True,True,exploit,293,0.09617560441103887,0.19235120882207773,False,exploit,fewa(0.1924),0.8,0.20373670431161775,51,52,0,0,disabled,1,51,16,51,16,13783,live,True,0,True,1,and between blood clots diagnostic direct exist factors indicators measures or preventive relationships risk serious specific what,none,0,,0.3076923076923077,0,0,fixed_anchor_dynamic,0.021481042022184302,0.021481042022184302,False,23
,,,0,False,,,302,,,topology_pl_fewa,mode_explore,,58,54,0.75,44.06953642384107,48.84271249068024,7.347682119205299,0.45908230842005693,0.5016999518739781,0.7598195935145012,0.8421157325979352,0.13606818739269072,56,28,54.27932098765434,55.3075131458619,0.09315259016900845,7.570987654320987,0.5522348985890654,0.5614151857159186,51.417218543046374,epsilon_sample(0.1885),,0.5793789253314724,0.9324055666003976,0.15397242284963886,0.1552969868574148,0.15622665973599728,0.148083184838967,469,358,0.45991632274195376,0.8564593301435407,0.30390492359932086,0.6048736744595211,0.6257748240484318,0.45638423212542045,0.5793789253314724,0.3660419894478315,0.5175891413541849,0.4473534094015318,503,418,0.5016318066615317,358,0.5016318066615317,10,20,48,5,0.94375,0.15806001395673414,True,True,True,True,explore,302,0.0942520923228181,0.1885041846456362,False,explore,epsilon_sample(0.1885),1.0,0.18149063455212183,58,54,0,0,disabled,1,58,19,58,19,37625,live,,0,False,1,and are conditions diagnostic imaging key or prompt specific symptoms techniques that the their use what,none,0,,0.25806451612903225,0,0,agea_dynamic,0.10042425496688745,0.10042425496688745,False,24
CANCER STAGING,True,True,22,True,True,,324,5,True,topology_pl_fewa,globally_unpulled_topology_prior,CANCER STAGING,32,34,0.22727272727272727,11.50925925925926,11.914559042066758,0.0,0.1743827160493827,0.18052362184949633,0.35966435185185186,0.3723299700645862,0.0,13,2,12.405864197530864,12.829575331504344,0.01358492330714553,0.0,0.18796763935652824,0.1943875050227931,11.50925925925926,fewa(0.1847),0.02247902199074074,0.5807745987438939,0.9205426356589147,0.15594221930400526,0.1573253383805576,0.1582703015848255,0.15061543547524037,475,360,0.4624777352141184,0.8571428571428571,0.30560271646859083,0.6063286593004497,0.62729042645632,0.45926610636479615,0.5807745987438939,0.36846673638245964,0.519641580286063,0.4493699420129204,516,420,0.501801687035113,360,0.501801687035113,10,20,48,5,0.9444444444444444,0.16015352407536637,True,True,True,True,exploit,324,0.09236705047636173,0.18473410095272347,False,exploit,fewa(0.1847),1.0,0.23676513555624146,32,34,0,0,disabled,1,32,21,32,21,25402,live,True,0,True,1,and between cancer criteria decision direct exist factors making or prognostic rates relationships specific staging survival treatment what,none,0,,0.34615384615384615,0,0,fixed_anchor_dynamic,0.02247902199074074,0.02247902199074074,False,25
SUPPORTIVE CARE,True,True,12,True,True,,324,5,False,topology_pl_fewa,globally_unpulled_topology_prior,SUPPORTIVE CARE,23,33,0.21428571428571427,8.402777777777777,9.20149843773815,0.2623456790123457,0.15473434744268075,0.16899721637054457,0.3653381642512077,0.4000651494668761,0.007949869060980172,10,2,9.433846153846154,9.842773964497042,0.018370048161714864,0.26,0.1731043956043956,0.18040667793744716,8.665123456790122,fewa(0.1810),0.016924069251543206,0.5811235170969993,0.9220532319391636,0.1592252133946159,0.16069344052097254,0.16170440126986257,0.15442241700197892,485,362,0.46299012620011765,0.8578199052132701,0.3073005093378608,0.6067308072198592,0.6277451071786866,0.4601830663500521,0.5811235170969993,0.3689673866353028,0.520231026128251,0.45027398354273385,526,422,0.511005171153312,362,0.511005171153312,10,20,48,5,0.9455645161290323,0.1636427076064201,True,True,True,True,exploit,324,0.09051970946683449,0.18103941893366898,False,exploit,fewa(0.1810),1.0,0.18688232047734796,23,33,0,0,disabled,1,23,19,23,19,17029,live,True,0,True,1,and between care direct exist interventions or outcomes patient relationships reported settings specific supportive what,none,0,,0.34615384615384615,0,0,fixed_anchor_dynamic,0.016924069251543206,0.016924069251543206,False,26
LOW BLOOD CELL COUNTS,True,True,1,True,True,,325,5,False,topology_pl_fewa,globally_unpulled_topology_prior,LOW BLOOD CELL COUNTS,52,52,0.6923076923076923,25.566153846153856,28.25415384615385,5.364615384615384,0.2974112426035504,0.32325739644970414,0.491656804733728,0.5433491124260356,0.10316568047337277,43,29,39.1770538243626,41.027227166577056,0.18240462141911246,10.723796033994336,0.47981586402266285,0.4976059923131865,30.93076923076924,fewa(0.1774),0.06041165865384617,0.599092812281926,0.9279437609841827,0.17334208798424164,0.17467040681943363,0.17552473720789435,0.16319197279032663,528,391,0.4852232963321278,0.8669623059866962,0.33191850594227507,0.6226641926144448,0.6419538797526392,0.4785931057089334,0.599092812281926,0.3935429448307104,0.5384951753962541,0.4734888124945967,569,451,0.5252493499511991,391,0.5252493499511991,10,20,48,5,0.9496268656716418,0.17759944173063502,True,True,True,True,exploit,325,0.0887093152774978,0.1774186305549956,False,exploit,fewa(0.1774),1.0,0.2037741092441367,52,52,0,0,disabled,1,52,19,52,19,19322,live,True,0,True,1,and as between blood bone causes cell counts deficiencies direct disorders exist infections low marrow nutritional or relationships specific such underlying what,none,0,,0.3,0,0,fixed_anchor_dynamic,0.06041165865384617,0.06041165865384617,False,27
,,,0,False,,,353,,,topology_pl_fewa,mode_explore,,18,46,0.421875,4.582152974504249,4.582152974504249,0.26203966005665724,0.07569050991501415,0.07569050991501415,0.2545640541391249,0.2545640541391249,0.005696514349057766,6,21,5.41830985915493,5.867327911128744,0.013063891493436564,0.2619718309859155,0.08875440140845071,0.09577030847054156,4.844192634560906,epsilon_sample(0.1739),,0.6001395673412422,0.928695652173913,0.175311884438608,0.1766760729183847,0.1774775742699215,0.16476136595463856,534,393,0.4864856583409729,0.8326271186440678,0.333616298811545,0.6236943157485736,0.6429541773418455,0.4799332779950766,0.6001395673412422,0.39511377202935,0.5397037952997296,0.4748523044686395,575,472,0.5317041929672958,393,0.5317041929672958,10,20,48,5,0.9501845018450185,0.17969295184926729,True,True,True,True,explore,353,0.08693512897194784,0.17387025794389568,False,explore,epsilon_sample(0.1739),1.0,0.23847803264169407,18,46,0,0,disabled,1,18,40,18,40,30093,live,,0,False,1,and are biomarkers decisions different for genetic influence key molecular mutations of solid that the treatment tumors types what,none,0,,0.4583333333333333,0,0,agea_dynamic,0.009461313739376769,0.009461313739376769,False,28
ADVANCED-STAGE PROSTATE CANCER,True,True,9,True,True,,355,6,True,topology_pl_fewa,globally_unpulled_topology_prior,ADVANCED-STAGE PROSTATE CANCER,35,44,0.24050632911392406,6.759154929577466,7.650981948026185,1.1859154929577465,0.10057051167766091,0.11185946127827763,0.19311871227364188,0.21859948422931957,0.026952624839948782,10,9,8.96927374301676,9.61283394713024,0.031085665396096238,1.4315642458100557,0.13165617707375715,0.13980250877139616,7.9450704225352125,fewa(0.1704),0.015517715669014087,0.6053733426378227,0.9299145299145299,0.17859487852921865,0.17991020839215374,0.18068077035423594,0.16698648976100955,544,402,0.493950120392726,0.8357588357588358,0.34125636672325976,0.6287360583438856,0.6477737929989302,0.48696574733254877,0.6053733426378227,0.4038544144613845,0.5459389943407574,0.4821197915089031,585,481,0.5259200685103208,402,0.5259200685103208,10,20,48,5,0.9509981851179673,0.18283321702721564,True,True,True,True,exploit,355,0.08519642639250888,0.17039285278501776,False,exploit,fewa(0.1704),1.0,0.232260224886137,35,44,0,0,disabled,1,35,20,35,20,24976,live,True,0,True,1,advanced and androgen between bone cancer chemotherapy direct exist in inhibitors its management or prostate receptor regimens relationships signaling specific stage targeted therapies used what,none,0,,0.3235294117647059,0,0,fixed_anchor_dynamic,0.015517715669014087,0.015517715669014087,False,29
GENETIC TEST,True,True,10,True,True,,358,6,False,topology_pl_fewa,globally_unpulled_topology_prior,GENETIC TEST,44,43,0.4482758620689655,24.01117318435754,26.32259838956337,1.0335195530726258,0.2878700314647145,0.31443813727167813,0.5457084814626714,0.5982408724900766,0.024035338443549437,32,7,30.33379120879122,31.420793835285593,0.08585107501501282,2.1799450549450547,0.37372110647972734,0.386215389542881,25.044692737430164,fewa(0.1670),0.04891541550279329,0.610781577110956,0.93354943273906,0.18910045961917268,0.19070259041264506,0.1915043957147464,0.17576910649929103,576,408,0.5011913344647265,0.8360655737704918,0.3463497453310696,0.6341444798226927,0.6531036614666706,0.4928049304504813,0.610781577110956,0.4106457795776153,0.5517325130510781,0.48709413052360173,617,488,0.5467183131964806,408,0.5467183131964806,10,20,48,5,0.9532062391681109,0.19190509420795535,True,True,True,True,exploit,358,0.0834924978646587,0.1669849957293174,False,exploit,fewa(0.1670),1.0,0.1605578655376578,44,43,0,0,disabled,1,44,19,44,19,23284,live,True,0,True,1,and as between cancer clinical direct disease drug efficacy exist genetic or outcomes predisposition recurrence relationships risk specific such test what,none,0,,0.36666666666666664,0,0,fixed_anchor_dynamic,0.04891541550279329,0.04891541550279329,False,30
,,,0,False,,,364,,,topology_pl_fewa,mode_explore,,39,55,0.48936170212765956,30.733516483516468,32.1400570583263,2.78021978021978,0.35652910918868347,0.3714923067930434,0.7880388841927299,0.8241040271365717,0.05054945054945055,34,12,33.91777188328912,33.9536424656474,0.033786371368909995,2.7718832891246685,0.39031548055759346,0.3906970824975752,33.51373626373625,epsilon_sample(0.1636),,0.6264829030006979,0.9262672811059908,0.1979645436638214,0.19985612805692846,0.2008939158961485,0.18429531174480493,603,420,0.5170939768197385,0.84,0.3565365025466893,0.6488548112206179,0.6667602334130739,0.5035051589029326,0.6264829030006979,0.4252831340113324,0.5648500711463271,0.5006234475286101,651,500,0.5624429081302026,420,0.5624429081302026,10,20,49,5,0.9555189456342669,0.20237264480111655,True,True,True,True,explore,364,0.08182264790736553,0.16364529581473106,False,explore,epsilon_sample(0.1636),1.0,0.18325532862072413,39,55,0,0,disabled,1,39,20,39,20,23491,live,,0,False,1,and are cancer cardiovascular common complications in management patients strategies the their treatment undergoing what,none,0,,0.36363636363636365,0,0,agea_dynamic,0.06545651614010986,0.06545651614010986,False,31
,,,0,False,,,377,,,topology_pl_fewa,mode_explore,,30,41,0.43661971830985913,23.156498673740046,23.73352377065905,0.5039787798408488,0.3332461613180408,0.3413732753591535,0.7718832891246682,0.7911174590219684,0.012292165361971922,24,7,23.905263157894744,23.97931786703601,0.010527003989594608,0.5026315789473684,0.3437731653076354,0.3448161893800476,23.660477453580896,epsilon_sample(0.1604),,0.6306699232379623,0.9288888888888889,0.20584372948128693,0.2080165151152736,0.20935600634748344,0.19655648033673032,627,427,0.5234671552052877,0.8422090729783037,0.3624787775891341,0.6531777302616558,0.6711744254260485,0.509860396954591,0.6306699232379623,0.43186268555905255,0.5701029723385111,0.505052642553309,675,507,0.568420044134217,427,0.568420044134217,10,20,49,5,0.9569377990430622,0.209351011863224,True,True,True,True,explore,377,0.08018619494921822,0.16037238989843644,False,explore,epsilon_sample(0.1604),1.0,0.2236142809699247,30,41,0,0,disabled,1,30,19,30,19,21835,live,,0,False,1,across adherence and are cancer demographic different do factors groups how influence key long patient plans term that the these to treatment vary what,none,0,,0.3,0,0,agea_dynamic,0.04621187002652519,0.04621187002652519,False,32
MISMATCH REPAIR,True,True,1,True,True,,380,6,False,topology_pl_fewa,globally_unpulled_topology_prior,MISMATCH REPAIR,42,35,0.18181818181818182,7.128947368421052,8.07593663434903,0.5026315789473684,0.09911141490088858,0.11140997679605714,0.16973684210526313,0.19228420557973883,0.014360902255639098,12,2,9.578124999999998,10.796440972222221,0.03163804397357027,0.4895833333333333,0.13074945887445885,0.14657174422799424,7.63157894736842,fewa(0.1572),0.014905427631578946,0.6311933007676204,0.9301310043668122,0.2097833223900197,0.21151337991662003,0.21258835153142647,0.19998670014743106,639,429,0.5241622823103936,0.8428290766208252,0.36417657045840407,0.6536631657422151,0.6716291061484151,0.5107773569398469,0.6311933007676204,0.4327506732116546,0.5708144964117585,0.5060820505625454,687,509,0.5639294652858735,429,0.5639294652858735,10,20,49,5,0.9577464788732394,0.2135380321004885,True,True,True,True,exploit,380,0.07858247105023385,0.1571649421004677,False,exploit,fewa(0.1572),1.0,0.23078126471282276,42,35,0,0,disabled,1,42,18,42,18,18169,live,True,0,True,1,and between cancer direct exist mismatch or relationships repair sites specific tumor types what,none,0,,0.4166666666666667,0,0,fixed_anchor_dynamic,0.014905427631578946,0.014905427631578946,False,33
CLL,True,True,20,True,True,,384,7,True,topology_pl_fewa,globally_unpulled_topology_prior,CLL,69,68,0.46715328467153283,31.140624999999993,32.374628702799484,3.744791666666666,0.2546380778588807,0.2636454041566872,0.45131340579710133,0.4691975174318766,0.0550704656862745,42,22,37.090464547677264,39.19784225345377,0.07085761218091724,7.502444987775059,0.32549569003979795,0.34087800906006444,34.88541666666666,fewa(0.1540),0.06813557942708331,0.6388695045359386,0.934156378600823,0.22357189757058438,0.2249659701034537,0.22600136314009356,0.20999822543272695,681,450,0.535876956436034,0.847457627118644,0.38200339558573854,0.6614359301949826,0.6795481287296312,0.5246769420496843,0.6388695045359386,0.4469636599014677,0.5813626020945988,0.5177584996352416,729,531,0.5760750305020154,450,0.5760750305020154,10,20,49,5,0.9602356406480118,0.2274947662247034,True,True,True,True,exploit,384,0.07701082162922918,0.15402164325845835,False,exploit,fewa(0.1540),1.0,0.23546544570999767,69,68,0,0,disabled,1,69,21,69,21,20640,live,True,0,True,1,abnormalities and between chromosomal cll direct exist genetic mutations or relationships specific what,none,0,,0.43478260869565216,0,0,fixed_anchor_dynamic,0.06813557942708331,0.06813557942708331,False,34
HEALTH CARE PROVIDER,True,True,11,True,True,,409,7,False,topology_pl_fewa,globally_unpulled_topology_prior,HEALTH CARE PROVIDER,24,36,0.11666666666666667,1.21760391198044,1.4117682223324826,0.24816625916870416,0.024429502852485737,0.027665574691686446,0.050733496332518335,0.058823675930520104,0.006893507199130671,2,5,1.6256097560975609,1.7269095776323617,0.006769684139384179,0.24634146341463414,0.031199186991869916,0.03288751735078326,1.4657701711491442,fewa(0.1509),0.0028628323655256723,0.6411374738311235,0.9343365253077975,0.2242284963887065,0.22559813087154115,0.22665073182553636,0.21043014488695233,683,455,0.5384792351504104,0.8488805970149254,0.3862478777589134,0.6632327748680725,0.6809879510171253,0.5272313305800401,0.6411374738311235,0.45061929547548246,0.5838359238154888,0.520637153425912,731,536,0.5748500507452223,455,0.5748500507452223,10,20,49,5,0.960352422907489,0.22819260293091417,True,True,True,True,exploit,409,0.0754706051966446,0.1509412103932892,False,exploit,fewa(0.1509),1.0,0.2662789589462416,24,36,0,0,disabled,1,24,19,24,19,20101,live,True,0,True,1,and between cancer care diagnostic direct exist health or procedures provider relationships screening specific tests what,none,0,,0.42857142857142855,0,0,fixed_anchor_dynamic,0.0028628323655256723,0.0028628323655256723,False,35
LYNCH SYNDROME,True,True,10,True,True,,410,7,False,topology_pl_fewa,globally_unpulled_topology_prior,LYNCH SYNDROME,55,44,0.1919191919191919,13.476829268292686,14.996629982153479,0.4926829268292683,0.14110618378911063,0.1564577061513409,0.24503325942350337,0.2726659996755178,0.011197339246119735,16,3,14.737864077669906,15.614930424639459,0.012738084132827204,0.49271844660194175,0.15384426792193784,0.16270352395193335,13.969512195121954,fewa(0.1479),0.027284203506097567,0.6418353105373342,0.9303882195448461,0.22816808929743926,0.22959002074135668,0.23060218987570894,0.21254083526940357,695,457,0.5392014167869893,0.8478664192949907,0.38794567062818336,0.6638014979097815,0.6814426317394917,0.5281482905652959,0.6418353105373342,0.45189462052784335,0.5846695261197955,0.5218903740608675,747,539,0.5776296739230101,457,0.5776296739230101,10,20,49,5,0.9609826589595376,0.23203070481507326,True,True,True,True,exploit,410,0.0739611930927117,0.1479223861854234,False,exploit,fewa(0.1479),1.0,0.21359085322379587,55,44,0,0,disabled,1,55,24,55,24,27266,live,True,0,True,1,and between direct exist genes genetic lynch mutations or relationships specific syndrome what,none,0,,0.625,0,0,fixed_anchor_dynamic,0.027284203506097567,0.027284203506097567,False,36
CANCER TREATMENT,True,True,0,True,False,,412,8,True,topology_pl_fewa,globally_unpulled_topology_prior,CANCER TREATMENT,32,36,0.6911764705882353,24.4623786407767,26.022065581110386,2.4635922330097086,0.39597015990862366,0.41890673256058963,0.7644493325242718,0.8131895494096996,0.06843311758360301,30,17,29.027122641509433,29.631900253648976,0.06801083343210884,2.523584905660377,0.4639809933407325,0.4728747817545493,26.925970873786408,fewa(0.1450),0.0,0.6543963712491278,0.9317889317889317,0.23768877216021012,0.23943537518075078,0.24078041449104007,0.2273281880383592,724,473,0.5528579408223906,0.8507194244604317,0.40152801358234297,0.6743692127140507,0.6903580480855303,0.5387924261007968,0.6543963712491278,0.46740070683520685,0.5964021201476617,0.5350322989279722,777,556,0.5803169891052731,473,0.5803169891052731,10,20,49,5,0.9621848739495799,0.2397069085833915,True,True,True,True,exploit,412,0.07248196923085747,0.14496393846171493,False,exploit,fewa(0.1450),1.0,0.1705062681438813,32,36,0,0,disabled,1,32,36,32,36,31132,live,True,0,True,1,and between cancer clinical direct drugs exist investigational or relationships specific treatment trials what,none,0,,0.47368421052631576,0,0,fixed_anchor_dynamic,0.05258978686286408,0.05258978686286408,True,37
TREATMENT,True,True,1,True,True,,424,8,False,topology_pl_fewa,globally_unpulled_topology_prior,TREATMENT,41,51,0.07608695652173914,0,0,0.0,0.0,0.0,0.0,0.0,0.0,0,7,0,0,0.0,0.0,0.0,0.0,0.0,fewa(0.1421),0.0,0.6543963712491278,0.9317889317889317,0.23768877216021012,0.23943537518075078,0.24078041449104007,0.2273281880383592,724,473,0.5528579408223906,0.8401420959147424,0.40152801358234297,0.6743692127140507,0.6903580480855303,0.5387924261007968,0.6543963712491278,0.46740070683520685,0.5964021201476617,0.5350322989279722,777,563,0.5803169891052731,473,0.5803169891052731,10,20,49,5,0.9621848739495799,0.2397069085833915,True,False,False,False,exploit,424,0.0710323298462403,0.1420646596924806,False,exploit,fewa(0.1421),1.0,0.18305106786199787,41,51,0,0,disabled,1,41,51,41,51,24726,live,True,0,True,1,and between biomarkers direct exist genetic influence mutations or relationships selection specific that treatment what,none,0,,0.5555555555555556,0,0,fixed_anchor_dynamic,0.0,0.0,False,38
MEDICAL ONCOLOGIST,True,True,4,True,True,,424,8,False,topology_pl_fewa,globally_unpulled_topology_prior,MEDICAL ONCOLOGIST,8,15,0.5217391304347826,2.9610849056603774,2.9709054601281597,0.7570754716981133,0.1616591468416735,0.16208612747070753,0.3701356132075472,0.37136318251601996,0.05047169811320755,3,9,2.9754098360655736,2.9816581564095674,0.0008497626380128687,0.7622950819672132,0.16250890947968638,0.16278057558159917,3.718160377358491,fewa(0.1392),0.007262031987028302,0.6554431263084438,0.9320512820512821,0.23867367038739332,0.2404538643640572,0.24184031238067577,0.22939980672869806,727,476,0.5546843206932569,0.8321678321678322,0.40407470288624786,0.6754578700737243,0.6914947498914464,0.5410848260639366,0.6554431263084438,0.47001282731120964,0.5979978129841912,0.5362574990982774,780,572,0.579522819896605,476,0.579522819896605,10,20,49,5,0.9623430962343096,0.24075366364270762,True,True,True,True,exploit,424,0.06961168324931549,0.13922336649863098,False,exploit,fewa(0.1392),1.0,0.16322878488182013,8,15,0,0,disabled,1,8,11,8,11,4746,live,True,0,True,1,and between cancer diagnostic direct exist medical modalities oncologist or procedures relationships specific treatment types what,none,0,,0.5238095238095238,0,0,fixed_anchor_dynamic,0.007262031987028302,0.007262031987028302,False,39
BLOOD TESTS,True,True,45,True,True,,427,9,True,topology_pl_fewa,globally_unpulled_topology_prior,BLOOD TESTS,61,59,0.4083333333333333,31.91920374707261,33.63068135074509,3.30327868852459,0.29352068696331,0.30778300032724737,0.5232656351979117,0.5513226450941818,0.05598777438177271,36,13,35.695011337868486,35.78544562193736,0.03145096836548822,3.3015873015873014,0.32497165532879824,0.32572527436270554,35.2224824355972,fewa(0.1364),0.06879391100702578,0.6622470341939986,0.9350490196078431,0.2504924491135916,0.252660695213313,0.2544727080490281,0.24388817090207307,763,489,0.5641489059506809,0.8358974358974359,0.4151103565365025,0.6821503914184883,0.6981289549768847,0.5506916924327623,0.6622470341939986,0.48029245084591904,0.6062332041048938,0.5450834383013529,816,585,0.5897201748393749,489,0.5897201748393749,10,20,49,5,0.9639519359145527,0.25191905094207956,True,True,True,True,exploit,427,0.0682194495843292,0.1364388991686584,False,exploit,fewa(0.1364),1.0,0.1446329986783787,61,59,0,0,disabled,1,61,15,61,15,23414,live,True,0,True,1,and are between blood complete counts diagnostic direct exist function imaging laboratory liver modalities not or parameters procedures relationships specific tests that what,none,0,,0.39285714285714285,0,0,fixed_anchor_dynamic,0.06879391100702578,0.06879391100702578,False,40
SUPPORT GROUPS,True,True,3,True,True,,441,9,False,topology_pl_fewa,globally_unpulled_topology_prior,SUPPORT GROUPS,73,71,0.2222222222222222,17.85714285714286,17.891408415217942,3.0476190476190474,0.1451719576719577,0.14540991293636799,0.24461839530332685,0.24508778650983482,0.042924211938296444,18,14,17.980176211453745,17.987095858642707,0.0011661480549145509,3.09251101321586,0.14633810572687225,0.14638615883235115,20.90476190476191,fewa(0.1337),0.0408296130952381,0.6681786461967899,0.9364508393285371,0.25640183847669074,0.258764856937365,0.2608156131734399,0.2520984550562394,781,502,0.5716630658812483,0.8380634390651085,0.42614601018675724,0.6873926836181021,0.702872790513575,0.5585073488052602,0.6681786461967899,0.49041802814898405,0.6131079188503136,0.556575795497797,834,599,0.5893817745529497,502,0.5893817745529497,10,20,49,5,0.9647058823529412,0.2575017445917655,True,True,True,True,exploit,441,0.06685506059264261,0.13371012118528522,False,exploit,fewa(0.1337),1.0,0.19845123550054355,73,71,0,0,disabled,1,73,24,73,24,26342,live,True,0,True,1,and between community demographics direct exist groups interventions or patient psychological relationships resources specific support what,none,0,,0.47619047619047616,0,0,fixed_anchor_dynamic,0.0408296130952381,0.0408296130952381,False,41
PET,False,True,0,True,False,,454,9,False,topology_pl_fewa,globally_unpulled_topology_prior,PET,16,27,0.7906976744186046,12.539647577092511,13.19304056938811,2.356828193832599,0.34642966909128164,0.3616248549586211,0.7837279735682819,0.8245650355867569,0.08728993310491108,16,18,14.591792656587474,15.410037132234606,0.09831893706673733,4.532397408207344,0.444748606158019,0.4637775474521384,14.896475770925111,fewa(0.1310),0.0,0.6795184926727146,0.9341176470588235,0.2606697307944846,0.2629808700340575,0.26490640697209866,0.2547191583753696,794,519,0.5857119192453114,0.8411669367909238,0.4405772495755518,0.6973261105023287,0.7115420362866961,0.5698267002227644,0.6795184926727146,0.5071113072896432,0.6247974819559312,0.5728899056338883,850,617,0.5748333423651831,519,0.5748333423651831,10,20,49,5,0.9615877080665813,0.2620376831821354,True,True,True,True,exploit,454,0.06551795938078975,0.1310359187615795,False,exploit,fewa(0.1310),,0.19926439027711298,16,27,0,0,disabled,1,16,27,16,27,19069,live,True,0,True,1,and between diagnostic direct exist imaging modalities or pet procedures radiopharmaceutical relationships specific tracers what,none,0,,0.55,0,0,fixed_anchor_dynamic,0.029094679240088107,0.029094679240088107,True,42
HEREDITARY GENE TESTING,True,True,3,True,True,,463,10,True,topology_pl_fewa,globally_unpulled_topology_prior,HEREDITARY GENE TESTING,62,44,0.16981132075471697,10.488120950323975,11.336853742845284,0.9287257019438444,0.10770610049309262,0.11571301363008613,0.16916324113425765,0.18285247972331103,0.021107402316905555,12,6,11.179184549356224,11.75275378069222,0.005501446676718702,0.8208154506437768,0.11320754716981132,0.11861857765411317,11.416846652267818,fewa(0.1284),0.022298528617710582,0.6807397069085834,0.9350348027842227,0.2646093237032173,0.2669939442270712,0.26897965026574533,0.25985041123619085,806,524,0.5868965547411805,0.841091492776886,0.44482173174872663,0.6984786766554354,0.7126787380926123,0.5721191001859041,0.6807397069085834,0.5089257941527583,0.6264868487137973,0.5747198091014303,862,623,0.5788073338949117,524,0.5788073338949117,10,20,49,5,0.9621689785624212,0.26622470341939986,True,True,True,True,exploit,463,0.06420760019317395,0.1284152003863479,False,exploit,fewa(0.1284),,0.18935629211364455,62,44,0,0,disabled,1,62,44,62,44,35903,live,True,0,True,1,and between clinical counseling direct ethical exist frameworks gene hereditary legal or relationships services specialties specific testing what,none,0,,0.391304347826087,0,0,fixed_anchor_dynamic,0.022298528617710582,0.022298528617710582,False,43
DEEP VEIN THROMBOSIS,True,True,2,True,True,,466,10,False,topology_pl_fewa,globally_unpulled_topology_prior,DEEP VEIN THROMBOSIS,59,60,0.19327731092436976,9.803648068669528,10.63167952992319,1.836909871244635,0.09781981462112743,0.10477806219468762,0.16616352658761913,0.18019795813429135,0.030615164520743917,14,9,11.967368421052633,12.964392243767312,0.0362536042200933,3.987368421052632,0.13407341884122073,0.14245177029260456,11.640557939914164,fewa(0.1258),0.02273546472639485,0.6864968597348221,0.9360730593607306,0.2692055154300722,0.2713678982138771,0.2731946711172714,0.2638495572372364,820,533,0.5945055694275218,0.8433544303797469,0.4524617996604414,0.7038633747894486,0.7177072903673559,0.5788032558679013,0.6864968597348221,0.5174509199818677,0.6329012258356553,0.5834033822077945,876,632,0.5776855729832013,533,0.5776855729832013,10,20,49,5,0.9628252788104089,0.2711095603628751,True,True,True,True,exploit,466,0.06292344818931048,0.12584689637862095,False,exploit,fewa(0.1258),,0.21089751221226308,59,60,0,0,disabled,1,59,15,59,15,14739,live,True,0,True,1,and anticoagulant between deep diagnostic direct exist imaging medications modalities or procedures prophylaxis relationships specific surgical thrombosis vein what,none,0,,0.5454545454545454,0,0,fixed_anchor_dynamic,0.02273546472639485,0.02273546472639485,False,44
QUITTING SMOKING,True,True,13,True,True,,475,10,False,topology_pl_fewa,globally_unpulled_topology_prior,QUITTING SMOKING,59,37,0.5,27.08210526315789,30.971392797783935,1.0589473684210526,0.2931359649122806,0.33364937673130196,0.4590187332738625,0.5249388609793887,0.028620199146514935,41,7,36.62578616352201,39.9300440822928,0.09896309169149298,1.0157232704402517,0.3920990566037736,0.4265184099243027,28.14105263157894,fewa(0.1233),0.05496299342105262,0.6873691556175855,0.9389312977099237,0.2826657912015758,0.2850055719174755,0.2865229824626199,0.27584888923267836,861,536,0.5956310869999059,0.838810641627543,0.45500848896434637,0.704797514401368,0.7186924319324833,0.5805454798398875,0.6873691556175855,0.5190921048343833,0.634175545856929,0.585074316264941,917,639,0.5950784964110478,536,0.5950784964110478,10,20,49,5,0.9644128113879004,0.2836706210746685,True,True,True,True,exploit,475,0.06166497922552427,0.12332995845104854,False,exploit,fewa(0.1233),,0.19812964576815387,59,37,0,0,disabled,1,59,37,59,37,33409,live,True,0,True,1,aids and behavioral between cessation direct exist interventions or programs quitting relationships smoking specific support what,none,0,,0.45454545454545453,0,0,fixed_anchor_dynamic,0.05496299342105262,0.05496299342105262,False,45
,,,0,False,,,477,,,topology_pl_fewa,mode_explore,,40,51,0.1978021978021978,7.071278825995808,7.9025080319431815,1.3951781970649897,0.09303798926440437,0.10217237614294694,0.1767819706498952,0.19756270079857954,0.027356435236568426,12,6,10.231404958677684,10.998534722696537,0.04569827447185934,2.393595041322314,0.13873626373626372,0.1471662611430643,8.466457023060798,epsilon_sample(0.1209),,0.6906838799720866,0.9397201291711518,0.2866053841103086,0.2888666454488978,0.2902957305878444,0.27915876859641564,873,542,0.6013996385909686,0.8403100775193798,0.4601018675721562,0.7084005201614427,0.7225420620485196,0.5866760123127414,0.6906838799720866,0.5254117033662042,0.638829869751588,0.5881049804215039,929,645,0.5985126624693051,542,0.5985126624693051,10,20,49,5,0.9649122807017544,0.28785764131193303,True,True,True,True,explore,477,0.06043167964101378,0.12086335928202756,False,explore,epsilon_sample(0.1209),,0.198052701357948,40,51,0,0,disabled,1,40,20,40,20,12430,live,,0,False,1,a and are criteria develop diagnostic do early factors how indicate key may patient protocols relate risk sepsis signs specific that the these to treatment warning what,none,0,,0.34210526315789475,0,0,agea_dynamic,0.01653604887316562,0.01653604887316562,False,46
FAMILY HISTORY,True,True,14,True,True,,484,11,True,topology_pl_fewa,globally_unpulled_topology_prior,FAMILY HISTORY,52,44,0.17708333333333334,13.794421487603307,14.42138515128748,0.0,0.14369189049586778,0.15022276199257792,0.2652773363000636,0.27733432983245154,0.0,15,2,13.794421487603307,14.42138515128748,0.0,0.0,0.14369189049586778,0.15022276199257792,13.794421487603307,fewa(0.1184),0.02694222946797521,0.6910327983251919,0.9247881355932204,0.2866053841103086,0.2888666454488978,0.2902957305878444,0.27915876859641564,873,544,0.6018192246255487,0.8408037094281299,0.4617996604414261,0.7088026680808523,0.7229967427708861,0.5875929722979972,0.6910327983251919,0.5259123536190474,0.6394193155937761,0.5888203909997809,944,647,0.6010825306684704,544,0.6010825306684704,10,20,49,5,0.9649122807017544,0.28785764131193303,True,True,True,True,exploit,484,0.0592230460481935,0.118446092096387,False,exploit,fewa(0.1184),,0.18762590767643736,52,44,0,0,disabled,1,52,19,52,19,22786,live,True,0,True,1,and autoimmune between cancer cardiovascular conditions diagnostic direct diseases do exist family hereditary history how or recommendations relate relationships screening specific syndromes these to what,none,0,,0.36666666666666664,0,0,fixed_anchor_dynamic,0.02694222946797521,0.02694222946797521,False,47
COMPLETE BLOOD COUNT AND DIFFERENTIAL,True,True,8,True,True,,484,11,False,topology_pl_fewa,globally_unpulled_topology_prior,COMPLETE BLOOD COUNT AND DIFFERENTIAL,52,49,0.10891089108910891,6.695247933884297,7.378981755003074,0.7913223140495868,0.07412445790033548,0.0808940996935907,0.1287547679593134,0.14190349528852064,0.01614943498060381,9,2,7.532921810699588,8.35622004606344,0.011205371378888745,1.0853909465020575,0.08532982927922422,0.09348129695609403,7.486570247933884,fewa(0.1161),0.014622207515495866,0.6922540125610607,0.9244491080797481,0.2892317793827971,0.29135330826544625,0.29268778811443186,0.28040979733707244,881,546,0.6035778355818294,0.8412942989214176,0.4634974533106961,0.7099488237518327,0.7240576644564078,0.589099406559489,0.6922540125610607,0.5280534481175234,0.6408317422244907,0.5905701615346917,953,649,0.5972313219085261,546,0.5972313219085261,10,20,49,5,0.9641203703703703,0.290648988136776,True,True,True,True,exploit,484,0.05803858512722963,0.11607717025445927,False,exploit,fewa(0.1161),,0.14707835195735455,52,49,0,0,disabled,1,52,19,52,19,19914,live,True,0,True,1,already and between blood cell complete count differential direct exist indices inflammatory listed markers not or red relationships specific subtypes what white,none,0,,0.3235294117647059,0,0,fixed_anchor_dynamic,0.014622207515495866,0.014622207515495866,False,48
,,,0,False,,,486,,,topology_pl_fewa,mode_explore,,66,56,0.00819672131147541,0,0,0.0,0.0,0.0,0.0,0.0,0.0,0,1,0,0,0.0,0.0,0.0,0.0,0.0,epsilon_sample(0.1138),,0.6931263084438242,0.9244491080797481,0.2892317793827971,0.29135330826544625,0.29268778811443186,0.28040979733707244,881,547,0.6052239674793634,0.8415384615384616,0.46434634974533107,0.7109131405863021,0.7251034301178508,0.5907368351045891,0.6931263084438242,0.5295265152076196,0.6420771738781339,0.591071946689726,953,650,0.5926621277498025,547,0.5926621277498025,10,20,49,5,0.9641203703703703,0.290648988136776,True,False,False,False,explore,486,0.056877813424685036,0.11375562684937007,False,explore,epsilon_sample(0.1138),,0.14036202343880314,66,56,0,0,disabled,1,66,51,66,51,35777,live,,0,False,1,and are associated chronic common comorbidities complications decisions disease do how influence kidney management patient the they what with,none,0,,0.6956521739130435,0,0,agea_dynamic,0.0,0.0,False,49
B SYMPTOMS,True,True,5,True,True,,486,11,False,topology_pl_fewa,globally_unpulled_topology_prior,B SYMPTOMS,5,6,0.0,0,0,0,0.0,0.0,0.0,0.0,0.0,0,0,0,0,0.0,0,0.0,0.0,0,fewa(0.1115),0.0,0.6931263084438242,0.9244491080797481,0.2892317793827971,0.29135330826544625,0.29268778811443186,0.28040979733707244,881,547,0.6052239674793634,0.8415384615384616,0.46434634974533107,0.7109131405863021,0.7251034301178508,0.5907368351045891,0.6931263084438242,0.5295265152076196,0.6420771738781339,0.591071946689726,953,650,0.5926621277498025,547,0.5926621277498025,10,20,49,5,0.9641203703703703,0.290648988136776,False,False,False,False,exploit,486,0.05574025715619134,0.11148051431238268,False,exploit,fewa(0.1115),0.5,0.12079806051457767,5,6,0,0,disabled,1,5,6,5,6,2967,live,True,0,True,1,and b between classifications criteria diagnostic direct exist hematologic in indicators lymphoma malignancies or other prognostic relationships specific staging symptoms what,none,0,,0.39285714285714285,0,0,fixed_anchor_dynamic,0.0,0.0,False,50
,,,0,False,,,486,,,topology_pl_fewa,mode_explore,,41,50,0.26373626373626374,21.886831275720155,21.96901408152552,0.2397119341563786,0.2431488264821597,0.2440519342382626,0.5338251530663453,0.5358296117445248,0.004794238683127572,22,2,21.97741273100617,21.995430473628513,0.0009787092264849362,0.23819301848049282,0.24412753570864465,0.24432553288031877,22.126543209876534,epsilon_sample(0.1093),,0.6957431960921144,0.9261538461538461,0.2964543663821405,0.29883639351716007,0.30048723254174986,0.30362318287448736,903,549,0.6078350325181097,0.8420245398773006,0.46604414261460103,0.7132721504976375,0.7272252734888942,0.5923742636496889,0.6957431960921144,0.5319105287636878,0.6442248113768989,0.596567111956951,975,652,0.600624426787946,549,0.600624426787946,10,20,49,5,0.9650112866817155,0.2983251919050942,True,True,True,True,explore,486,0.05462545201306751,0.10925090402613502,False,explore,epsilon_sample(0.1093),0.5,0.06217086753212153,41,50,0,0,disabled,1,41,50,41,50,37996,live,,0,False,1,age and are care different factors for groups guidelines key preventive recommendations risk screening the what,none,0,,0.375,0,0,agea_dynamic,0.043215904706790105,0.043215904706790105,False,51
ACUTE LYMPHOBLASTIC LEUKEMIA,True,True,13,True,True,,487,12,True,topology_pl_fewa,globally_unpulled_topology_prior,ACUTE LYMPHOBLASTIC LEUKEMIA,23,33,0.05357142857142857,0.9496919917864476,0.961675008116575,0.23819301848049282,0.021212232326195367,0.021426214760661925,0.041290956164628155,0.041811956874633696,0.007217970256984631,1,2,0.9569672131147541,0.9672404091642032,0.00013949484008097743,0.2387295081967213,0.021351727166276344,0.021535177095730794,1.1878850102669405,fewa(0.1071),0.002320087910677618,0.6959176552686671,0.9262295081967213,0.29678266579120155,0.2991527763571519,0.3008129088695371,0.303730976536976,904,550,0.6078703316930302,0.8409785932721713,0.466893039049236,0.7134732244573423,0.7274526138500775,0.5928327436423169,0.6959176552686671,0.5321608538901095,0.6445195342979929,0.5969248172460895,976,654,0.600697031067887,550,0.600697031067887,10,20,49,5,0.9650507328072153,0.29867411025819957,True,True,True,True,exploit,487,0.05353294297280616,0.10706588594561232,False,exploit,fewa(0.1071),0.6666666666666666,0.09219303497567259,23,33,0,0,disabled,1,23,27,23,27,23116,live,True,0,True,1,abnormalities acute and between cytogenetic diagnosis direct exist genetic in its leukemia lymphoblastic markers molecular mutations or prognosis relationships specific used what,none,0,,0.4583333333333333,0,0,fixed_anchor_dynamic,0.002320087910677618,0.002320087910677618,False,52
HEART TESTS,True,True,7,True,True,,488,12,False,topology_pl_fewa,globally_unpulled_topology_prior,HEART TESTS,60,63,0.18699186991869918,11.283811475409838,12.350140041319538,1.353483606557377,0.10274223643875785,0.11141157437298305,0.18806352459016396,0.20583566735532563,0.021483866770752015,16,7,13.922379032258064,15.073060288761708,0.037370535656705034,3.311491935483871,0.14011277209546288,0.14946790426215917,12.637295081967215,fewa(0.1049),0.024682216956967217,0.6983600837404047,0.9274193548387096,0.3020354563361786,0.3043044790777492,0.3059904604611542,0.30764811834383526,920,557,0.6122746971687343,0.8426626323751891,0.47283531409168084,0.716118527522452,0.730294368364868,0.598181676889643,0.6983600837404047,0.537177724914902,0.6482566798484757,0.6008121673760669,992,661,0.6012443385849734,557,0.6012443385849734,10,20,49,5,0.9656699889258029,0.30425680390788556,True,True,True,True,exploit,488,0.052462284113350036,0.10492456822670007,False,exploit,fewa(0.1049),0.6666666666666666,0.0676971033417381,60,63,0,0,disabled,1,60,20,60,20,22092,live,True,0,True,1,are arrhythmias biomarkers by diagnostic directly failure findings heart identify imaging ischemia measured myocardial or parameters specific tests to what,none,0,,0.22857142857142856,0,0,fixed_anchor_dynamic,0.024682216956967217,0.024682216956967217,False,53
TMB-H,True,True,2,True,True,,496,12,False,topology_pl_fewa,globally_unpulled_topology_prior,TMB-H,44,49,0.043010752688172046,1.214717741935484,1.4015389242976066,0.47580645161290325,0.018177679500520294,0.02018650941839258,0.027607221407624637,0.03185315737040015,0.009710335747202106,2,2,1.6184738955823295,1.709258721633522,0.004342508779481436,0.4759036144578313,0.02252018828000173,0.02349636920528337,1.6905241935483872,fewa(0.1028),0.003301805065524194,0.6992323796231682,0.9275653923541247,0.3026920551543007,0.30495081670084695,0.30661968421910496,0.3081291811382787,922,559,0.6135995477280637,0.8431372549019608,0.47453310696095075,0.717071951348774,0.7313173999901926,0.5998627701959455,0.6992323796231682,0.5387744733544434,0.6495139637991469,0.6018058859322695,994,663,0.6003736531547769,559,0.6003736531547769,10,20,49,5,0.9657458563535911,0.30495464061409633,True,True,True,True,exploit,496,0.05141303843108303,0.10282607686216606,False,exploit,fewa(0.1028),0.6666666666666666,0.07342065904942259,44,49,0,0,disabled,1,44,20,44,20,19559,live,True,0,True,1,and approved between biomarkers cancer direct exist fda h immunotherapy indications or relationships response specific tmb treatment types what,none,0,,0.4583333333333333,0,0,fixed_anchor_dynamic,0.003301805065524194,0.003301805065524194,False,54
GENETIC TESTS,True,True,4,True,True,,498,13,True,topology_pl_fewa,globally_unpulled_topology_prior,GENETIC TESTS,30,41,0.014084507042253521,0,0,0.0,0.0,0.0,0.0,0.0,0.0,0,1,0,0,0.0,0.0,0.0,0.0,0.0,fewa(0.1008),0.0,0.6992323796231682,0.9275653923541247,0.3026920551543007,0.30495081670084695,0.30661968421910496,0.3081291811382787,922,559,0.6135995477280637,0.8418674698795181,0.47453310696095075,0.717071951348774,0.7313173999901926,0.5998627701959455,0.6992323796231682,0.5387744733544434,0.6495139637991469,0.6018058859322695,994,664,0.6003736531547769,559,0.6003736531547769,10,20,49,5,0.9657458563535911,0.30495464061409633,True,False,False,False,exploit,498,0.050384777662461376,0.10076955532492275,False,exploit,fewa(0.1008),0.6666666666666666,0.07705619494952665,30,41,0,0,disabled,1,30,20,30,20,22875,live,True,0,True,1,acute are by chromosomal classify diagnose directly genetic identified leukemia lymphoblastic markers molecular mutations or rearrangements specific tests to what,none,0,,0.3125,0,0,fixed_anchor_dynamic,0.0,0.0,False,55
RICHTER TRANSFORMATION,True,True,2,True,True,,498,13,False,topology_pl_fewa,globally_unpulled_topology_prior,RICHTER TRANSFORMATION,35,43,0.02564102564102564,0,0,0.0,0.0,0.0,0.0,0.0,0.0,0,2,0,0,0.0,0.0,0.0,0.0,0.0,fewa(0.0988),0.0,0.7002791346824843,0.9275653923541247,0.3026920551543007,0.30495081670084695,0.30661968421910496,0.3081291811382787,922,560,0.6146943794942265,0.8408408408408409,0.47538200339558573,0.7178243012153912,0.7318478608329534,0.6004522444721814,0.7002791346824843,0.5400149898833078,0.6503325450117845,0.6024560277377797,994,666,0.5976034848344688,560,0.5976034848344688,10,20,49,5,0.9657458563535911,0.30495464061409633,True,False,False,False,exploit,498,0.04937708210921214,0.09875416421842428,False,exploit,fewa(0.0988),0.6666666666666666,0.07705619494952665,35,43,0,0,disabled,1,35,42,35,42,29874,live,True,0,True,1,are by chromosomal diagnose directly genetic identified markers molecular mutations or predict rearrangements richter specific testing to transformation what,none,0,,0.625,0,0,fixed_anchor_dynamic,0.0,0.0,False,56
,,,0,False,,,498,,,topology_pl_fewa,mode_explore,,1,21,0.045454545454545456,0,0,0.0,0.0,0.0,0.0,0.0,0.0,0,1,0,0,0.0,0.0,0.0,0.0,0.0,recent_htsn_below_threshold(0.0484),,0.7002791346824843,0.9275653923541247,0.3026920551543007,0.30495081670084695,0.30661968421910496,0.3081291811382787,922,560,0.6146943794942265,0.8395802098950524,0.47538200339558573,0.7178243012153912,0.7318478608329534,0.6004522444721814,0.7002791346824843,0.5400149898833078,0.6503325450117845,0.6024560277377797,994,667,0.5976034848344688,560,0.5976034848344688,10,20,49,5,0.9657458563535911,0.30495464061409633,True,False,False,False,explore,498,0.0483895404670279,0.0967790809340558,False,explore,recent_htsn_below_threshold(0.0484),0.5,0.028426429653094703,1,21,0,0,disabled,1,1,21,1,21,25561,live,,0,False,1,active and are cancer care for interventions management patients recommended strategies supportive symptom treatment undergoing what,none,0,,0.4090909090909091,0,0,agea_dynamic,0.0,0.0,False,57
,,,0,False,,,498,,,topology_pl_fewa,mode_explore,,39,48,0.7011494252873564,27.07831325301206,29.546027483427668,4.759036144578312,0.36594654479988936,0.3943110761839768,0.6943157244362066,0.7575904482930171,0.0991465863453815,36,25,35.52215799614645,35.83783472737329,0.09838583621576868,4.874759152215801,0.46433238101565805,0.4679608491906792,31.837349397590373,recent_htsn_below_threshold(0.0474),,0.7185973482205164,0.9300970873786408,0.314510833880499,0.31714453340028115,0.3191974444022894,0.32029233253303874,958,585,0.6383061198782862,0.8453757225433526,0.4966044142614601,0.7348941051798673,0.7477384107930879,0.6194158646047555,0.7185973482205164,0.5644720509774506,0.6693467771529337,0.617319209867082,1030,692,0.5912590587242074,585,0.5912590587242074,10,20,49,5,0.9669509594882729,0.3164689462665736,True,True,True,True,explore,498,0.04742174965768734,0.09484349931537468,False,explore,recent_htsn_below_threshold(0.0474),0.3333333333333333,0.02418398318785563,39,48,0,0,disabled,1,39,18,39,18,25455,live,,0,False,1,a address after and are care components do ends health how key life long monitoring of plan quality survivorship term the they treatment what,none,0,,0.3225806451612903,0,0,agea_dynamic,0.0621823230421687,0.0621823230421687,False,58
4KSCORE,True,True,1,True,True,,519,13,False,topology_pl_fewa,globally_unpulled_topology_prior,4KSCORE,50,50,0.31,24.372832369942195,25.27271394151343,1.763005780346821,0.26135838150289015,0.2703571972186025,0.4874566473988439,0.5054542788302686,0.03526011560693642,26,5,24.968511450381676,25.694457090204534,0.0051301681154304335,1.6803435114503817,0.2664885496183206,0.27374800601654914,26.135838150289015,fewa(0.0929),0.05104655888728323,0.7215631542219121,0.9318181818181818,0.3230466185160867,0.3259389100066866,0.3282219140794425,0.33114834205571547,984,590,0.6426299773640872,0.8464849354375896,0.5008488964346349,0.7376856632386358,0.7503300909105768,0.6230877351391209,0.7215631542219121,0.5697118446739973,0.6727747760972687,0.620707370639534,1056,697,0.5933914366711499,590,0.5933914366711499,10,20,49,5,0.967741935483871,0.3244940683879972,True,True,True,True,exploit,519,0.04647331466453359,0.09294662932906718,False,exploit,fewa(0.0929),0.5,0.07682484486008193,50,50,0,0,disabled,1,50,20,50,20,27507,live,True,0,True,1,4kscore cancer clinical directly does incorporate measure molecular or parameters predict prostate risk test the to what,none,0,,0.2,0,0,fixed_anchor_dynamic,0.05104655888728323,0.05104655888728323,False,59
ULTRASOUND,True,True,29,True,True,,524,14,True,topology_pl_fewa,globally_unpulled_topology_prior,ULTRASOUND,31,35,0.5606060606060606,22.43034351145038,23.67305591166016,2.491412213740458,0.37760235947258847,0.3964313352333427,0.7235594681113027,0.7636469648922632,0.07118320610687023,25,12,24.18480300187617,24.696671641633426,0.023998072615648458,2.3208255159474676,0.4016004320882369,0.40935601753910444,24.921755725190838,fewa(0.0911),0.048675304150763356,0.7283670621074668,0.9333950046253469,0.33125410374261327,0.33437601116211374,0.33683890681414375,0.3385638220426613,1009,602,0.6505910122432877,0.849083215796897,0.5110356536502547,0.7434104590617953,0.7551269725315432,0.6300744504923664,0.7283670621074668,0.5803491813331493,0.6798877901104554,0.6310020544131831,1081,709,0.5909617589938495,602,0.5909617589938495,10,20,49,5,0.9684317718940937,0.33182135380321004,True,True,True,True,exploit,524,0.04554384837124292,0.09108769674248585,False,exploit,fewa(0.0911),0.6666666666666666,0.12546098526055588,31,35,0,0,disabled,1,31,19,31,19,24672,live,True,0,True,1,and applications are clinical compare context diagnosing direct does how imaging in it modalities monitoring nodules of or other the this thyroid to ultrasound what,none,0,,0.20833333333333334,0,0,fixed_anchor_dynamic,0.048675304150763356,0.048675304150763356,False,60
BRCA MUTATION,True,True,5,True,True,,533,14,False,topology_pl_fewa,globally_unpulled_topology_prior,BRCA MUTATION,69,54,0.008130081300813009,0,0,0.0,0.0,0.0,0.0,0.0,0.0,0,1,0,0,0.0,0.0,0.0,0.0,0.0,fewa(0.0893),0.0,0.7283670621074668,0.9333950046253469,0.33125410374261327,0.33437601116211374,0.33683890681414375,0.3385638220426613,1009,602,0.6505910122432877,0.847887323943662,0.5110356536502547,0.7434104590617953,0.7551269725315432,0.6300744504923664,0.7283670621074668,0.5803491813331493,0.6798877901104554,0.6310020544131831,1081,710,0.5909617589938495,602,0.5909617589938495,10,20,49,5,0.9684317718940937,0.33182135380321004,True,False,False,False,exploit,533,0.04463297140381806,0.08926594280763613,False,exploit,fewa(0.0893),0.6666666666666666,0.2009814571550736,69,54,0,0,disabled,1,69,22,69,22,21617,live,True,0,True,1,a and are brca clinical consequences direct directly does genes interact it molecular mutation of or pathways proteins specific the therapeutic what which with,none,0,,0.2564102564102564,0,0,fixed_anchor_dynamic,0.0,0.0,False,61
FERTILITY PRESERVATION,True,True,12,True,True,,533,14,False,topology_pl_fewa,globally_unpulled_topology_prior,FERTILITY PRESERVATION,50,42,0.6630434782608695,28.02532833020638,30.165141029747723,3.2260787992495312,0.33968920792886864,0.3629480416195353,0.5605065666041277,0.6033028205949544,0.0768113999821317,43,18,37.25045207956601,40.80625978960723,0.16871357530880732,9.522603978300179,0.508402783237676,0.5470528670424718,31.251407129455913,fewa(0.0875),0.06103790454971858,0.744940683879972,0.9359430604982206,0.345370978332239,0.3484827762496182,0.3507370754265765,0.34918403600272174,1052,620,0.6724640749286291,0.8516483516483516,0.5263157894736842,0.7605043622296361,0.7725442212743379,0.6504853523008481,0.744940683879972,0.6005795989465583,0.6986393692128614,0.6463574893096172,1124,728,0.5988788045401371,620,0.5988788045401371,10,20,50,5,0.9696969696969697,0.34612700628053034,True,True,True,True,exploit,533,0.0437403119757417,0.0874806239514834,False,exploit,fewa(0.0875),0.5,0.2009814571550736,50,42,0,0,disabled,1,50,39,50,39,39071,live,True,0,True,1,and are associated biological clinical conditions direct directly encompasses factors fertility interventions is it medical or patient populations preservation procedural specialties specific that the utilize what which with,none,0,,0.3,0,0,fixed_anchor_dynamic,0.06103790454971858,0.06103790454971858,False,62
TESTING FOR OVARIAN CANCER,True,True,8,True,True,,553,15,True,topology_pl_fewa,globally_unpulled_topology_prior,TESTING FOR OVARIAN CANCER,33,34,0.373134328358209,21.65461121157324,22.7254536328231,0.6338155515370705,0.3326630860165718,0.3486458087217936,0.6562003397446436,0.6886501100855486,0.018641633868737368,23,2,22.2138989169675,22.860577486999702,0.006808329469176255,0.5306859205776173,0.33947141548574805,0.34912333444145255,22.28842676311031,fewa(0.0857),0.04353208352169982,0.7463363572923936,0.937227550130776,0.35292186474064347,0.3562773489319955,0.3587384269680755,0.3593127160548488,1075,622,0.6741595934654039,0.852054794520548,0.5280135823429541,0.7615656138731829,0.7733399125384792,0.6516206360921173,0.7463363572923936,0.602729580727629,0.6999501467554745,0.6479563357855588,1147,730,0.5980623749123579,622,0.5980623749123579,10,20,50,5,0.9702209414024976,0.3524075366364271,True,True,True,True,exploit,553,0.04286550573622686,0.08573101147245372,False,exploit,fewa(0.0857),0.5,0.26891929874084736,33,34,0,0,disabled,1,33,34,33,34,39921,live,True,0,True,1,and are biomarkers cancer clinical diagnostic direct directly factors for imaging in initiation modalities of or ovarian procedures prompt risk specifically such symptoms testing the used what which,none,0,,0.2978723404255319,0,0,fixed_anchor_dynamic,0.04353208352169982,0.04353208352169982,False,63
NATURAL PREGNANCY,True,True,2,True,True,,554,15,False,topology_pl_fewa,globally_unpulled_topology_prior,NATURAL PREGNANCY,60,52,0.3125,19.901624548736457,22.814723735484623,1.9900722021660653,0.19546157813305823,0.22147139230045257,0.33169374247894096,0.3802453955914104,0.03827061927242433,28,7,25.652406417112303,27.09722897423432,0.06525748221835506,3.5481283422459895,0.2607190603514133,0.27361926175428847,21.891696750902522,fewa(0.0840),0.04275722021660649,0.7491277041172366,0.9387234042553192,0.3621142481943532,0.36545062018156704,0.3679071160125009,0.3658034378343763,1103,629,0.6780579225470376,0.8534599728629579,0.533955857385399,0.7640525985319149,0.7755754260901143,0.6554718680301921,0.7491277041172366,0.6076612819608876,0.703314140721997,0.6517966045332189,1175,737,0.6010909643706999,629,0.6010909643706999,10,20,50,5,0.971000935453695,0.3621772505233775,True,True,True,True,exploit,554,0.04200819562150233,0.08401639124300465,False,exploit,fewa(0.0840),0.5,0.2622626069841838,60,52,0,0,disabled,1,60,52,60,52,30923,live,True,0,True,1,are associated clinical conditions direct factors hormonal natural or outcomes physiological pregnancy specifically what with,none,0,,0.2647058823529412,0,0,fixed_anchor_dynamic,0.04275722021660649,0.04275722021660649,False,64
TISSUE TESTS,True,True,2,True,True,,561,15,False,topology_pl_fewa,globally_unpulled_topology_prior,TISSUE TESTS,31,35,0.25757575757575757,12.671122994652407,12.983223235818391,0.0,0.191986712040188,0.19671550357300593,0.40874590305330344,0.4188136527683352,0.0,13,4,12.69607843137255,12.984911238843296,0.0003781126775779242,0.0,0.19236482471776592,0.19674107937641358,12.671122994652407,fewa(0.0823),0.024748287098930483,0.7520935101186322,0.9393939393939394,0.36638214051214707,0.3698723906746076,0.3725051957125491,0.37610022781963587,1116,633,0.6815621934426999,0.854251012145749,0.5373514431239389,0.7667110883541298,0.778051812167289,0.6585669186037322,0.7520935101186322,0.6109962347546049,0.7063278923976037,0.6541923287164094,1188,741,0.5959260215698273,633,0.5959260215698273,10,20,50,5,0.9712430426716141,0.36531751570132587,True,True,True,True,exploit,561,0.041168031709072274,0.08233606341814455,False,exploit,fewa(0.0823),0.5,0.24908324631021742,31,35,0,0,disabled,1,31,18,31,18,33417,live,True,0,True,1,are associated biological clinical conditions direct factors interventions or procedural specifically tests tissue what with,none,0,,0.5,0,0,fixed_anchor_dynamic,0.024748287098930483,0.024748287098930483,False,65
BIOPSY,True,True,18,True,True,,561,16,True,topology_pl_fewa,globally_unpulled_topology_prior,BIOPSY,22,46,0.4117647058823529,4.715686274509803,4.867685187833033,0.6372549019607843,0.07871972318339099,0.08095500132049732,0.21434937611408197,0.22125841762877424,0.013853367433930093,6,22,5.428063943161634,5.700106319545444,0.008836436047619356,0.5257548845470693,0.08755615923101034,0.0915567824131252,5.352941176470587,fewa(0.0807),0.010454963235294115,0.7587229588276343,0.9388609715242882,0.3680236375574524,0.37147874646411205,0.37410107076394145,0.3780073296926461,1121,644,0.6894999229618626,0.8440366972477065,0.5466893039049237,0.7722191274526851,0.7826112494110197,0.664887704678969,0.7587229588276343,0.6206389363700164,0.7128940663757898,0.6619887113364976,1194,763,0.5874870342131675,644,0.5874870342131675,10,20,50,5,0.9714022140221402,0.3674110258199581,True,True,True,True,exploit,561,0.040344671074890835,0.08068934214978167,False,exploit,fewa(0.0807),0.5,0.21196011682373733,22,46,0,0,disabled,1,22,30,22,30,27513,live,True,0,True,1,are associated biopsy clinical conditions diagnostic direct factors or outcomes procedural specifically what with,none,0,,0.6111111111111112,0,0,fixed_anchor_dynamic,0.010454963235294115,0.010454963235294115,False,66
BREAST DEVELOPMENT,True,True,2,True,True,,563,16,False,topology_pl_fewa,globally_unpulled_topology_prior,BREAST DEVELOPMENT,67,54,0.5041322314049587,34.67939609236233,36.60501579018768,4.268206039076376,0.3218810093507331,0.337795221729455,0.5176029267516766,0.5463435192565326,0.07904085257548844,43,18,39.541880341880336,41.418036379574836,0.058821116805938434,6.523076923076922,0.38070212615667154,0.39620754795579965,38.94760213143871,fewa(0.0791),0.07606953541296622,0.7691905094207956,0.9409862570735651,0.3821405121470781,0.38551589655239554,0.3880644051645488,0.38926878425696093,1164,662,0.7024964466631352,0.8476312419974392,0.5619694397283531,0.7817912673394094,0.7913317041745889,0.6764220935879695,0.7691905094207956,0.6355347626058672,0.7242142681638721,0.6729284750232342,1237,781,0.5906154458286382,662,0.5906154458286382,10,20,50,5,0.9724689165186501,0.3820655966503838,True,True,True,True,exploit,563,0.039537777653393016,0.07907555530678603,False,exploit,fewa(0.0791),0.5,0.2277040614604155,67,54,0,0,disabled,1,67,20,67,20,20806,live,True,0,True,1,are associated breast conditions development developmental direct factors hormonal or outcomes physiological specifically what with,none,0,,0.6666666666666666,0,0,fixed_anchor_dynamic,0.07606953541296622,0.07606953541296622,False,67
CHECKPOINT INHIBITORS,True,True,1,True,True,,585,16,False,topology_pl_fewa,globally_unpulled_topology_prior,CHECKPOINT INHIBITORS,48,50,0.0,0,0,0,0.0,0.0,0.0,0.0,0.0,0,0,0,0,0.0,0,0.0,0.0,0,fewa(0.0775),0.0,0.7691905094207956,0.9409862570735651,0.3821405121470781,0.38551589655239554,0.3880644051645488,0.38926878425696093,1164,662,0.7024964466631352,0.8476312419974392,0.5619694397283531,0.7817912673394094,0.7913317041745889,0.6764220935879695,0.7691905094207956,0.6355347626058672,0.7242142681638721,0.6729284750232342,1237,781,0.5906154458286382,662,0.5906154458286382,10,20,50,5,0.9724689165186501,0.3820655966503838,False,False,False,False,exploit,585,0.03874702210032515,0.0774940442006503,False,exploit,fewa(0.0775),,0.22414242174478843,48,50,0,0,disabled,1,48,50,48,50,27553,live,True,0,True,1,adverse are associated checkpoint clinical direct effects inhibitors or outcomes responses specifically therapeutic what with,none,0,,0.45,0,0,fixed_anchor_dynamic,0.0,0.0,False,68
FAMILY MEMBERS,True,True,6,True,True,,585,17,True,topology_pl_fewa,globally_unpulled_topology_prior,FAMILY MEMBERS,64,48,0.0,0,0,0,0.0,0.0,0.0,0.0,0.0,0,0,0,0,0.0,0,0.0,0.0,0,fewa(0.0759),0.0,0.7691905094207956,0.9409862570735651,0.3821405121470781,0.38551589655239554,0.3880644051645488,0.38926878425696093,1164,662,0.7024964466631352,0.8476312419974392,0.5619694397283531,0.7817912673394094,0.7913317041745889,0.6764220935879695,0.7691905094207956,0.6355347626058672,0.7242142681638721,0.6729284750232342,1237,781,0.5906154458286382,662,0.5906154458286382,10,20,50,5,0.9724689165186501,0.3820655966503838,False,False,False,False,exploit,585,0.03797208165831865,0.0759441633166373,False,exploit,fewa(0.0759),,0.15760980454147405,64,48,0,0,disabled,1,64,19,64,19,25102,live,True,0,True,1,are assessment associated based cascade clinical conditions context counseling direct disease factors family genetic hereditary in members of or outcomes psychosocial risk screening specifically the what with,none,0,,0.36666666666666664,0,0,fixed_anchor_dynamic,0.0,0.0,False,69
CREATE A MEDICAL BINDER,True,True,1,True,True,,585,17,False,topology_pl_fewa,globally_unpulled_topology_prior,CREATE A MEDICAL BINDER,58,60,0.059322033898305086,1.447008547008547,1.453710278325663,0.2376068376068376,0.014276401564537158,0.014333195897733056,0.024948423224285293,0.025063970315959708,0.00396011396011396,3,4,2.512755102040816,2.6418506177981396,0.017568115903466994,1.2448979591836735,0.03184451746800415,0.03293854726255774,1.6846153846153846,fewa(0.0744),0.003290264423076923,0.7702372644801116,0.9411290322580645,0.38312541037426134,0.3863911988388202,0.38894818755171656,0.38975533946578556,1167,666,0.7040312720044822,0.8484076433121019,0.565365025466893,0.7829977110976377,0.7926957463416884,0.6791729735437372,0.7702372644801116,0.6375803188164484,0.7259826056904362,0.6747648587531645,1240,785,0.5923628287128521,666,0.5923628287128521,10,20,50,5,0.9725420726306466,0.3831123517096999,True,True,True,True,exploit,585,0.037212640025152274,0.07442528005030455,False,exploit,fewa(0.0744),,0.1185174889148624,58,60,0,0,disabled,1,58,20,58,20,19970,live,True,0,True,1,a are associated binder clinical conditions create direct factors medical or organizational outcomes procedural specifically what with,none,0,,0.631578947368421,0,0,fixed_anchor_dynamic,0.003290264423076923,0.003290264423076923,False,70
NASOPHARYNGEAL CANCER STAGING,True,True,3,True,True,,588,17,False,topology_pl_fewa,globally_unpulled_topology_prior,NASOPHARYNGEAL CANCER STAGING,43,38,0.5061728395061729,26.249149659863946,27.845376203202377,1.6666666666666667,0.34463970773494584,0.3643462082699882,0.6104453409270685,0.647566888446567,0.04385964912280702,33,8,31.351758793969857,32.39608146820087,0.06290211661313211,1.6591289782244554,0.40754182434807795,0.4204346968694485,27.915816326530614,fewa(0.0729),0.054523078762755105,0.7772156315422191,0.9426551453260016,0.3939592908732764,0.39745088377427135,0.40002972902935907,0.4000133624580543,1200,674,0.7120279518772048,0.849936948297604,0.5721561969439728,0.7883499826324044,0.7968360473480947,0.6841803284552241,0.7772156315422191,0.6467571787025137,0.7320588754333887,0.6807739370603734,1273,793,0.597079357126582,674,0.597079357126582,10,20,50,5,0.9732758620689655,0.3939288206559665,True,True,True,True,exploit,588,0.03646838722464923,0.07293677444929846,False,exploit,fewa(0.0729),,0.08297542681973225,43,38,0,0,disabled,1,43,38,43,38,30303,live,True,0,True,1,are associated cancer clinical conditions diagnostic direct factors nasopharyngeal or outcomes prognostic specifically staging what with,none,0,,0.6666666666666666,0,0,fixed_anchor_dynamic,0.054523078762755105,0.054523078762755105,False,71
TUMOR TESTING,True,True,6,True,True,,597,18,True,topology_pl_fewa,globally_unpulled_topology_prior,TUMOR TESTING,22,29,0.21568627450980393,4.49748743718593,4.502450134536445,0.474036850921273,0.09748086839425887,0.09757817618544544,0.20443124714481498,0.20465682429711113,0.016346098307630105,8,3,7.195182724252492,7.517961998211941,0.06552154187217327,1.1179401993355482,0.16300241026643214,0.16933141563818607,4.971524288107203,fewa(0.0715),0.00971000837520938,0.7798325191905094,0.9430132708821234,0.39658568614576495,0.40005888757163827,0.4025248003897125,0.40243817062270226,1208,677,0.7151924422725257,0.8505025125628141,0.5747028862478778,0.790750253548753,0.7990474490432407,0.6868182495722285,0.7798325191905094,0.6502269219489195,0.7345321965981041,0.6828643313955136,1281,796,0.6020468499014474,677,0.6020468499014474,10,20,50,5,0.973458904109589,0.3967201674808095,True,True,True,True,exploit,597,0.035739019480156245,0.07147803896031249,False,exploit,fewa(0.0715),,0.13615942373004322,22,29,0,0,disabled,1,22,29,22,29,23632,live,True,0,True,1,are associated clinical conditions diagnostic direct factors or outcomes prognostic specifically testing tumor what with,none,0,,0.7222222222222222,0,0,fixed_anchor_dynamic,0.00971000837520938,0.00971000837520938,False,72
CHRONIC HEPATITIS B,True,True,2,True,True,,602,18,False,topology_pl_fewa,globally_unpulled_topology_prior,CHRONIC HEPATITIS B,57,36,0.0,0,0,0,0.0,0.0,0.0,0.0,0.0,0,0,0,0,0.0,0,0.0,0.0,0,fewa(0.0700),0.0,0.7798325191905094,0.9430132708821234,0.39658568614576495,0.40005888757163827,0.4025248003897125,0.40243817062270226,1208,677,0.7151924422725257,0.8505025125628141,0.5747028862478778,0.790750253548753,0.7990474490432407,0.6868182495722285,0.7798325191905094,0.6502269219489195,0.7345321965981041,0.6828643313955136,1281,796,0.6020468499014474,677,0.6020468499014474,10,20,50,5,0.973458904109589,0.3967201674808095,False,False,False,False,exploit,602,0.03502423909055312,0.07004847818110624,False,exploit,fewa(0.0700),,0.09127939553874838,57,36,0,0,disabled,1,57,36,57,36,23595,live,True,0,True,1,are associated b chronic clinical conditions diagnostic direct factors hepatitis or outcomes prognostic specifically what with,none,0,,0.7222222222222222,0,0,fixed_anchor_dynamic,0.0,0.0,False,73
,,,0,False,,,602,,,topology_pl_fewa,mode_explore,,43,45,0.0,0,0,0,0.0,0.0,0.0,0.0,0.0,0,0,0,0,0.0,0,0.0,0.0,0,epsilon_sample(0.0686),,0.7798325191905094,0.9430132708821234,0.39658568614576495,0.40005888757163827,0.4025248003897125,0.40243817062270226,1208,677,0.7151924422725257,0.8505025125628141,0.5747028862478778,0.790750253548753,0.7990474490432407,0.6868182495722285,0.7798325191905094,0.6502269219489195,0.7345321965981041,0.6828643313955136,1281,796,0.6020468499014474,677,0.6020468499014474,10,20,50,5,0.973458904109589,0.3967201674808095,False,False,False,False,explore,602,0.03432375430874205,0.0686475086174841,False,explore,epsilon_sample(0.0686),,0.09127939553874838,43,45,0,0,disabled,1,43,20,43,20,20408,live,,0,False,1,and are chronic contribute development diseases do environmental factors genetic how interact key lifestyle measures of or preventive risk that the they to what with,none,0,,0.75,0,0,agea_dynamic,0.0,0.0,False,74
RADICAL TRACHELECTOMY,True,True,8,True,True,,602,18,False,topology_pl_fewa,globally_unpulled_topology_prior,RADICAL TRACHELECTOMY,43,37,0.7625,25.47093023255813,27.881238203772575,4.277408637873754,0.37185423588039856,0.40198308552057915,0.5923472147106541,0.6484008884598274,0.11560563886145281,39,22,35.13221153846154,37.1910762347962,0.19306964232472967,10.061698717948717,0.5649238782051282,0.5906596869093115,29.748338870431883,fewa(0.0673),0.05810222435631227,0.7995464061409631,0.9446969696969697,0.4093893630991464,0.4128706575238676,0.41509935569806866,0.41341592552074297,1247,699,0.7422486066183627,0.8545232273838631,0.5933786078098472,0.8107470264135421,0.819138366416899,0.7103761914776828,0.7995464061409631,0.6762222235388541,0.7564972144472628,0.7035667735342347,1320,818,0.6059803182191975,699,0.6059803182191975,10,20,50,5,0.9743164871582436,0.41032798325191905,True,True,True,True,exploit,602,0.033637279222567214,0.06727455844513443,False,exploit,fewa(0.0673),,0.09127939553874838,43,37,0,0,disabled,1,43,20,43,20,23629,live,True,0,True,1,are associated clinical conditions diagnostic direct factors or outcomes prognostic radical specifically trachelectomy what with,none,0,,0.7647058823529411,0,0,fixed_anchor_dynamic,0.05810222435631227,0.05810222435631227,False,75
COLON CANCER,True,True,20,True,True,,624,19,True,topology_pl_fewa,globally_unpulled_topology_prior,COLON CANCER,53,50,0.4854368932038835,22.649839743589748,24.752907857700528,4.003205128205128,0.2587674259397561,0.27918556296995783,0.42735546686018394,0.4670359973151043,0.08006410256410255,33,17,30.004672897196258,31.335877830184106,0.08019153120266892,4.90809968847352,0.338958957142425,0.3518832768801712,26.653044871794876,fewa(0.0659),0.05205672826522437,0.8115840893230984,0.9460458240946046,0.42022324359816154,0.4236041268567535,0.4257390822886709,0.420928079262062,1280,716,0.7569735897570539,0.8574850299401198,0.6078098471986417,0.8217471117622139,0.8294165706117723,0.7235785133949432,0.8115840893230984,0.6919793755795223,0.7691517300166589,0.7138438535679629,1353,835,0.6191867210048304,716,0.6191867210048304,10,20,50,5,0.9749798224374495,0.421493370551291,True,True,True,True,exploit,624,0.03296453363811587,0.06592906727623174,False,exploit,fewa(0.0659),,0.16279496240192065,53,50,0,0,disabled,1,53,21,53,21,25662,live,True,0,True,1,are associated cancer clinical colon conditions diagnostic direct factors or outcomes prognostic specifically what with,none,0,,0.8235294117647058,0,0,fixed_anchor_dynamic,0.05205672826522437,0.05205672826522437,False,76
FERTILITY-SPARING TREATMENT,True,True,9,True,True,,642,19,False,topology_pl_fewa,globally_unpulled_topology_prior,FERTILITY-SPARING TREATMENT,43,38,0.0,0,0,0,0.0,0.0,0.0,0.0,0.0,0,0,0,0,0.0,0,0.0,0.0,0,fewa(0.0646),0.0,0.8115840893230984,0.9460458240946046,0.42022324359816154,0.4236041268567535,0.4257390822886709,0.420928079262062,1280,716,0.7569735897570539,0.8574850299401198,0.6078098471986417,0.8217471117622139,0.8294165706117723,0.7235785133949432,0.8115840893230984,0.6919793755795223,0.7691517300166589,0.7138438535679629,1353,835,0.6191867210048304,716,0.6191867210048304,10,20,50,5,0.9749798224374495,0.421493370551291,False,False,False,False,exploit,642,0.03230524296535355,0.0646104859307071,False,exploit,fewa(0.0646),,0.1456205060428827,43,38,0,0,disabled,1,43,38,43,38,35565,live,True,0,True,1,are associated clinical conditions diagnostic direct factors fertility or outcomes prognostic sparing specifically treatment what with,none,0,,0.7222222222222222,0,0,fixed_anchor_dynamic,0.0,0.0,False,77
COMPUTED TOMOGRAPHY,True,True,0,True,False,,642,19,False,topology_pl_fewa,globally_unpulled_topology_prior,COMPUTED TOMOGRAPHY,38,41,0.43037974683544306,24.93691588785047,26.092300031055597,0.6409657320872274,0.3237706534169329,0.3383957691537066,0.656234628627644,0.6866394745014631,0.015633310538712863,27,7,25.802795031055886,26.74601071525018,0.01098443739209276,0.6428571428571429,0.33475509080902566,0.34669452984945975,25.5778816199377,fewa(0.0633),0.0,0.8142009769713887,0.946376811594203,0.4287590282337492,0.4324063854557186,0.4346541283824017,0.42828069922469725,1306,723,0.7616751479377526,0.8586698337292161,0.6137521222410866,0.8243851879874664,0.8320688748255766,0.7284384013167995,0.8142009769713887,0.6977605529074719,0.7728286952846071,0.7175311560289543,1380,842,0.6223186311623992,723,0.6223186311623992,10,20,50,5,0.9753968253968254,0.4288206559665038,True,True,True,True,exploit,642,0.03165913810604648,0.06331827621209296,False,exploit,fewa(0.0633),,0.12612433236403092,38,41,0,0,disabled,1,38,19,38,19,20270,live,True,0,True,1,are associated clinical computed conditions diagnostic direct factors or outcomes prognostic specifically tomography what with,none,0,,0.7647058823529411,0,0,fixed_anchor_dynamic,0.04995680003894082,0.04995680003894082,True,78
EXTRAFASCIAL HYSTERECTOMY,True,True,6,True,True,,644,20,True,topology_pl_fewa,globally_unpulled_topology_prior,EXTRAFASCIAL HYSTERECTOMY,49,44,0.24731182795698925,13.100155279503102,14.770627579954478,1.5652173913043481,0.15769217925599407,0.17565424700278306,0.26735010774496126,0.30144137918274444,0.03557312252964428,18,5,16.70461538461539,17.45321479289941,0.03733677028908455,1.4330769230769231,0.19502894954507863,0.2030784055481326,14.66537267080745,fewa(0.0621),0.0286433059976708,0.8189113747383112,0.9470672389127325,0.4346684175968483,0.43842691170203524,0.4406089384264182,0.43392784458638756,1324,728,0.7674471900054468,0.859504132231405,0.6179966044142614,0.8287549602707552,0.8360960469379656,0.7326364315598572,0.8189113747383112,0.7036017193929367,0.7774369899803485,0.7200614320840988,1398,847,0.6309974510518531,728,0.6309974510518531,10,20,50,5,0.975724353954581,0.43475226796929517,True,True,True,True,exploit,644,0.03102595534392555,0.0620519106878511,False,exploit,fewa(0.0621),,0.1908784630474175,49,44,0,0,disabled,1,49,20,49,20,24707,live,True,0,True,1,are associated clinical conditions diagnostic direct extrafascial factors hysterectomy or outcomes prognostic specifically what with,none,0,,0.7647058823529411,0,0,fixed_anchor_dynamic,0.0286433059976708,0.0286433059976708,False,79
INFLAMMATION,True,True,1,True,True,,650,20,False,topology_pl_fewa,globally_unpulled_topology_prior,INFLAMMATION,2,3,0.0,0,0,0,0.0,0.0,0.0,0.0,0.0,0,0,0,0,0.0,0,0.0,0.0,0,fewa(0.0608),0.0,0.8189113747383112,0.9470672389127325,0.4346684175968483,0.43842691170203524,0.4406089384264182,0.43392784458638756,1324,728,0.7674471900054468,0.859504132231405,0.6179966044142614,0.8287549602707552,0.8360960469379656,0.7326364315598572,0.8189113747383112,0.7036017193929367,0.7774369899803485,0.7200614320840988,1398,847,0.6309974510518531,728,0.6309974510518531,10,20,50,5,0.975724353954581,0.43475226796929517,False,False,False,False,exploit,650,0.030405436237047036,0.06081087247409407,False,exploit,fewa(0.0608),,0.22241689889861632,2,3,0,0,disabled,1,2,2,2,2,1289,live,True,0,True,1,are associated clinical conditions diagnostic direct factors inflammation or outcomes prognostic specifically what with,none,0,,0.8125,0,0,fixed_anchor_dynamic,0.0,0.0,False,80
RET MUTATIONS,True,True,1,True,True,,650,20,False,topology_pl_fewa,globally_unpulled_topology_prior,RET MUTATIONS,61,53,0.2543859649122807,26.565384615384616,28.10715798816568,0,0.233029689608637,0.24655401744004984,0.4354981084489281,0.4607730817732079,0.0,29,0,26.565384615384616,28.10715798816568,0.0,0,0.233029689608637,0.24655401744004984,26.565384615384616,fewa(0.0596),0.05188551682692308,0.8189113747383112,0.9278206026629292,0.4346684175968483,0.43842691170203524,0.4406089384264182,0.43392784458638756,1324,728,0.7674471900054468,0.859504132231405,0.6179966044142614,0.8287549602707552,0.8360960469379656,0.7326364315598572,0.8189113747383112,0.7036017193929367,0.7774369899803485,0.7200614320840988,1427,847,0.6309974510518531,728,0.6309974510518531,10,20,50,5,0.975724353954581,0.43475226796929517,True,True,True,True,exploit,650,0.029797327512306095,0.05959465502461219,False,exploit,fewa(0.0596),,0.14804605172253663,61,53,0,0,disabled,1,61,21,61,21,19372,live,True,0,True,1,are associated clinical conditions diagnostic direct factors mutations or outcomes prognostic ret specifically what with,none,0,,0.8125,0,0,fixed_anchor_dynamic,0.05188551682692308,0.05188551682692308,False,81
EXTERNAL BEAM RADIATION THERAPY,True,True,0,True,False,,650,21,True,topology_pl_fewa,globally_unpulled_topology_prior,EXTERNAL BEAM RADIATION THERAPY,15,28,0.5581395348837209,9.685384615384615,10.874043786982249,1.4715384615384615,0.2594633273703041,0.2871065639190863,0.6456923076923077,0.7249362524654832,0.052554945054945054,14,10,13.07645259938838,13.743928798548572,0.10004168649784184,2.382262996941896,0.35950501386814593,0.3750277161741969,11.156923076923077,fewa(0.0584),0.0,0.8251919050942079,0.9285218598195697,0.4392646093237032,0.4430889637176791,0.4452004557637227,0.4379345378325976,1338,738,0.7755291420931848,0.8611435239206534,0.6264855687606112,0.83470999087659,0.8417896599835992,0.7401832787685135,0.8251919050942079,0.7123008878395286,0.7843653511594678,0.7262867090443278,1441,857,0.6315408734874596,738,0.6315408734874596,10,20,50,5,0.975968992248062,0.43928820655966505,True,True,True,True,exploit,650,0.029201380962059972,0.058402761924119945,False,exploit,fewa(0.0584),,0.1428985044563128,15,28,0,0,disabled,1,15,20,15,20,20045,live,True,0,True,1,are associated beam beyond clinical conditions diagnostic direct effects external factors its known or outcomes prognostic radiation side specifically therapy what with,none,0,,0.5652173913043478,0,0,fixed_anchor_dynamic,0.021790865384615384,0.021790865384615384,True,82
EARLY DETECTION,True,True,5,True,True,,654,21,False,topology_pl_fewa,globally_unpulled_topology_prior,EARLY DETECTION,61,62,0.1951219512195122,15.336391437308869,16.64740972982072,0.8646788990825688,0.13171601899505234,0.14237470430002674,0.2514162530706372,0.27290835622656917,0.013946433856170464,20,4,17.91704718417047,19.095829597659204,0.02091171732797298,0.8561643835616438,0.15262773632302531,0.1622113331806573,16.20107033639144,fewa(0.0572),0.03164271550076453,0.8262386601535241,0.9295003422313484,0.4458305975049245,0.44977700158175904,0.45187910967966766,0.44349049848490274,1358,742,0.7766835357701278,0.8617886178861789,0.629881154499151,0.8356808618377087,0.8426990214283322,0.7420171987390253,0.8262386601535241,0.7140768631447326,0.7857883993059626,0.7280539435365234,1461,861,0.640187328224898,742,0.640187328224898,10,20,50,5,0.9763358778625955,0.4462665736217725,True,True,True,True,exploit,654,0.028617353342818775,0.05723470668563755,False,exploit,fewa(0.0572),,0.19479116993037363,61,62,0,0,disabled,1,61,62,61,62,35376,live,True,0,True,1,are associated clinical conditions detection diagnostic direct early factors or outcomes prognostic specifically what with,none,0,,0.8125,0,0,fixed_anchor_dynamic,0.03164271550076453,0.03164271550076453,False,83
ALPHA-FETOPROTEIN (AFP) TEST,True,True,3,True,True,,657,21,False,topology_pl_fewa,globally_unpulled_topology_prior,ALPHA-FETOPROTEIN (AFP) TEST,58,56,0.17543859649122806,14.477929984779298,15.63934933244372,0.4505327245053272,0.13095142727442655,0.14113931628902673,0.24961948249619478,0.26964395400765034,0.008045227223309415,18,2,16.99244712990937,17.583716491269705,0.02205381998268907,0.4501510574018127,0.15300524725711562,0.1581918206023817,14.928462709284625,fewa(0.0561),0.029157153729071534,0.8272854152128402,0.9303583502366464,0.45173998686802364,0.45581553776509853,0.4580138505533287,0.44824342063855693,1376,744,0.7779242122152388,0.8621089223638471,0.631578947368421,0.8365800919225186,0.8434568226322763,0.7431961472914972,0.8272854152128402,0.7158558008774684,0.7869460479587785,0.7290699786006613,1479,863,0.6456558642807666,744,0.6456558642807666,10,20,50,5,0.9766037735849057,0.4515003489183531,True,True,True,True,exploit,657,0.0280450062759624,0.0560900125519248,False,exploit,fewa(0.0561),,0.1563802430459975,58,56,0,0,disabled,1,58,56,58,56,35162,live,True,0,True,1,afp alpha are associated clinical conditions diagnostic direct factors fetoprotein or outcomes prognostic specifically test what with,none,0,,0.7222222222222222,0,0,fixed_anchor_dynamic,0.029157153729071534,0.029157153729071534,False,84
BONE MARROW BIOPSY,True,True,10,True,True,,662,22,True,topology_pl_fewa,globally_unpulled_topology_prior,BONE MARROW BIOPSY,24,29,0.3584905660377358,10.257552870090631,11.324621671945305,1.2235649546827794,0.21662486461836622,0.23675823823826572,0.4273980362537763,0.47185923633105437,0.042191894989061354,16,3,14.659670164917538,15.385438277862567,0.0816410967405769,1.1484257871064467,0.2982659613589431,0.311959699339038,11.48111782477341,fewa(0.0550),0.022424058251510566,0.828506629448709,0.9311036789297659,0.45699277741300065,0.46111242274162023,0.46328434351496584,0.45285429806538274,1392,747,0.7797034378792465,0.8625866050808314,0.634125636672326,0.8377627726171379,0.8445935244381925,0.7450693655470915,0.828506629448709,0.7181361294699301,0.788504469385366,0.7305192248088602,1495,866,0.6568020818169428,747,0.6568020818169428,10,20,50,5,0.976882923191648,0.45708304256803906,True,True,True,True,exploit,662,0.02748410615044315,0.0549682123008863,False,exploit,fewa(0.0550),,0.151032092649684,24,29,0,0,disabled,1,24,19,24,19,17976,live,True,0,True,1,are associated biopsy bone clinical conditions diagnostic direct factors marrow or outcomes prognostic specifically what with,none,0,,0.7647058823529411,0,0,fixed_anchor_dynamic,0.022424058251510566,0.022424058251510566,False,85
LI-FRAUMENI SYNDROME,True,True,1,True,True,,667,22,False,topology_pl_fewa,globally_unpulled_topology_prior,LI-FRAUMENI SYNDROME,64,59,0.11382113821138211,8.016491754122939,8.37618428416976,1.3995502248875562,0.07655318682122353,0.0794775163337993,0.12525768365817092,0.1308778794401525,0.02372119025233146,10,4,8.853640416047547,9.315574295308977,0.011983760955386474,2.036404160475483,0.08853694777661,0.09229250777060537,9.416041979010494,fewa(0.0539),0.01839070699025487,0.8304256803907886,0.9315614617940199,0.4602757715036113,0.4643545783205762,0.4664325988879386,0.45542893550058167,1402,751,0.7829785045354944,0.8632183908045977,0.6375212224108658,0.8396870674045787,0.84652591750825,0.7485843788239057,0.8304256803907886,0.7220524586667272,0.7911848014825319,0.7329885149233142,1505,870,0.6596734171903157,751,0.6596734171903157,10,20,50,5,0.9770540340488527,0.4605722260990928,True,True,True,True,exploit,667,0.026934424027434286,0.05386884805486857,False,exploit,fewa(0.0539),,0.19435706557335725,64,59,0,0,disabled,1,64,20,64,20,20272,live,True,0,True,1,are associated clinical conditions diagnostic direct factors fraumeni li or outcomes prognostic specifically syndrome what with,none,0,,0.7647058823529411,0,0,fixed_anchor_dynamic,0.01839070699025487,0.01839070699025487,False,86
ORGAN TRANSPLANT,True,True,1,True,True,,673,22,False,topology_pl_fewa,globally_unpulled_topology_prior,ORGAN TRANSPLANT,1,2,0.0,0,0,0,0.0,0.0,0.0,0.0,0.0,0,0,0,0,0.0,0,0.0,0.0,0,fewa(0.0528),0.0,0.8304256803907886,0.9315614617940199,0.4602757715036113,0.4643545783205762,0.4664325988879386,0.45542893550058167,1402,751,0.7829785045354944,0.8632183908045977,0.6375212224108658,0.8396870674045787,0.84652591750825,0.7485843788239057,0.8304256803907886,0.7220524586667272,0.7911848014825319,0.7329885149233142,1505,870,0.6596734171903157,751,0.6596734171903157,10,20,50,5,0.9770540340488527,0.4605722260990928,False,False,False,False,exploit,673,0.026395735546885603,0.052791471093771206,False,exploit,fewa(0.0528),,0.16306176501587455,1,2,0,0,disabled,1,1,1,1,1,1805,live,True,0,True,1,are associated clinical conditions diagnostic direct factors or organ outcomes prognostic specifically transplant what with,none,0,,0.8125,0,0,fixed_anchor_dynamic,0.0,0.0,False,87
NON-ALCOHOLIC FATTY LIVER DISEASE (NAFLD),True,True,7,True,True,,673,23,True,topology_pl_fewa,globally_unpulled_topology_prior,NON-ALCOHOLIC FATTY LIVER DISEASE (NAFLD),74,48,0.00819672131147541,0.8164933135215453,0.9220164749883536,0,0.006692568143619224,0.007557512090068472,0.011033693425966828,0.012459682094437211,0.0,1,0,0.8164933135215453,0.9220164749883536,0.0,0,0.006692568143619224,0.007557512090068472,0.8164933135215453,fewa(0.0517),0.0015947135029717682,0.8304256803907886,0.9309428950863213,0.4602757715036113,0.4643545783205762,0.4664325988879386,0.45542893550058167,1402,751,0.7829785045354944,0.8632183908045977,0.6375212224108658,0.8396870674045787,0.84652591750825,0.7485843788239057,0.8304256803907886,0.7220524586667272,0.7911848014825319,0.7329885149233142,1506,870,0.6596734171903157,751,0.6596734171903157,10,20,50,5,0.9770540340488527,0.4605722260990928,True,True,True,True,exploit,673,0.025867820835947887,0.051735641671895774,False,exploit,fewa(0.0517),,0.11116909954181373,74,48,0,0,disabled,1,74,48,74,48,30478,live,True,0,True,1,alcoholic are associated clinical conditions diagnostic direct disease factors fatty liver nafld non or outcomes prognostic specifically what with,none,0,,0.65,0,0,fixed_anchor_dynamic,0.0015947135029717682,0.0015947135029717682,False,88
NAUSEA,True,True,4,True,True,,673,23,False,topology_pl_fewa,globally_unpulled_topology_prior,NAUSEA,55,54,0.1651376146788991,10.42496285289747,11.313218517692619,1.0713224368499257,0.10547050724538895,0.11361964178479399,0.1895447791435904,0.20569488213986578,0.019839304386109733,15,3,12.48818316100443,13.895609376670468,0.01883667636281236,1.0612998522895125,0.12430718360820131,0.13721935072440347,11.496285289747396,fewa(0.0507),0.022453682206537883,0.8311235170969993,0.9309664694280079,0.4648719632304662,0.4688867535163761,0.4709534563659339,0.4604810853384121,1416,754,0.7838786677017677,0.86368843069874,0.6400679117147708,0.8404913632433977,0.847435278952983,0.7504182987944176,0.8311235170969993,0.7235403378944817,0.792363693166908,0.7341151271313567,1521,873,0.6671832191428206,754,0.6671832191428206,10,20,50,5,0.9772393538913363,0.46441032798325194,True,True,True,True,exploit,673,0.02535046441922893,0.05070092883845786,False,exploit,fewa(0.0507),,0.08616440937152711,55,54,0,0,disabled,1,55,54,55,54,36507,live,True,0,True,4,1 89 absent additional and directly diversification earlier entities expansion fallback focused for from medical named nausea only perform relationship relationships retrieve round supported turn turns,similarity_exhausted,0,,0.8666666666666667,4,4,diversified_fallback,0.022453682206537883,0.022453682206537883,False,89
RADIOLOGY,True,True,3,True,True,,677,23,False,topology_pl_fewa,globally_unpulled_topology_prior,RADIOLOGY,48,54,0.29411764705882354,23.511078286558348,24.642188253416208,0.4357459379615953,0.2347727865149014,0.24586209991546867,0.48981413096996557,0.513378921946171,0.008069369221511023,28,2,25.32894736842104,26.78212526931363,0.01780719284526361,0.4342105263157895,0.252579979360165,0.26682682152577863,23.946824224519943,fewa(0.0500),0.046771141063515514,0.8314724354501046,0.9309231762427372,0.47340774786605383,0.47754783632221537,0.47970245942094286,0.46721499505943775,1442,756,0.7840235801413917,0.864,0.6417657045840407,0.8408935111628072,0.8478899596753495,0.7513352587796736,0.8314724354501046,0.7240409881473249,0.792953139009096,0.7350646580092605,1549,875,0.6733067792577854,756,0.6733067792577854,10,20,50,5,0.9776334776334776,0.4727843684577809,True,True,True,True,exploit,677,0.025,0.05,False,exploit,fewa(0.0500),,0.08106822536571959,48,54,0,0,disabled,1,48,19,48,19,15537,live,True,0,True,4,1 90 absent additional and directly diversification earlier entities expansion fallback focused for from medical named only perform radiology relationship relationships retrieve round supported turn turns,similarity_exhausted,0,,0.8666666666666667,4,4,diversified_fallback,0.046771141063515514,0.046771141063515514,False,90
COMPUTED TOMOGRAPHY (CT) SCAN,True,True,4,True,True,,684,24,True,topology_pl_fewa,globally_unpulled_topology_prior,COMPUTED TOMOGRAPHY (CT) SCAN,31,31,0.08064516129032258,3.8172514619883042,3.939875196641702,0.0,0.0615685719675533,0.06354637413938229,0.1231371439351066,0.12709274827876457,0.0,4,1,3.8201754385964914,3.9437855878731916,4.716091303527681e-05,0.0,0.061615732880588574,0.06360944496569663,3.8172514619883042,fewa(0.0500),0.007455569261695907,0.8316468946266573,0.9298132646490663,0.47406434668417596,0.4782222644037224,0.480370599516094,0.46799413956804653,1444,757,0.7840871275755293,0.8641552511415526,0.6426146010186757,0.8410945851225118,0.8481173000365327,0.7517937387723015,0.8316468946266573,0.7242913132737464,0.79324786193019,0.7354638727662555,1553,876,0.673959115684116,757,0.673959115684116,10,20,50,5,0.976928622927181,0.4727843684577809,True,True,True,True,exploit,684,0.025,0.05,False,exploit,fewa(0.0500),,0.08469780974502662,31,31,0,0,disabled,1,31,30,31,30,32451,live,True,0,True,1,a are associated clinical computed ct decisions diagnostic direct findings indications management of or patient scan specifically the tomography use what with,none,0,,0.4230769230769231,0,0,fixed_anchor_dynamic,0.007455569261695907,0.007455569261695907,False,91
ABDOMINAL AND PELVIC EXAM,True,True,5,True,True,,684,24,False,topology_pl_fewa,globally_unpulled_topology_prior,ABDOMINAL AND PELVIC EXAM,76,57,0.2706766917293233,22.72149122807017,24.11570440477412,2.5621345029239766,0.19010244910521915,0.20058525494509846,0.29896698984302855,0.3173119000628174,0.04494972812147327,27,9,24.483381502890172,25.903591625179587,0.018310563194315815,3.235549132947977,0.20841301229953496,0.21909128389569596,25.283625730994146,fewa(0.0500),0.04938208150584794,0.8386252616887648,0.9310126582278481,0.4829284307288247,0.4870458994743703,0.48909442141173776,0.47416575635857183,1471,766,0.7925826199013106,0.8655367231638418,0.6502546689303905,0.8469591904755785,0.8530998429524655,0.7578139184850249,0.8386252616887648,0.7339243869996804,0.7999384542575276,0.7412676103891879,1580,885,0.6718521519651677,766,0.6718521519651677,10,20,50,5,0.9773691654879774,0.48220516399162594,True,True,True,True,exploit,684,0.025,0.05,False,exploit,fewa(0.0500),,0.08170088677429257,76,57,0,0,disabled,1,76,18,76,18,22094,live,True,0,True,1,abdominal and are associated beyond cancer clinical decisions diagnostic direct exam findings indications its known management or ovarian patient pelvic relation specifically to what with,none,0,,0.42424242424242425,0,0,fixed_anchor_dynamic,0.04938208150584794,0.04938208150584794,False,92
TESTS,True,True,0,True,False,,692,24,False,topology_pl_fewa,globally_unpulled_topology_prior,TESTS,40,43,0.024096385542168676,0,0,0.0,0.0,0.0,0.0,0.0,0.0,0,2,0,0,0.0,0.0,0.0,0.0,0.0,fewa(0.0500),0.0,0.8391486392184229,0.9310126582278481,0.4829284307288247,0.4870458994743703,0.48909442141173776,0.47416575635857183,1471,768,0.7933952221555757,0.8658399098083427,0.6519524617996605,0.8475624123546929,0.8537818640360153,0.7591893584629088,0.8391486392184229,0.7351619411010132,0.8008226230208096,0.7427659861780852,1580,887,0.6713655728501764,768,0.6713655728501764,10,20,50,5,0.9773691654879774,0.48220516399162594,True,False,False,False,exploit,692,0.025,0.05,False,exploit,fewa(0.0500),,0.1197213765953364,40,43,0,0,disabled,1,40,20,40,20,31072,live,True,0,True,1,any are associated care clinical decisions diagnostic direct excluding findings indications involving management or patient relationships specifically team tests what with,none,0,,0.4827586206896552,0,0,fixed_anchor_dynamic,0.0,0.0,True,93
DOCTOR,True,True,34,True,True,,692,25,True,topology_pl_fewa,globally_unpulled_topology_prior,DOCTOR,62,59,0.21487603305785125,20.352601156069362,21.51174132947977,0.21242774566473988,0.16995891654325704,0.1795385873978885,0.3282677605817639,0.34696356983031884,0.0036004702655040655,24,2,22.535919540229884,23.30946593423834,0.02313384492724735,0.8283045977011494,0.1930927614705044,0.19948570687553296,20.565028901734102,fewa(0.0500),0.04016607207369942,0.8400209351011864,0.9320448877805486,0.49080761654629024,0.49503231047053664,0.4970704391807846,0.48190161369931156,1495,770,0.7947942035813466,0.8661417322834646,0.6536502546689303,0.848378765568057,0.8545396652399594,0.7604731024422671,0.8400209351011864,0.736940138226866,0.8019242983520486,0.7438464168248884,1604,889,0.6766280638981965,770,0.6766280638981965,10,20,50,5,0.9777158774373259,0.4898813677599442,True,True,True,True,exploit,692,0.025,0.05,False,exploit,fewa(0.0500),,0.11838286296661256,62,59,0,0,disabled,1,62,20,62,20,30653,live,True,0,True,1,are associated clinical decisions diagnostic direct doctor findings indications management or patient specifically what with,none,0,,0.6363636363636364,0,0,fixed_anchor_dynamic,0.04016607207369942,0.04016607207369942,False,94
CHRONIC MYELOID LEUKEMIA,True,True,4,True,True,,696,25,False,topology_pl_fewa,globally_unpulled_topology_prior,CHRONIC MYELOID LEUKEMIA,66,67,0.09774436090225563,9.459770114942527,9.805492593143084,0.4224137931034483,0.07430213464696223,0.07690155177628971,0.14332985022640193,0.14856806959307703,0.006304683479155944,10,3,9.601719197707736,9.88165583615898,0.0010689578407039324,0.42263610315186245,0.07537109248766616,0.07747587924293867,9.882183908045976,fewa(0.0500),0.019301140445402296,0.8412421493370551,0.9324659231722429,0.49409061063690085,0.49841522032514585,0.5005176635913091,0.4846143085544217,1505,772,0.7965957732481763,0.8654708520179372,0.6553480475382003,0.8495395881594423,0.8556308989736389,0.7619735824181404,0.8412421493370551,0.738956070162131,0.8033346102685338,0.7452389367149957,1614,892,0.6763904033309691,772,0.6763904033309691,10,20,50,5,0.9778699861687413,0.4933705512909979,True,True,True,True,exploit,696,0.025,0.05,False,exploit,fewa(0.0500),,0.13128054482618617,66,67,0,0,disabled,1,66,21,66,21,21467,live,True,0,True,1,are associated chronic clinical decisions diagnostic direct findings indications leukemia management myeloid or patient specifically what with,none,0,,0.7777777777777778,0,0,fixed_anchor_dynamic,0.019301140445402296,0.019301140445402296,False,95
,,,0,False,,,698,,,topology_pl_fewa,mode_explore,,41,43,0.0,0,0,0,0.0,0.0,0.0,0.0,0.0,0,0,0,0,0.0,0,0.0,0.0,0,epsilon_sample(0.0500),,0.8412421493370551,0.9324659231722429,0.49409061063690085,0.49841522032514585,0.5005176635913091,0.4846143085544217,1505,772,0.7965957732481763,0.8654708520179372,0.6553480475382003,0.8495395881594423,0.8556308989736389,0.7619735824181404,0.8412421493370551,0.738956070162131,0.8033346102685338,0.7452389367149957,1614,892,0.6763904033309691,772,0.6763904033309691,10,20,50,5,0.9778699861687413,0.4933705512909979,False,False,False,False,explore,698,0.025,0.05,False,explore,epsilon_sample(0.0500),,0.09918641445259835,41,43,0,0,disabled,1,41,43,41,43,28637,live,,0,False,1,and are associated biomarkers cancer different genetic key lung molecular mutations of subtypes targeted the therapies what with,none,0,,0.4230769230769231,0,0,agea_dynamic,0.0,0.0,False,96
DOCTOR,True,True,34,True,True,,698,25,False,topology_pl_fewa,fewa_filtered_least_pulled,DOCTOR,58,54,0.017857142857142856,0.9935530085959885,0.994915374258011,0.0,0.008871009005321326,0.008883172984446528,0.01713022428613773,0.017153713349276054,0.0,1,1,0.9935530085959885,0.9966333404487647,0.0,0.0,0.008871009005321326,0.008898511968292543,0.9935530085959885,fewa(0.0500),0.00194053321991404,0.8417655268667132,0.9325077399380804,0.4944189100459619,0.49875453836346584,0.5008709628878543,0.485304848117868,1506,773,0.7975599340195333,0.8656215005599104,0.6561969439728353,0.8500715798519521,0.8561613598163997,0.7627988464048707,0.8417655268667132,0.7400966047618034,0.8040194844476194,0.7455966420041342,1615,893,0.6742022593696207,773,0.6742022593696207,10,20,50,5,0.9778852798894264,0.4937194696441033,True,True,True,True,exploit,698,0.025,0.05,False,exploit,fewa(0.0500),,0.08687270005908768,58,54,0,0,disabled,1,58,20,58,20,26975,live,True,0,True,2,a are by clinical decisions directly doctor influenced or outcomes patient plans treatment what,none,0,,1.0,1,1,fixed_anchor_dynamic,0.00194053321991404,0.00194053321991404,False,97
PROGNOSIS,True,True,5,True,True,,698,26,True,topology_pl_fewa,globally_unpulled_topology_prior,PROGNOSIS,58,52,0.03636363636363636,3.6869627507163325,3.752888933588394,0,0.033517843188330294,0.03411717212353085,0.06356832328821263,0.064704981613593,0.0,4,0,3.7356733524355303,3.895047557080812,0.00044282365199271173,0,0.033960666840323006,0.0354095232461892,3.6869627507163325,fewa(0.0500),0.007201099122492837,0.8417655268667132,0.932674490426189,0.49573210768220616,0.500105518551322,0.5022716458008962,0.486923338475493,1510,773,0.7975599340195333,0.8656215005599104,0.6561969439728353,0.8500715798519521,0.8561613598163997,0.7627988464048707,0.8417655268667132,0.7400966047618034,0.8040194844476194,0.7455966420041342,1619,893,0.6738513615838165,773,0.6738513615838165,10,20,50,5,0.9779310344827586,0.4947662247034194,True,True,True,True,exploit,698,0.025,0.05,False,exploit,fewa(0.0500),,0.050626412039108115,58,52,0,0,disabled,1,58,52,58,52,38311,live,True,0,True,1,are associated clinical directly disease or outcomes patterns prognosis progression rates specific survival what with,none,0,,0.3181818181818182,0,0,fixed_anchor_dynamic,0.007201099122492837,0.007201099122492837,False,98
PROLONGED CORRECTED QT INTERVAL,True,True,3,True,True,,698,26,False,topology_pl_fewa,globally_unpulled_topology_prior,PROLONGED CORRECTED QT INTERVAL,29,41,0.11428571428571428,4.528653295128939,4.687740658943687,0.8252148997134671,0.07648383135489152,0.07875650798081649,0.15616045845272206,0.16164622961874783,0.02012719267593822,6,2,4.633190883190883,5.075815131370686,0.001497446626386456,0.8254985754985754,0.07798127798127798,0.08430448152670374,5.3538681948424065,fewa(0.0500),0.010456773818051575,0.8431612002791347,0.932923076923077,0.49770190413657256,0.5020396206444467,0.5042203623095728,0.4882635376035678,1516,775,0.7997587699120243,0.8659217877094972,0.6578947368421053,0.8516214989388715,0.8578501739280467,0.7652996463646596,0.8431612002791347,0.7419199789075134,0.8059599602739169,0.7465058727040176,1625,895,0.6739649926314721,775,0.6739649926314721,10,20,50,5,0.978021978021978,0.49685973482205165,True,True,True,True,exploit,698,0.025,0.05,False,exploit,fewa(0.0500),,0.057329980676774174,29,41,0,0,disabled,1,29,19,29,19,10252,live,True,0,True,1,abnormalities are associated cardiac conditions corrected directly electrolyte interval medications or prolonged qt specific what with,none,0,,0.2916666666666667,0,0,fixed_anchor_dynamic,0.010456773818051575,0.010456773818051575,False,99
CARDIOLOGIST,True,True,1,True,True,,702,26,False,topology_pl_fewa,globally_unpulled_topology_prior,CARDIOLOGIST,48,51,0.13131313131313133,6.68091168091168,6.871913072945836,0.6260683760683761,0.0738078793634349,0.0757371863536789,0.13918566001899332,0.14316485568637158,0.012275850511144628,10,3,8.907485875706216,9.344207343834785,0.022479856754809707,0.625,0.09628773611824461,0.10069906407913924,7.306980056980056,fewa(0.0500),0.014271445423789171,0.8443824145150035,0.9333333333333333,0.5009848982271832,0.5052978030822598,0.5074377514109838,0.49260520512209655,1526,778,0.8016671192913081,0.8663697104677061,0.6604414261460102,0.8529212614465613,0.8592142160951461,0.7675920463277995,0.8443824145150035,0.7444091586409542,0.8076777313415058,0.7478107360805986,1635,898,0.6796234139382688,778,0.6796234139382688,10,20,50,5,0.9781718963165075,0.5003489183531054,True,True,True,True,exploit,702,0.025,0.05,False,exploit,fewa(0.0500),,0.03863496363910107,48,51,0,0,disabled,1,48,20,48,20,24795,live,True,0,True,1,a are by cardiac cardiologist conditions diagnostic directly managed or performed procedures specific tests treatment what,none,0,,0.30434782608695654,0,0,fixed_anchor_dynamic,0.014271445423789171,0.014271445423789171,False,100
