anchor,anchor_diagnostics_anchor_in_candidate_nodes,anchor_diagnostics_anchor_in_response_text,anchor_diagnostics_anchor_incident_candidate_edges,anchor_diagnostics_anchor_required,anchor_diagnostics_anchor_response_adherent,arm_decision_admission,arm_decision_eligible_arm_count,arm_decision_epoch_id,arm_decision_epoch_refreshed,arm_decision_policy,arm_decision_reason,arm_decision_selected_arm,batch_candidate_edges,batch_candidate_nodes,batch_count_novelty,batch_historical_edge_mass,batch_historical_edge_mass_noisy_or,batch_historical_node_mass,batch_htsn_combined,batch_htsn_combined_noisy_or,batch_htsn_edge,batch_htsn_edge_noisy_or,batch_htsn_node,batch_new_edges,batch_new_nodes,batch_retrospective_edge_mass,batch_retrospective_edge_mass_noisy_or,batch_retrospective_gain,batch_retrospective_node_mass,batch_rtsn_combined,batch_rtsn_combined_noisy_or,batch_y_ha,decision_reason,effective_fewa_reward,evaluation_degree_weighted_node_coverage,evaluation_edge_pair_precision,evaluation_edge_pair_recall,evaluation_edge_tsc_noisy_or_rank,evaluation_edge_tsc_rank,evaluation_edge_tsc_raw,evaluation_matched_directed_edge_pairs,evaluation_matched_nodes,evaluation_node_autc_rank,evaluation_node_precision,evaluation_node_recall,evaluation_node_tsc_burt_balanced,evaluation_node_tsc_burt_effective,evaluation_node_tsc_collision_diversity,evaluation_node_tsc_degree,evaluation_node_tsc_rank,evaluation_node_tsc_raw,evaluation_pagerank_weighted_node_coverage,evaluation_recovered_edge_pairs,evaluation_recovered_nodes,evaluation_spearman_bnrr_online_vs_truth,evaluation_spearman_matched_nodes,evaluation_spearman_sensitivity_online_vs_truth,evaluation_top10_sensitive_nodes_recovered,evaluation_top20_sensitive_nodes_recovered,evaluation_top50_sensitive_nodes_recovered,evaluation_top5_sensitive_nodes_recovered,evaluation_undirected_edge_pair_precision,evaluation_undirected_edge_pair_recall,gain_graph,gain_meaningful,gain_relation,gain_sensitive,mode,mode_decision_available_arm_count,mode_decision_effective_htsn_threshold,mode_decision_epsilon,mode_decision_explore_suppressed,mode_decision_mode,mode_decision_reason,mode_decision_recent_explore_success_rate,mode_decision_recent_htsn,parser_candidate_edges,parser_candidate_nodes_with_endpoints,parser_citation_rejected_compact_edges,parser_compact_format_edges,parser_graph_filter_status,parser_graphrag_query_attempts,parser_kept_edges,parser_kept_nodes_explicit,parser_raw_edges,parser_raw_nodes,parser_response_characters,parser_source,query_generation_anchor_present,query_generation_anchor_rejected_queries,query_generation_anchor_required,query_generation_attempts,query_generation_domain_query_signature,query_generation_fallback_reason,query_generation_generation_error_attempts,query_generation_last_generation_error,query_generation_max_similarity,query_generation_rejected_similar_queries,query_generation_similarity_rejected_queries,query_generation_source,raw_batch_reward,reward,reward_attribution_warning,turn
,,,0,False,,,0,,,topology_pl_fewa,mode_explore,,11,19,1.0,0.0,0.0,0.0,0.0,0.0,0.0,0.0,0.0,11,19,8.13888888888889,9.331018518518519,0.5712962962962963,9.0,0.5712962962962963,0.6110339506172839,0.0,seed_turn,,0.0056740569507197644,1.0,0.0003762484608017513,0.0003465985205671117,0.00034132065213265706,0.00022992244222459554,11,18,0.002135015611733381,0.9473684210526315,0.0010488899248295553,0.006530659860474392,0.007242437994541525,0.00404973930553582,0.0056740569507197644,0.0016354008250880913,0.00489807736065723,0.002363790519403741,11,19,0.0265220734786245,18,0.0265220734786245,1,1,1,1,1.0,0.00038524848527300107,True,True,True,False,explore,0,0.15,0.3,False,explore,seed_turn,,,11,19,0,0,disabled,1,11,8,11,8,6841,live,,0,False,1,and characters concrete corpus events explain identify important in locations novel objects organizations principal relationships the their,none,0,,0.0,0,0,seed,0.0,0.0,False,1
MEN,True,True,2,True,True,,18,1,True,topology_pl_fewa,globally_unpulled_topology_prior,MEN,2,4,0.3333333333333333,1.9444444444444444,1.9675925925925926,0,0.32407407407407407,0.3279320987654321,0.9722222222222222,0.9837962962962963,0.0,2,0,1.9444444444444444,1.9675925925925926,0.0,0,0.32407407407407407,0.3279320987654321,1.9444444444444444,fewa(0.2940),0.0037977430555555555,0.0056740569507197644,0.8461538461538461,0.0003762484608017513,0.0003465985205671117,0.00034132065213265706,0.00022992244222459554,11,18,0.002135015611733381,0.9473684210526315,0.0010488899248295553,0.006530659860474392,0.007242437994541525,0.00404973930553582,0.0056740569507197644,0.0016354008250880913,0.00489807736065723,0.002363790519403741,13,19,0.0265220734786245,18,0.0265220734786245,1,1,1,1,1.0,0.00038524848527300107,True,True,True,True,exploit,18,0.147,0.294,False,exploit,fewa(0.2940),,,2,4,0,0,disabled,1,2,4,2,4,2096,live,True,0,True,1,and any body characters connect connection corpus direct events excluding important in locations men novel objects organizations principal relationships the to what,none,0,,0.5,0,0,fixed_anchor_dynamic,0.0037977430555555555,0.0037977430555555555,False,2
,,,0,False,,,18,,,topology_pl_fewa,mode_explore,,61,71,0.9924242424242424,8.75,9.236111111111112,0.8333333333333334,0.07260101010101011,0.07628367003367005,0.14344262295081966,0.15141165755919855,0.011737089201877935,61,70,58.762195121951216,59.82703747769185,0.6112958856861295,31.51219512195122,0.6838968957871396,0.6919638833306293,9.583333333333334,epsilon_sample(0.2881),,0.02802003432454205,0.972972972972973,0.002462717197975099,0.0024645190551930763,0.002466841910635286,0.0015919941570639235,72,88,0.012684623332295803,0.9887640449438202,0.0051279062991667155,0.030383698029393322,0.031961213299130736,0.016414036970300323,0.02802003432454205,0.009888146789793344,0.021877676896933144,0.010372834592918163,74,89,0.12015722405801955,88,0.12015722405801955,2,2,2,2,1.0,0.0024866038594893707,True,True,True,True,explore,18,0.14406,0.28812,False,explore,epsilon_sample(0.2881),,0.32407407407407407,61,71,0,0,disabled,1,61,70,61,70,38605,live,,0,False,1,and are at conflicts each events key locations occur of or places settings significant story the these unfolds what where,none,0,,0.13513513513513514,0,0,agea_dynamic,0.018717447916666668,0.018717447916666668,False,3
,,,0,False,,,82,,,topology_pl_fewa,mode_explore,,56,55,0.9369369369369369,19.48780487804878,23.06781677572873,7.213414634146341,0.240551527136893,0.27280388657545107,0.3479965156794425,0.41192529956658447,0.13115299334811528,55,49,51.969465648854964,53.4037060777344,0.45640879196083073,25.393129770992367,0.6969603190977237,0.7098814040425835,26.701219512195124,epsilon_sample(0.2824),,0.046845994886343736,0.875968992248062,0.0038650978245998086,0.003903295772849463,0.003941267161499575,0.00513985722852984,113,131,0.02027595010825486,0.9492753623188406,0.007633587786259542,0.05064077465330403,0.053117443636074346,0.025114806099662112,0.046845994886343736,0.015337451226220274,0.035022370154718985,0.015770464006940058,129,138,0.1765975679565199,131,0.1765975679565199,2,3,4,2,0.9083333333333333,0.003817462263159738,True,True,True,True,explore,82,0.1411788,0.2823576,False,explore,epsilon_sample(0.2824),1.0,0.1983375420875421,56,55,0,0,disabled,1,56,45,56,45,23282,live,,0,False,1,and are causes events in key leads or points story the these to turning what,none,0,,0.34615384615384615,0,0,agea_dynamic,0.0521508193597561,0.0521508193597561,False,4
,,,0,False,,,131,,,topology_pl_fewa,mode_explore,,80,81,0.8509316770186336,35.900763358778626,36.55011362974186,2.133587786259542,0.23623820586980226,0.2402714373664683,0.44875954198473283,0.45687642037177323,0.026340589953821505,70,67,67.00252525252526,68.28981736557493,0.3645836775607768,29.72979797979798,0.6008218834305791,0.608817486617223,38.034351145038165,epsilon_sample(0.2767),,0.07481349164652727,0.9195979899497487,0.006259406211520044,0.006337016653170663,0.006398670187036663,0.006993170996481397,183,198,0.03152308047285099,0.9658536585365853,0.01153778917312511,0.08133895255884085,0.08595703073916276,0.04268971424708616,0.07481349164652727,0.023442248578524005,0.05789412198384326,0.02910926071074253,199,205,0.2140652470448208,198,0.2140652470448208,3,4,11,3,0.9421052631578948,0.006269043533078836,True,True,True,True,explore,131,0.13835522399999997,0.27671044799999994,False,explore,epsilon_sample(0.2767),1.0,0.21240887043732573,80,81,0,0,disabled,1,80,12,80,12,19096,live,,0,False,1,and are belief by communities cultural customs do emphasize in or practiced rituals story systems the they this traditions values what,none,0,,0.2413793103448276,0,0,agea_dynamic,0.07428584208015267,0.07428584208015267,False,5
CLARISSA,True,True,2,True,True,,198,1,False,topology_pl_fewa,globally_unpulled_topology_prior,CLARISSA,2,3,0.0,0,0,0,0.0,0.0,0.0,0.0,0.0,0,0,0,0,0.0,0,0.0,0.0,0,fewa(0.2712),0.0,0.07481349164652727,0.9195979899497487,0.006259406211520044,0.006337016653170663,0.006398670187036663,0.006993170996481397,183,198,0.03152308047285099,0.9658536585365853,0.01153778917312511,0.08133895255884085,0.08595703073916276,0.04268971424708616,0.07481349164652727,0.023442248578524005,0.05789412198384326,0.02910926071074253,199,205,0.2140652470448208,198,0.2140652470448208,3,4,11,3,0.9421052631578948,0.006269043533078836,False,False,False,False,exploit,198,0.13558811952,0.27117623904,False,exploit,fewa(0.2712),1.0,0.21836620429544487,2,3,0,0,disabled,1,2,1,2,1,1991,live,True,0,True,1,actions and beyond characters clarissa connection define direct does groups have her in interactions or other p relationships specific story the those to troleuse what with,none,0,,0.23076923076923078,0,0,fixed_anchor_dynamic,0.0,0.0,False,6
THE SMALL BOY,True,True,1,True,True,,198,1,False,topology_pl_fewa,globally_unpulled_topology_prior,THE SMALL BOY,1,2,0.0,0,0,0,0.0,0.0,0.0,0.0,0.0,0,0,0,0,0.0,0,0.0,0.0,0,fewa(0.2658),0.0,0.07481349164652727,0.9195979899497487,0.006259406211520044,0.006337016653170663,0.006398670187036663,0.006993170996481397,183,198,0.03152308047285099,0.9658536585365853,0.01153778917312511,0.08133895255884085,0.08595703073916276,0.04268971424708616,0.07481349164652727,0.023442248578524005,0.05789412198384326,0.02910926071074253,199,205,0.2140652470448208,198,0.2140652470448208,3,4,11,3,0.9421052631578948,0.006269043533078836,False,False,False,False,exploit,198,0.13287635712959997,0.26575271425919994,False,exploit,fewa(0.2658),1.0,0.1746929634363559,1,2,0,0,disabled,1,1,1,1,1,814,live,True,0,True,1,actions and boy characters connections define direct does groups have in interactions objects or other relationships small specific story the these what with,none,0,,0.5806451612903226,0,0,fixed_anchor_dynamic,0.0,0.0,False,7
,,,0,False,,,198,,,topology_pl_fewa,mode_explore,,63,70,0.9624060150375939,15.84090909090909,16.33217273747577,1.9848484848484849,0.13402825244930508,0.13772196407762596,0.2514430014430014,0.25924083710279,0.028354978354978355,63,65,60.23473282442748,61.75049166715226,0.5602264683220891,32.101145038167935,0.6942547207713942,0.7056514037994001,17.825757575757574,recent_htsn_below_threshold(0.1302),,0.09553080452523555,0.9389312977099237,0.008414283759748255,0.0085046739531979,0.008560180586406145,0.008516687529201697,246,263,0.040854526102113674,0.9740740740740741,0.015325447235009615,0.1017709584704888,0.10636466551008061,0.05278972683781462,0.09553080452523555,0.031135338720680656,0.07244404187986583,0.04256369220948623,262,270,0.19349275818535056,263,0.19349275818535056,4,5,13,3,0.9565217391304348,0.008475466676006025,True,True,True,True,explore,198,0.13021882998700798,0.26043765997401597,False,explore,recent_htsn_below_threshold(0.1302),1.0,0.10987814862154108,63,70,0,0,disabled,1,63,13,63,13,19856,live,,0,False,1,are between by characters forms in locations modes movement navigate of or routes story the to transportation travel used various what,none,0,,0.2413793103448276,0,0,agea_dynamic,0.03481593276515151,0.03481593276515151,False,8
,,,0,False,,,262,,,topology_pl_fewa,mode_explore,,40,50,0.8444444444444444,32.780534351145036,34.599415098187755,2.4580152671755724,0.39153944020356235,0.41174922628181476,0.8195133587786259,0.8649853774546938,0.04916030534351145,39,37,38.47610921501707,38.765451548649374,0.1727381479648108,12.30887372013652,0.5642775881683731,0.5674925029865099,35.23854961832061,recent_htsn_below_threshold(0.1276),,0.10500507863122133,0.946843853820598,0.009748255575318101,0.009871829975007716,0.009949201776763165,0.009713619698703485,285,300,0.045812251666912496,0.9771986970684039,0.017481498747159256,0.1109521067532795,0.1153923800345216,0.05808309410972927,0.10500507863122133,0.03540365679795868,0.0795995751723578,0.04586390177117835,301,307,0.23658651197714356,300,0.23658651197714356,5,6,14,3,0.9623287671232876,0.009841347669246664,True,True,True,True,explore,262,0.12761445338726782,0.25522890677453564,False,explore,recent_htsn_below_threshold(0.1276),1.0,0.12216359709120006,40,50,0,0,disabled,1,40,11,40,11,25678,live,,0,False,1,activities and are classes depicted do each economic how in interact novel occupations other social the they various what with,none,0,,0.20588235294117646,0,0,agea_dynamic,0.06882529222328244,0.06882529222328244,False,9
THE COACH,True,True,31,True,True,,293,2,True,topology_pl_fewa,globally_unpulled_topology_prior,THE COACH,51,55,0.3018867924528302,6.662116040955631,7.2191871774860505,1.6655290102389078,0.07856268916221262,0.08381807724268829,0.13062972629324768,0.14155268975462845,0.030282345640707413,14,18,11.82084690553746,12.853818077645386,0.10569150541710026,7.710097719869707,0.18425419457931289,0.19399920563693485,8.327645051194539,fewa(0.2501),0.016264931740614334,0.1073867815488074,0.9492063492063492,0.010227117252702148,0.01034719146096121,0.010427249177650345,0.009958008415163594,299,318,0.0476834680859802,0.9784615384615385,0.01853038867198881,0.1135112618965411,0.11805493829235464,0.06008428226520974,0.1073867815488074,0.03707960117457082,0.0818839655554358,0.047815215758078844,315,325,0.23840008930800377,318,0.23840008930800377,5,6,14,3,0.9640522875816994,0.010331663923230483,True,True,True,True,exploit,293,0.12506216431952247,0.25012432863904493,False,exploit,fewa(0.2501),1.0,0.15236117970453394,51,55,0,0,disabled,1,51,15,51,15,17753,live,True,0,True,1,beyond carry characters coach connections directly does during interact its journey known locations objects or pass the through what with,none,0,,0.22857142857142856,0,0,fixed_anchor_dynamic,0.016264931740614334,0.016264931740614334,False,10
,,,0,False,,,307,,,topology_pl_fewa,mode_explore,,40,50,0.8444444444444444,9.675895765472312,10.078382794512407,2.026058631921824,0.13002171552660152,0.13449379362704703,0.2418973941368078,0.2519595698628102,0.040521172638436485,36,40,31.746397694524497,33.55120672042788,0.42937629920282533,18.59942363112392,0.5593980147294269,0.5794514483505755,11.701954397394136,recent_htsn_below_threshold(0.1226),,0.11581030436762285,0.9373219373219374,0.011253249418525107,0.011371900405990341,0.011460121670056297,0.011200541617550323,329,357,0.05287023539085018,0.9780821917808219,0.020802983509119514,0.1226773365954741,0.12773585100180312,0.06664691333959467,0.11581030436762285,0.041347206143681633,0.08959368541053045,0.05214401459858737,351,365,0.23807879431524812,357,0.23807879431524812,5,6,15,3,0.9649122807017544,0.011557454558190032,True,True,True,True,explore,307,0.122560921033132,0.245121842066264,False,explore,recent_htsn_below_threshold(0.1226),1.0,0.12082607636301601,40,50,0,0,disabled,1,40,50,40,50,35382,live,,0,False,1,are beliefs characters customs folk mention observe or practices supernatural superstitious that the various what,none,0,,0.2,0,0,agea_dynamic,0.022855379682410422,0.022855379682410422,False,11
,,,0,False,,,347,,,topology_pl_fewa,mode_explore,,60,71,0.10687022900763359,1.57492795389049,1.8745318041010224,0.7492795389048992,0.017742041929735792,0.02002909422141925,0.026248799231508167,0.03124219673501704,0.010553232942322523,6,8,4.576056338028169,5.149424717317992,0.04686391441904392,3.887323943661972,0.0646059563487797,0.06898281420595392,2.324207492795389,epsilon_sample(0.2402),,0.11686105565479318,0.938375350140056,0.011458475851689697,0.011578803330256347,0.011673086336588083,0.011298079783294099,335,365,0.053718876733690746,0.9785522788203753,0.021269156809043763,0.12385997227181571,0.12902165861384232,0.06799927178101599,0.11686105565479318,0.04199032000156079,0.0908307401197581,0.05252404459793462,357,373,0.2401836717885415,365,0.2401836717885415,5,6,15,3,0.9655172413793104,0.01176759009561167,True,True,True,True,explore,347,0.12010970261246937,0.24021940522493873,False,explore,epsilon_sample(0.2402),1.0,0.1468304194683363,60,71,0,0,disabled,1,60,15,60,15,17676,live,,0,False,1,along and are by characters destinations different do encounter journeys modes obstacles of or routes the they transportation travel undertaken way what,none,0,,0.34375,0,0,agea_dynamic,0.004539467759365994,0.004539467759365994,False,12
HEYWOOD,True,True,10,True,True,,355,2,False,topology_pl_fewa,globally_unpulled_topology_prior,HEYWOOD,37,40,0.8571428571428571,25.44507042253521,26.52935330291609,5.0,0.39539052496798976,0.40947212081709206,0.6877046060144651,0.7170095487274619,0.125,35,31,31.906735751295336,33.25994154205482,0.1974363372889243,13.740932642487046,0.5928268622569141,0.6104009634356087,30.44507042253521,fewa(0.2354),0.05946302816901408,0.11936534622254913,0.9438775510204082,0.012655630045149815,0.012788045626463854,0.012897352572939835,0.013172391713660163,370,396,0.05607576949871196,0.9801980198019802,0.02307557834625022,0.12649181857207054,0.13172296372656356,0.07066247037112851,0.11936534622254913,0.044302655515467165,0.09349994959804679,0.05421301439959575,392,404,0.25427043498459745,396,0.25427043498459745,5,6,15,3,0.9686684073107049,0.012993380730571219,True,True,True,True,exploit,355,0.11770750856021997,0.23541501712043994,False,exploit,fewa(0.2354),1.0,0.15037882785428347,37,40,0,0,disabled,1,37,40,37,40,17535,live,True,0,True,1,carry documents does effects heywood his immediate in items keep or personal physically possess specific surroundings what,none,0,,0.14285714285714285,0,0,fixed_anchor_dynamic,0.05946302816901408,0.05946302816901408,False,13
,,,0,False,,,386,,,topology_pl_fewa,mode_explore,,52,111,0.9079754601226994,37.61787564766839,39.13389117828667,11.422279792746114,0.3008598493276964,0.3101605581044956,0.7234206855320845,0.7525748303516667,0.10290342155627129,50,98,47.26223776223776,48.66622518895246,0.11562448433455141,20.624708624708624,0.4164843336622478,0.42509775345804346,49.04015544041451,epsilon_sample(0.2307),,0.12516199082343876,0.8959276018099548,0.013544944588863045,0.013660596251271081,0.013751884399869374,0.01407933699818049,396,436,0.05983365656051051,0.8685258964143426,0.025406444845871453,0.13247866026355717,0.13780890576547852,0.07431381475116969,0.12516199082343876,0.047865130595917495,0.0980736829785304,0.05660074226682137,442,502,0.28424278903961403,436,0.28424278903961403,5,6,15,3,0.9168591224018475,0.013903968059398312,True,True,True,True,explore,386,0.11535335838901556,0.23070671677803112,False,explore,epsilon_sample(0.2307),1.0,0.20265128235802038,52,111,0,0,disabled,1,52,109,52,109,40650,live,,0,False,1,among and are characters class distinctions forms hierarchy of or rank social status systems the various what,none,0,,0.26666666666666666,0,0,agea_dynamic,0.09578155359455959,0.09578155359455959,False,14
,,,0,False,,,429,,,topology_pl_fewa,mode_explore,,42,57,0.696969696969697,17.871794871794872,23.562581163979765,9.37995337995338,0.27527018436109346,0.33275287418114285,0.4255189255189255,0.5610138372376134,0.16456058561321718,35,34,33.96052631578947,34.5270984822253,0.18338434337238163,11.446271929824562,0.4586545277334751,0.4643774789095945,27.251748251748253,epsilon_sample(0.2261),,0.1284718573780253,0.9035639412997903,0.014742098782323163,0.014880506200278774,0.014989086621108353,0.0153535066117265,431,470,0.06332554453124599,0.8768656716417911,0.0273876813705495,0.13597804640927444,0.14141962411168615,0.07809717337099072,0.1284718573780253,0.0512934499168074,0.10173842560158176,0.059110910849112186,477,536,0.3076601190767546,470,0.3076601190767546,5,6,15,3,0.9230769230769231,0.015129758694357861,True,True,True,True,explore,429,0.11304629122123525,0.2260925824424705,False,explore,epsilon_sample(0.2261),1.0,0.18451536418284722,42,57,0,0,disabled,1,42,17,42,17,38213,live,,0,False,1,and are characters described do environmental experiences features geographical how in influence landmarks narrative natural or phenomena plot progression s the they what,none,0,,0.22857142857142856,0,0,agea_dynamic,0.05322607080419581,0.05322607080419581,False,15
THE TREASURE,True,True,1,True,True,,456,2,False,topology_pl_fewa,globally_unpulled_topology_prior,THE TREASURE,43,49,0.8369565217391305,5.743421052631579,6.368853878116344,2.6622807017543857,0.09136632341723874,0.09816450630294271,0.13356793145654836,0.1481128808864266,0.05433225921947726,39,38,34.534412955465584,36.824072063138225,0.5002548700346183,19.894736842105264,0.591621193451857,0.6165087924482988,8.405701754385964,fewa(0.2216),0.016417386239035086,0.1334454134706315,0.9108527131782945,0.016076070597893007,0.01617266442460366,0.01622901626602926,0.016086591986087636,470,508,0.06743445428351598,0.8850174216027874,0.029602004545189676,0.14101037156316834,0.14646059156469746,0.08264449510486556,0.1334454134706315,0.05506503025367494,0.10666381260153429,0.06171896096443159,516,574,0.28351553256349116,508,0.28351553256349116,5,6,15,3,0.9288537549407114,0.016460617098028228,True,True,True,True,exploit,456,0.11078536539681057,0.22157073079362113,False,exploit,fewa(0.2216),1.0,0.22385686322262338,43,49,0,0,disabled,1,43,49,43,49,22541,live,True,0,True,1,and are as associated characters components directly guardians hiding is it its locations objects or places specific the treasure what with,none,0,,0.28125,0,0,fixed_anchor_dynamic,0.016417386239035086,0.016417386239035086,False,16
,,,0,False,,,494,,,topology_pl_fewa,mode_explore,,59,68,0.03937007874015748,0.8178137651821862,0.8840130144732744,0.3633603238866397,0.009300583378494692,0.009821837309920584,0.01386125025732519,0.014983271431750414,0.0053435341748035246,2,3,1.2696177062374245,1.5356120627183625,0.009299204324098823,1.0925553319919517,0.018599787702593514,0.02069423145441192,1.1811740890688258,epsilon_sample(0.2171),,0.1352492031802739,0.9111969111969112,0.016144479408947872,0.01623839851169482,0.01629605662572521,0.016138716585960684,472,511,0.06782005501691496,0.8856152512998267,0.029776819532661265,0.14303561136765144,0.1486512259529113,0.08320094688349858,0.1352492031802739,0.05527909069761306,0.1076956303875043,0.06193089850108298,518,577,0.2826972452555673,511,0.2826972452555673,5,6,16,3,0.9291338582677166,0.016530662277168776,True,True,True,True,explore,494,0.10856965808887434,0.21713931617774868,False,explore,epsilon_sample(0.2171),1.0,0.21612578480075081,59,68,0,0,disabled,1,59,14,59,14,18406,live,,0,False,1,and are associated characters destinations different journeys modes obstacles of or routes that the them transportation travel undertake what with,none,0,,0.5555555555555556,0,0,agea_dynamic,0.0023069806427125504,0.0023069806427125504,False,17
,,,0,False,,,497,,,topology_pl_fewa,mode_explore,,7,21,0.14285714285714285,0,0,0.0,0.0,0.0,0.0,0.0,0.0,0,4,0,0,0.0,0.0,0.0,0.0,0.0,epsilon_sample(0.2128),,0.13531925326608524,0.9111969111969112,0.016144479408947872,0.01623839851169482,0.01629605662572521,0.016138716585960684,472,514,0.06793586341472649,0.8846815834767642,0.029951634520132858,0.14310547765416762,0.14872033185813033,0.08332601984349301,0.13531925326608524,0.055406535926471746,0.10779388736942415,0.062076324199179654,518,581,0.293080542242198,514,0.293080542242198,5,6,16,3,0.9291338582677166,0.016530662277168776,True,False,False,False,explore,497,0.10639826492709685,0.2127965298541937,False,explore,epsilon_sample(0.2128),1.0,0.21443749309050258,7,21,0,0,disabled,1,7,14,7,14,13498,live,,0,False,1,among and characters class decisions distinctions do exist hierarchies how influence interactions of or privilege rank social structures systems the their these what,none,0,,0.42857142857142855,0,0,agea_dynamic,0.0,0.0,False,18
THE CARRIAGE AND HORSE,True,True,2,True,True,,497,3,True,topology_pl_fewa,globally_unpulled_topology_prior,THE CARRIAGE AND HORSE,36,44,0.65,15.954728370221329,17.05951807424021,4.292756539235413,0.25309356136820926,0.2669034326684453,0.4431868991728147,0.47387550206222806,0.09756264861898666,27,25,24.369731800766285,25.713653829215662,0.21558459955133097,13.124521072796934,0.46867816091954023,0.48547718627515746,20.24748490945674,fewa(0.2085),0.0395458689637827,0.13887429512101152,0.9155963302752294,0.017067998358188535,0.017139337101475423,0.017160507135845684,0.016609381601009783,499,539,0.07081947319406304,0.8894389438943895,0.03140842608239613,0.1467513337909697,0.15238400580133613,0.08610044807393082,0.13887429512101152,0.0581166334241441,0.11108571154035529,0.06372241526193025,545,606,0.27362151630727893,539,0.27362151630727893,5,6,16,3,0.9327102803738317,0.01747627219556614,True,True,True,True,exploit,497,0.1042702996285549,0.2085405992571098,False,exploit,fewa(0.2085),0.8571428571428571,0.13535938809690468,36,44,0,0,disabled,1,36,43,36,43,19034,live,True,0,True,1,and are associated beyond carriage characters connection directly farm horse its known locations objects or specific the to what with,none,0,,0.4642857142857143,0,0,fixed_anchor_dynamic,0.0395458689637827,0.0395458689637827,False,19
CHAACMOL,True,True,10,True,True,,522,3,False,topology_pl_fewa,globally_unpulled_topology_prior,CHAACMOL,10,22,0.9375,4.494252873563219,6.477165631743515,2.160919540229885,0.20797413793103448,0.26994016162416873,0.44942528735632187,0.6477165631743514,0.09822361546499478,10,20,9.706439393939394,9.843601139233241,0.1630012408568443,2.164772727272727,0.3709753787878788,0.3752616833283115,6.655172413793103,fewa(0.2044),0.012998383620689655,0.14831354418409162,0.9171171171171171,0.017410042413462855,0.01749192451239422,0.017523314460303998,0.017015858051030088,509,559,0.07403607941596639,0.8929712460063898,0.032573859332206745,0.15647270312966619,0.1622180374160673,0.08885423812109963,0.14831354418409162,0.06046451463746241,0.11638168398253079,0.06561718315340535,555,626,0.26536487889572874,559,0.26536487889572874,5,6,17,3,0.933579335793358,0.01772143032255805,True,True,True,True,exploit,522,0.1021848936359838,0.2043697872719676,False,exploit,fewa(0.2044),0.8333333333333334,0.12580613050500725,10,22,0,0,disabled,1,10,15,10,15,23985,live,True,0,True,1,and are associated beliefs ceremonial chaacmol cultural deities directly explicitly in it linked material offerings or practices religious rituals sacred sites source specific the to what which with,none,0,,0.2631578947368421,0,0,fixed_anchor_dynamic,0.012998383620689655,0.012998383620689655,False,20
TREGEAGLE,True,True,6,True,True,,528,3,False,topology_pl_fewa,globally_unpulled_topology_prior,TREGEAGLE,46,54,0.85,23.09943181818182,25.12753511679293,5.777462121212121,0.28876893939393944,0.3090499723800505,0.5021615612648221,0.546250763408542,0.10699003928170595,43,42,37.399647887323944,39.757796227187065,0.28123986342296203,19.6012323943662,0.5700088028169015,0.5935902862155327,28.87689393939394,fewa(0.2003),0.05640018347537879,0.15237644916115023,0.9230769230769231,0.018880831851142428,0.018930712386350742,0.01890183435550033,0.017729861269751672,552,599,0.07807639866839468,0.8967065868263473,0.03490472583182798,0.1605192113516684,0.16622006120669844,0.09268948607475617,0.15237644916115023,0.06464125012225691,0.12039111423899493,0.06993410615298214,598,668,0.2551932720694056,599,0.2551932720694056,5,6,17,3,0.9382504288164666,0.019157356494939236,True,True,True,True,exploit,528,0.10014119576326413,0.20028239152652827,False,exploit,fewa(0.2003),0.8333333333333334,0.11234692121899544,46,54,0,0,disabled,1,46,52,46,52,33533,live,True,0,True,1,are associated beyond characters connection devil directly its known locations objects or specific the to tregeagle what with,none,0,,0.7272727272727273,0,0,fixed_anchor_dynamic,0.05640018347537879,0.05640018347537879,False,21
TERRABIL,True,True,5,True,True,,568,4,True,topology_pl_fewa,globally_unpulled_topology_prior,TERRABIL,35,39,0.36486486486486486,10.151408450704226,11.368587736808173,2.160211267605634,0.16637323943661972,0.18282160816775414,0.29004024144869217,0.32481679248023354,0.05539003250270856,15,12,13.637781629116118,14.470266182879833,0.08146038274708911,4.701906412478336,0.24783362218370883,0.25908341345078606,12.31161971830986,fewa(0.1963),0.024046132262323945,0.15302441245490525,0.9249592169657422,0.019393897934053907,0.019436142204486848,0.01939018599161725,0.018013836021689045,567,611,0.07902346915572799,0.8985294117647059,0.03560398578171435,0.1611728426578736,0.16686932764001822,0.09360344684400043,0.15302441245490525,0.0657600132226101,0.12118521760684976,0.07050936872092975,613,680,0.2556106560092385,611,0.2556106560092385,5,6,17,3,0.939799331103679,0.019682695338493327,True,True,True,True,exploit,568,0.09813837184799884,0.19627674369599768,False,exploit,fewa(0.1963),0.8,0.15182744441433557,35,39,0,0,disabled,1,35,39,35,39,63530,live,True,0,True,1,are associated beyond characters connection cornwall directly duke its known locations objects of or specific terrabil the to what with,none,0,,0.7272727272727273,0,0,fixed_anchor_dynamic,0.024046132262323945,0.024046132262323945,False,22
THE TREASURE-CHAMBER,True,True,3,True,True,,577,4,False,topology_pl_fewa,globally_unpulled_topology_prior,THE TREASURE-CHAMBER,68,70,0.5362318840579711,32.63084922010398,36.33378362954263,5.583188908145581,0.2769133197699244,0.3037461778093348,0.47986542970741153,0.534320347493274,0.07975984154493687,47,27,43.82809917355372,45.56031282016256,0.125044998591556,11.642148760330578,0.4019583183614804,0.4145105911629937,38.21403812824956,fewa(0.1924),0.07463679321923743,0.15955658295681413,0.9303030303030303,0.021001504993843206,0.021065969876725113,0.021001579318252948,0.018847497154058035,614,638,0.08268506749942374,0.9024045261669024,0.03717732066895869,0.1676245123306311,0.17315562787546948,0.09678513233588787,0.15955658295681413,0.06895599336970311,0.12565865210838487,0.07529880381048357,660,707,0.2691622926392567,638,0.2691622926392567,5,6,17,3,0.9440993788819876,0.02129373445872588,True,True,True,True,exploit,577,0.09617560441103887,0.19235120882207773,False,exploit,fewa(0.1924),0.75,0.1832419756259606,68,70,0,0,disabled,1,68,22,68,22,21813,live,True,0,True,1,any are associated beyond chamber characters connection directly hoard its known locations objects or specific the to treasure what with,none,0,,0.7272727272727273,0,0,fixed_anchor_dynamic,0.07463679321923743,0.07463679321923743,False,23
,,,0,False,,,605,,,topology_pl_fewa,mode_explore,,30,30,0.5833333333333334,15.216528925619835,18.596273478587527,3.1090909090909093,0.305426997245179,0.3617560731279739,0.5072176308539945,0.6198757826195842,0.10363636363636365,25,10,24.424267100977197,24.846227811435664,0.1530692025376657,3.085504885993485,0.4584961997828447,0.4655288782904858,18.325619834710743,epsilon_sample(0.1885),,0.16129032258064516,0.9328467153284672,0.021856615132029005,0.02194646862742319,0.021903369829346615,0.019827139252180204,639,648,0.08406057916642315,0.9037656903765691,0.03776003729386399,0.16920540094960462,0.17457907724743935,0.0977265336873633,0.16129032258064516,0.07028052169847665,0.1269664249163028,0.07604403243653866,685,717,0.2829507073887151,648,0.2829507073887151,5,6,17,3,0.9460269865067467,0.022099254018842152,True,True,True,True,explore,605,0.0942520923228181,0.1885041846456362,False,explore,epsilon_sample(0.1885),0.75,0.23862463957994545,30,30,0,0,disabled,1,30,5,30,5,24045,live,,0,False,1,and are between characters customs described different do how in interactions or rituals shape social story the they traditions what,none,0,,0.41379310344827586,0,0,agea_dynamic,0.03579222623966942,0.03579222623966942,False,24
NASO,True,True,67,True,True,,614,4,False,topology_pl_fewa,globally_unpulled_topology_prior,NASO,73,76,0.9060402684563759,24.185667752442995,38.98140630139312,19.884364820846905,0.29577203069322083,0.3950722894110069,0.33131051715675336,0.5339918671423716,0.2616363792216698,69,66,67.7925925925926,68.40779478737997,0.30820510080068925,22.2,0.6039771314939101,0.6081060052844294,44.0700325732899,fewa(0.1847),0.08607428236970684,0.17479247662078387,0.9177718832891246,0.023669448624982898,0.02381395504065761,0.023836432077899924,0.023639289603449923,692,710,0.0923680636190783,0.9067688378033205,0.04137288036827691,0.18360578909812703,0.18953176200525568,0.10648575107601209,0.17479247662078387,0.07782340200489812,0.13820124503198858,0.08205203508020023,754,783,0.27818532765703136,710,0.27818532765703136,6,7,19,3,0.9455040871934605,0.024305677161769342,True,True,True,True,exploit,614,0.09236705047636173,0.18473410095272347,False,exploit,fewa(0.1847),0.75,0.2490913267553394,73,76,0,0,disabled,1,73,72,73,72,32401,live,True,0,True,1,are associated beyond characters connection directly fire its known locations naso objects or specific to what with,none,0,,0.75,0,0,fixed_anchor_dynamic,0.08607428236970684,0.08607428236970684,False,25
TINKA JALLINGER,True,True,3,True,True,,675,5,True,topology_pl_fewa,globally_unpulled_topology_prior,TINKA JALLINGER,41,30,0.8732394366197183,13.413333333333334,15.891397530864198,3.3629629629629627,0.23628586332811688,0.27118817596939665,0.32715447154471544,0.3875950617283951,0.11209876543209876,38,24,36.043633762517885,37.38105274037507,0.4775911037677344,14.641630901287554,0.7138769670958512,0.7327138541079243,16.776296296296298,fewa(0.1810),0.03276620370370371,0.17750691744597388,0.9217171717171717,0.02496921603502531,0.025123363360551054,0.025131352867318813,0.024135775175746763,730,734,0.09517245428642847,0.909541511771995,0.042771400268049646,0.18650356469423257,0.19252795229014455,0.10934977285268237,0.17750691744597388,0.08048970734717356,0.14113152979911958,0.08357429772420263,792,807,0.28443890579391395,734,0.28443890579391395,6,7,19,3,0.9481865284974094,0.025636535565439707,True,True,True,True,exploit,675,0.09051970946683449,0.18103941893366898,False,exploit,fewa(0.1810),0.6666666666666666,0.2666509053077767,41,30,0,0,disabled,1,41,10,41,10,18035,live,True,0,True,1,any are associated beyond characters connections directly jallinger known locations objects or specific tinka what with,none,0,,0.5714285714285714,0,0,fixed_anchor_dynamic,0.03276620370370371,0.03276620370370371,False,26
CORNISH HORSES,True,True,4,True,True,,699,5,False,topology_pl_fewa,globally_unpulled_topology_prior,CORNISH HORSES,53,65,0.6101694915254238,8.562947067238913,9.290381108511854,1.8168812589413448,0.08796464683203609,0.094129342097061,0.16156503900450778,0.1752902095945633,0.02795201936832838,32,40,27.08899456521739,29.033182818407372,0.2845079489675218,16.862771739130434,0.3724725957995579,0.38894876743676104,10.379828326180258,fewa(0.1774),0.020273102199570816,0.18234037336695738,0.9247572815533981,0.026063757011903135,0.026160751075169856,0.026118501743863296,0.02460453453604072,762,770,0.09854243487907659,0.9090909090909091,0.04486918011770876,0.19184063924108782,0.19824453821321428,0.1134128317826665,0.18234037336695738,0.08392132403146912,0.14561527382027686,0.08782652320137262,824,847,0.28208653275406365,770,0.28208653275406365,6,8,20,3,0.9502487562189055,0.026757258431688438,True,True,True,True,exploit,699,0.0887093152774978,0.1774186305549956,False,exploit,fewa(0.1774),0.6666666666666666,0.25615429009461216,53,65,0,0,disabled,1,53,65,53,65,61809,live,True,0,True,1,any are associated beyond characters connections cornish directly horses known locations objects or specific what with,none,0,,0.7777777777777778,0,0,fixed_anchor_dynamic,0.020273102199570816,0.020273102199570816,False,27
,,,0,False,,,736,,,topology_pl_fewa,mode_explore,,20,31,0.27450980392156865,3.381793478260869,3.531305381616257,0.7860054347826086,0.081721547314578,0.08465315326272287,0.16908967391304347,0.17656526908081285,0.02535501402524544,4,10,3.7178619756427604,3.88879112870591,0.022725373537660062,1.6089309878213802,0.10444692085223806,0.10779847287308413,4.167798913043478,epsilon_sample(0.1739),,0.1841616755980526,0.9251207729468599,0.02620057463401286,0.02630164684323384,0.02626184713595067,0.024704804721414467,766,780,0.09994508052868999,0.9101516919486581,0.045451896742614066,0.19374912243022321,0.20024389920269664,0.1149690664366932,0.1841616755980526,0.08512729965117857,0.14733629439136214,0.08864190099620863,828,857,0.27881893429053706,780,0.27881893429053706,6,8,20,3,0.9504950495049505,0.02689734878996953,True,True,True,True,explore,736,0.08693512897194784,0.17387025794389568,False,explore,epsilon_sample(0.1739),0.5,0.24047257157369545,20,31,0,0,disabled,1,20,31,20,31,43115,live,,0,False,1,and appear characters connect do elements emotional events how motifs narrative or pivotal plot recurring states symbols the thematic they throughout to what,none,0,,0.2777777777777778,0,0,agea_dynamic,0.008140232252038042,0.008140232252038042,False,28
SERPENT,True,True,7,True,True,,739,5,False,topology_pl_fewa,globally_unpulled_topology_prior,SERPENT,18,23,0.8048780487804879,12.807171853856563,13.982507539537941,2.2949932341001356,0.3683454899501634,0.39701221399117265,0.7115095474364757,0.7768059744187745,0.09978231452609285,18,15,16.555925432756325,17.17161450068351,0.16177694842468643,5.179094540612517,0.5301224383748498,0.5451392449096593,15.102165087956699,fewa(0.1704),0.029496416187415428,0.18957304472697978,0.9267139479905437,0.026816253933506635,0.026922245801162908,0.02687903741170223,0.025152484453991306,784,792,0.10174671094079132,0.908256880733945,0.04615115669250044,0.1996193850563076,0.20646066118598952,0.1177402966310731,0.18957304472697978,0.08642051217001064,0.15129650362973165,0.09204700563285542,846,872,0.27939091104642066,792,0.27939091104642066,7,9,21,3,0.9514563106796117,0.027457710223093897,True,True,True,True,exploit,739,0.08519642639250888,0.17039285278501776,False,exploit,fewa(0.1704),1.0,0.20143421708262615,18,23,0,0,disabled,1,18,23,18,23,10126,live,True,0,True,1,any are associated beyond characters connection directly known locations objects or serpent specific what with,none,0,,0.7222222222222222,0,0,fixed_anchor_dynamic,0.029496416187415428,0.029496416187415428,False,29
BACHMAN'S LIVERY STABLE,True,True,3,True,True,,751,6,True,topology_pl_fewa,globally_unpulled_topology_prior,BACHMAN'S LIVERY STABLE,3,4,0.0,0,0,0,0.0,0.0,0.0,0.0,0.0,0,0,0,0,0.0,0,0.0,0.0,0,fewa(0.1670),0.0,0.18957304472697978,0.9267139479905437,0.026816253933506635,0.026922245801162908,0.02687903741170223,0.025152484453991306,784,792,0.10174671094079132,0.908256880733945,0.04615115669250044,0.1996193850563076,0.20646066118598952,0.1177402966310731,0.18957304472697978,0.08642051217001064,0.15129650362973165,0.09204700563285542,846,872,0.27939091104642066,792,0.27939091104642066,7,9,21,3,0.9514563106796117,0.027457710223093897,False,False,False,False,exploit,751,0.0834924978646587,0.1669849957293174,False,exploit,fewa(0.1670),1.0,0.21401791562362305,3,4,0,0,disabled,1,3,4,3,4,3314,live,True,0,True,1,any are associated bachman beyond characters connection directly known livery locations objects or s specific stable what with,none,0,,0.7368421052631579,0,0,fixed_anchor_dynamic,0.0,0.0,False,30
,,,0,False,,,751,,,topology_pl_fewa,mode_explore,,47,46,0.7419354838709677,19.985352862849535,21.636626087542396,3.6378162450066576,0.25401257105221714,0.2717681971241834,0.4252202736776497,0.46035374654345523,0.07908296184797081,39,30,35.29833546734955,37.05920788378273,0.2865062014065826,14.969910371318822,0.5405187724587998,0.5594528844634575,23.623169107856192,epsilon_sample(0.1636),,0.19444152569086898,0.9288135593220339,0.02811602134354905,0.028221494483575367,0.028140903539660738,0.026100585674587683,822,821,0.10537446341708652,0.9101995565410199,0.047841034904725833,0.20466615619648917,0.21157050259279034,0.12114260333746316,0.19444152569086898,0.0898319606925514,0.1554233376790431,0.09480147286612779,885,902,0.2802491409842035,821,0.2802491409842035,7,9,21,3,0.9524913093858632,0.028788568626764263,True,True,True,True,explore,751,0.08182264790736553,0.16364529581473106,False,explore,epsilon_sample(0.1636),1.0,0.15486350948497887,47,46,0,0,disabled,1,47,45,47,45,27794,live,,0,False,1,and are associated ceremonies deities described in narrative objects or practices religious rituals sacred specific the they what which with,none,0,,0.45454545454545453,0,0,agea_dynamic,0.046139002163781626,0.046139002163781626,False,31
,,,0,False,,,781,,,topology_pl_fewa,mode_explore,,60,57,0.6068376068376068,38.76824583866838,40.83715803141512,8.68886043533931,0.4056162929402366,0.42329930313465325,0.6461374306444729,0.6806193005235853,0.15243614798840893,49,22,47.057285180572855,48.49246404749313,0.07524074956064158,9.202988792029888,0.4808570425008782,0.49312352854293173,47.457106274007685,epsilon_sample(0.1604),,0.19731357920913453,0.9314775160599572,0.02975783280886578,0.02989277850433298,0.029799481295993822,0.027143898893261968,870,841,0.10770769294506469,0.9101731601731602,0.04900646815453645,0.20713187887418974,0.21375059132899527,0.12288135844812596,0.19731357920913453,0.0921605453207637,0.1576856375295921,0.0958207494547949,934,924,0.29416996658197,841,0.29416996658197,7,9,21,3,0.9539473684210527,0.030469652926137358,True,True,True,True,explore,781,0.08018619494921822,0.16037238989843644,False,explore,epsilon_sample(0.1604),1.0,0.15840885102979893,60,57,0,0,disabled,1,60,56,60,56,28844,live,,0,False,1,and are communal depicted events feasts gatherings in or participates social them what who,none,0,,0.2608695652173913,0,0,agea_dynamic,0.09268966069142126,0.09268966069142126,False,32
MACROBIUS,True,True,2,True,True,,803,6,False,topology_pl_fewa,globally_unpulled_topology_prior,MACROBIUS,3,4,0.42857142857142855,0.6650062266500623,1.1088958125584476,0.33250311332503113,0.1425013342821562,0.20591413226906838,0.22166874221668742,0.36963193751948253,0.08312577833125778,2,1,1.6629353233830846,1.8338782610578948,0.1424133778713619,0.3314676616915423,0.2849147121535181,0.30933513182134814,0.9975093399750934,fewa(0.1572),0.0019482604296388543,0.19741865433785155,0.9316239316239316,0.029826241619920646,0.029963295476026833,0.029872601954138805,0.027366877401070713,872,842,0.1078345291203402,0.9102702702702703,0.04906473981702698,0.2072362219540176,0.21385041096986723,0.12297516316812179,0.19741865433785155,0.0922929274523185,0.15779137760632106,0.09585577332475168,936,925,0.2956674538974107,842,0.2956674538974107,7,9,21,3,0.9540481400437637,0.030539698105277905,True,True,True,True,exploit,803,0.07858247105023385,0.1571649421004677,False,exploit,fewa(0.1572),1.0,0.22193918025143905,3,4,0,0,disabled,1,3,3,3,3,5296,live,True,0,True,1,any are associated beyond characters connections directly known locations macrobius objects or specific what with,none,0,,0.8235294117647058,0,0,fixed_anchor_dynamic,0.0019482604296388543,0.0019482604296388543,False,33
SULTAN,True,True,34,True,True,,804,6,False,topology_pl_fewa,globally_unpulled_topology_prior,SULTAN,44,46,0.9222222222222223,17.261194029850746,24.97420739895052,10.712064676616915,0.31081398562741847,0.39651413417297143,0.3922998643147897,0.5675956227034209,0.2328709712308025,43,40,42.36011904761905,42.69799284297052,0.31672569691226404,14.11845238095238,0.6275396825396825,0.6312938358213656,27.97325870646766,fewa(0.1540),0.05463527091106965,0.20419600014010017,0.9346271705822268,0.03129703105760022,0.03146448492006617,0.03140911679092666,0.028829407104890466,915,882,0.1126874181326877,0.9139896373056995,0.05139560631664821,0.2145903479462864,0.22158107215529588,0.1285929749238784,0.20419600014010017,0.09651214468006587,0.164134795876834,0.09900204253675372,979,965,0.2975151904287372,882,0.2975151904287372,7,9,22,3,0.9560669456066946,0.03201064686722936,True,True,True,True,exploit,804,0.07701082162922918,0.15402164325845835,False,exploit,fewa(0.1540),1.0,0.23409513764495465,44,46,0,0,disabled,1,44,11,44,11,20535,live,True,0,True,1,address and are bestow characters for forms honors institutions of or specific sultan them titles used what which,none,0,,0.25,0,0,fixed_anchor_dynamic,0.05463527091106965,0.05463527091106965,False,34
SERAPIS,True,True,8,True,True,,840,7,True,topology_pl_fewa,globally_unpulled_topology_prior,SERAPIS,23,26,0.4489795918367347,8.980357142857143,10.93391298185941,1.6726190476190474,0.21740767735665695,0.25727616386690727,0.3904503105590062,0.4753875209504091,0.06433150183150182,14,8,13.366863905325443,13.843885018031582,0.08949970097929283,1.6715976331360947,0.3069073783359498,0.31664250308505465,10.65297619047619,fewa(0.1509),0.02080659412202381,0.20500157612693076,0.9355488418932527,0.03177589273498427,0.03195166385860925,0.03189604616841154,0.029283056804999038,929,890,0.11342731982564344,0.9146968139773896,0.05186177961657246,0.21514989205420243,0.22201592746258159,0.12907890239532432,0.20500157612693076,0.09734532319680345,0.16474776080632147,0.09947404275570867,993,973,0.29938092424741214,890,0.29938092424741214,7,9,22,3,0.9566563467492261,0.03246594053164291,True,True,True,True,exploit,840,0.0754706051966446,0.1509412103932892,False,exploit,fewa(0.1509),1.0,0.2225888367804057,23,26,0,0,disabled,1,23,16,23,16,23396,live,True,0,True,1,and are associated ceremonies cult devotees directly distinct do in or play practices priests ritual roles serapis sites specific temples the these what which with,none,0,,0.36363636363636365,0,0,fixed_anchor_dynamic,0.02080659412202381,0.02080659412202381,False,35
MONTAGU TRIXIT,True,True,25,True,True,,845,7,False,topology_pl_fewa,globally_unpulled_topology_prior,MONTAGU TRIXIT,30,66,0.9166666666666666,19.109467455621303,20.93210251741886,6.35207100591716,0.265224358974359,0.28421014086808355,0.6369822485207101,0.6977367505806286,0.09624350008965393,29,59,27.24971297359357,27.958719934725384,0.12324794297742059,10.043628013777267,0.38847230195177956,0.39585779113023595,25.461538461538463,fewa(0.1479),0.04972956730769231,0.20671780322930897,0.9373776908023483,0.03276782049527979,0.032949486903410895,0.03291502593568582,0.029834909125236966,958,919,0.11557433332964094,0.8905038759689923,0.05355165782879785,0.21689067025866426,0.2237454032916081,0.13118071287992691,0.20671780322930897,0.09969642253928664,0.16672751174734354,0.10140013578107739,1022,1032,0.307904557771157,919,0.307904557771157,7,9,22,3,0.9579158316633266,0.03348159562918082,True,True,True,True,exploit,845,0.0739611930927117,0.1479223861854234,False,exploit,fewa(0.1479),1.0,0.2660703722517371,30,66,0,0,disabled,1,30,47,30,47,35168,live,True,0,True,1,accounts and are directly distinct do financial his in instruments linked montagu operations or play roles specific these to transactions trixit what which,none,0,,0.37142857142857144,0,0,fixed_anchor_dynamic,0.04972956730769231,0.04972956730769231,False,36
FIGHEEGH,True,True,11,True,True,,871,7,False,topology_pl_fewa,globally_unpulled_topology_prior,FIGHEEGH,22,29,0.6862745098039216,8.258897818599312,10.533876036227939,2.788174512055109,0.2166092613853808,0.2612166774173147,0.3754044462999687,0.47881254710126997,0.09614394869155549,18,17,15.234198645598195,16.30823437316878,0.192145662706152,5.6123024830699775,0.4087549240915328,0.4298144481615443,11.047072330654421,fewa(0.1450),0.021576313145809416,0.20817134250989458,0.9384615384615385,0.03338349979477356,0.033571616463707495,0.03354450532568172,0.03044672952012403,976,935,0.11706262643653864,0.8913250714966635,0.05448400442864635,0.21853288390338277,0.22553750710898884,0.1333659224157682,0.20817134250989458,0.10095217554704433,0.16858533557790187,0.10234392250682627,1040,1049,0.31494398101450943,935,0.31494398101450943,7,9,22,3,0.9586614173228346,0.034112002241445734,True,True,True,True,exploit,871,0.07248196923085747,0.14496393846171493,False,exploit,fewa(0.1450),1.0,0.26831272983616544,22,29,0,0,disabled,1,22,29,22,29,11633,live,True,0,True,1,and are associated directly distinct do figheegh geographic in it locations or places play relation roles settlements specific territories these to what which with,none,0,,0.4411764705882353,0,0,fixed_anchor_dynamic,0.021576313145809416,0.021576313145809416,False,37
SNAPSHOT HARRY,True,True,1,True,True,,886,8,True,topology_pl_fewa,globally_unpulled_topology_prior,SNAPSHOT HARRY,2,20,0.8181818181818182,1.2031602708803613,1.2476907525643444,0.3357787810383747,0.06995177508721527,0.0719758878910327,0.6015801354401806,0.6238453762821722,0.016788939051918736,2,16,1.6829954954954953,1.8281991873630388,0.056890976755536574,1.107545045045045,0.12684275184275184,0.1334429196549129,1.538939051918736,fewa(0.1421),0.0030057403357787813,0.20920458127561206,0.9385796545105566,0.03345190860582843,0.03363089299632274,0.033596756194763135,0.03047278852365779,978,950,0.11814972514941217,0.892018779342723,0.055358079366004315,0.21949401677149472,0.22641333304771255,0.1342382593053167,0.20920458127561206,0.10217458312930769,0.16956369309677086,0.10316951567324938,1042,1065,0.31895577285746235,950,0.31895577285746235,7,9,22,3,0.9587426326129665,0.03418204742058628,True,True,True,True,exploit,886,0.0710323298462403,0.1420646596924806,False,exploit,fewa(0.1421),1.0,0.23051132352519427,2,20,0,0,disabled,1,2,20,2,20,15336,live,True,0,True,1,and are connected directly distinct do functions groups harry him in individuals or organizations relation roles serve snapshot specific they to what which,none,0,,0.38235294117647056,0,0,fixed_anchor_dynamic,0.0030057403357787813,0.0030057403357787813,False,38
DICK MASTERTON,True,True,4,True,True,,888,8,False,topology_pl_fewa,globally_unpulled_topology_prior,DICK MASTERTON,5,7,0.3333333333333333,2.481418918918919,2.6554472546871195,0.3355855855855856,0.23475037537537538,0.2492527366893921,0.4962837837837838,0.5310894509374239,0.04794079794079794,3,1,2.7142857142857144,2.870577904421115,0.019327239922712375,0.3346456692913386,0.25407761529808776,0.2671019644760378,2.8170045045045047,fewa(0.1392),0.005501961922860361,0.2093621939686876,0.938755980861244,0.03355452182241073,0.033735408055361356,0.03370007985725184,0.030511015729930074,981,951,0.11831551802810869,0.8921200750469043,0.05541635102849484,0.2196615166046329,0.22658481807177455,0.1343850840844406,0.2093621939686876,0.10231852127013634,0.16972571457235203,0.1032414101832843,1045,1066,0.3183153877689932,951,0.3183153877689932,7,9,22,3,0.9588638589618022,0.0342871151892971,True,True,True,True,exploit,888,0.06961168324931549,0.13922336649863098,False,exploit,fewa(0.1392),1.0,0.21600141168620607,5,7,0,0,disabled,1,5,6,5,6,4204,live,True,0,True,1,affiliations and are connected dick directly distinct do groups him hold in individuals masterton or organizations relation roles specific they to what which,none,0,,0.7037037037037037,0,0,fixed_anchor_dynamic,0.005501961922860361,0.005501961922860361,False,39
TWO LITTLE BLACK FIGURES,True,True,2,True,True,,889,8,False,topology_pl_fewa,globally_unpulled_topology_prior,TWO LITTLE BLACK FIGURES,2,3,0.0,0,0,0,0.0,0.0,0.0,0.0,0.0,0,0,0,0,0.0,0,0.0,0.0,0,fewa(0.1364),0.0,0.2093621939686876,0.938755980861244,0.03355452182241073,0.033735408055361356,0.03370007985725184,0.030511015729930074,981,951,0.11831551802810869,0.8921200750469043,0.05541635102849484,0.2196615166046329,0.22658481807177455,0.1343850840844406,0.2093621939686876,0.10231852127013634,0.16972571457235203,0.1032414101832843,1045,1066,0.3183153877689932,951,0.3183153877689932,7,9,22,3,0.9588638589618022,0.0342871151892971,False,False,False,False,exploit,889,0.0682194495843292,0.1364388991686584,False,exploit,fewa(0.1364),1.0,0.20078868963579746,2,3,0,0,disabled,1,2,1,2,1,1493,live,True,0,True,1,and are associations black connected directly distinct do entity figures groups hold in individuals little or organizations relation roles specific they this to two what which,none,0,,0.6333333333333333,0,0,fixed_anchor_dynamic,0.0,0.0,False,40
CISSY TRIXIT,True,True,4,True,True,,889,9,True,topology_pl_fewa,globally_unpulled_topology_prior,CISSY TRIXIT,5,8,0.7692307692307693,3.9741282339707533,4.317431777720698,1.673228346456693,0.43441204464826516,0.46082000955210695,0.7948256467941507,0.8634863555441395,0.20915354330708663,5,5,4.746644295302014,4.8316629881536866,0.059780004912911966,1.6778523489932886,0.4941920495611771,0.5007319490113058,5.647356580427447,fewa(0.1337),0.011029993321147357,0.2097299569191972,0.9352380952380952,0.03358872622793816,0.03377064342515065,0.033736009023357105,0.030531772062195126,982,955,0.11861276914002589,0.8916900093370682,0.05564943767845697,0.22004190528635073,0.2269658603547184,0.13468377924864086,0.2097299569191972,0.10261332140545135,0.17006650788304462,0.1033876752386645,1050,1071,0.31905825850794434,955,0.31905825850794434,7,9,22,3,0.9551656920077972,0.03432213777886737,True,True,True,True,exploit,889,0.06685506059264261,0.13371012118528522,False,exploit,fewa(0.1337),1.0,0.15730715416446608,5,8,0,0,disabled,1,5,6,5,6,5439,live,True,0,True,1,and any are cissy connected connections directly distinct do excluding garden groups have her individuals montagu or organizations relationships roles specific the they to trixit what which with,none,0,,0.45714285714285713,0,0,fixed_anchor_dynamic,0.011029993321147357,0.011029993321147357,False,41
THE EXCELSIOR BANK,False,True,0,True,False,,894,9,False,topology_pl_fewa,globally_unpulled_topology_prior,THE EXCELSIOR BANK,6,9,0.5333333333333333,1.779642058165548,2.5247286158281157,0.6711409395973155,0.1633855331841909,0.2130579703616954,0.296607009694258,0.4207881026380193,0.07457121551081283,4,4,3.37890625,3.736354282924107,0.10651774062533287,0.6696428571428571,0.2699032738095238,0.293733142671131,2.4507829977628637,fewa(0.1310),0.0,0.20994010717663128,0.9354838709677419,0.03372554385004788,0.03391000986320289,0.03387567453542964,0.030585331837804913,986,957,0.11886170033760385,0.8902325581395348,0.05576598100343803,0.2202501587958226,0.2271674192449406,0.13488760185011328,0.20994010717663128,0.10286558494333907,0.1702864566364052,0.10369394100223223,1054,1075,0.32024882245851366,957,0.32024882245851366,7,9,22,3,0.9553398058252427,0.034462228137148464,True,True,True,True,exploit,894,0.06551795938078975,0.1310359187615795,False,exploit,fewa(0.1310),,0.19114469129924733,6,9,0,0,disabled,1,6,7,6,7,5759,live,True,0,True,1,and are bank connected directly distinct excelsior groups individuals institution link or organizations roles specific the them this to transactions what which,none,0,,0.45454545454545453,0,0,fixed_anchor_dynamic,0.004786685542505593,0.004786685542505593,True,42
THE WEEBLEY,True,True,1,True,True,,896,9,False,topology_pl_fewa,globally_unpulled_topology_prior,THE WEEBLEY,63,75,0.7898550724637681,33.43247767857143,37.97092235331633,9.709821428571427,0.3126253558488613,0.34551263610063593,0.5306742488662132,0.6027130532272433,0.1294642857142857,59,50,56.704449152542374,57.51670311826702,0.23038081585342318,18.230402542372882,0.5430061717022845,0.548892070004637,43.14229910714286,fewa(0.1284),0.0842623029436384,0.2249833631046198,0.9389038634321654,0.03574360377616637,0.03596203501967875,0.03595083412984101,0.03226513471673778,1045,1007,0.12595389619546735,0.8951111111111111,0.05867956412796457,0.2355150469604113,0.2425930475141508,0.14269475984487667,0.2249833631046198,0.1088219153815975,0.18145794009149455,0.11014075426925575,1113,1125,0.3157580535802507,1007,0.3157580535802507,8,10,25,3,0.9577594123048668,0.03652856092179456,True,True,True,True,exploit,896,0.06420760019317395,0.1284152003863479,False,exploit,fewa(0.1284),,0.18049994565900934,63,75,0,0,disabled,1,63,14,63,14,18982,live,True,0,True,1,and are connected directly distinct do groups hold individuals it or organizations relationships roles specific the they to weebley what which with,none,0,,0.6129032258064516,0,0,fixed_anchor_dynamic,0.0842623029436384,0.0842623029436384,False,43
THE PAN,False,True,0,True,False,,944,10,True,topology_pl_fewa,globally_unpulled_topology_prior,THE PAN,6,19,0.64,1.3177966101694916,1.3236568267918702,0.3352754237288136,0.06612288135593221,0.06635729002082735,0.21963276836158194,0.22060947113197837,0.017646074933095453,3,13,2.092299578059072,2.4044190300699673,0.08879273045841378,1.780590717299578,0.154915611814346,0.1674003898947818,1.6530720338983051,fewa(0.1258),0.0,0.22557878883401633,0.9390681003584229,0.03584621699274867,0.036062781911611816,0.036049682532738526,0.032417479270025834,1048,1011,0.12631809664578778,0.8884007029876977,0.05891265077792669,0.2359498485139804,0.2429106275408018,0.1429358515529965,0.22557878883401633,0.10921510006422178,0.18179737468167095,0.11037891465731078,1116,1138,0.3145760831867235,1011,0.3145760831867235,8,10,25,3,0.9578754578754579,0.036633628690505377,True,True,True,True,exploit,944,0.06292344818931048,0.12584689637862095,False,exploit,fewa(0.1258),,0.22903466181133852,6,19,0,0,disabled,1,6,19,6,19,4402,live,True,0,True,11,1 44 absent additional and directly diversification earlier entities expansion fallback focused for from named novel only pan perform relationship relationships retrieve round supported the turn turns,similarity_exhausted,0,,0.9130434782608695,11,11,diversified_fallback,0.0032286563162076272,0.0032286563162076272,True,44
GORLOIS,True,True,2,True,True,,948,10,False,topology_pl_fewa,globally_unpulled_topology_prior,GORLOIS,25,26,0.6470588235294118,14.768459915611814,16.728908795331943,1.6091772151898733,0.32113013981964095,0.35957031393180033,0.5907383966244726,0.6691563518132777,0.06189143135345666,19,14,16.71458551941238,18.241424055476216,0.059617962149373316,2.7035676810073452,0.38074810196901426,0.41068611248006986,16.377637130801688,fewa(0.1233),0.031987572521097046,0.22617421456341283,0.9400881057268723,0.03649610069776987,0.03671405212856187,0.0366929332703724,0.03268974361893721,1067,1021,0.1270506873364424,0.8862847222222222,0.059495367402832004,0.23647958518825204,0.2433747888708563,0.1434913037753308,0.22617421456341283,0.11006643541198616,0.1823972624127748,0.11139794532917373,1135,1152,0.31520320832177245,1021,0.31520320832177245,8,10,25,3,0.9584462511291779,0.03715896753405947,True,True,True,True,exploit,948,0.06166497922552427,0.12332995845104854,False,exploit,fewa(0.1233),,0.1953091630074499,25,26,0,0,disabled,1,25,26,25,26,27088,live,True,0,True,1,and are connected directly distinct do gorlois groups hold individuals or organizations relationships roles specific they to what which with,none,0,,0.8260869565217391,0,0,fixed_anchor_dynamic,0.031987572521097046,0.031987572521097046,False,45
,,,0,False,,,953,,,topology_pl_fewa,mode_explore,,31,46,0.2077922077922078,9.77439664218258,9.88814523969703,0.9774396642182581,0.13963423774546543,0.1411114922586401,0.31530311748976064,0.31897242708700096,0.02124868835257083,10,6,9.785564853556485,9.946727670208855,0.004472701340553137,1.3106694560669456,0.14410693908601857,0.1461999626789065,10.751836306400838,epsilon_sample(0.1209),,0.22664705264263948,0.9406113537117904,0.03683814475304419,0.03706183080431398,0.03703727265217186,0.03284404186411143,1077,1027,0.12754653588824277,0.886873920552677,0.05984499737777519,0.23690137120229834,0.24376529208130035,0.14395167871318262,0.22664705264263948,0.1105959822230301,0.18286669717741702,0.11191974948214813,1145,1158,0.3191020594115823,1027,0.3191020594115823,8,10,25,3,0.9588182632050134,0.037509193429762194,True,True,True,True,explore,953,0.06043167964101378,0.12086335928202756,False,explore,epsilon_sample(0.1209),,0.2595351909713781,31,46,0,0,disabled,1,31,19,31,19,23857,live,,0,False,1,and are characters conflicts connect define do features how journeys key landmarks locations natural or setting that the they to what,none,0,,0.375,0,0,agea_dynamic,0.020999680285939137,0.020999680285939137,False,46
MRS. SHEA,True,True,1,True,True,,956,10,False,topology_pl_fewa,globally_unpulled_topology_prior,MRS. SHEA,1,2,0.0,0,0,0,0.0,0.0,0.0,0.0,0.0,0,0,0,0,0.0,0,0.0,0.0,0,fewa(0.1184),0.0,0.22664705264263948,0.9406113537117904,0.03683814475304419,0.03706183080431398,0.03703727265217186,0.03284404186411143,1077,1027,0.12754653588824277,0.886873920552677,0.05984499737777519,0.23690137120229834,0.24376529208130035,0.14395167871318262,0.22664705264263948,0.1105959822230301,0.18286669717741702,0.11191974948214813,1145,1158,0.3191020594115823,1027,0.3191020594115823,8,10,25,3,0.9588182632050134,0.037509193429762194,False,False,False,False,exploit,956,0.0592230460481935,0.118446092096387,False,exploit,fewa(0.1184),,0.20057962959081815,1,2,0,0,disabled,1,1,1,1,1,600,live,True,0,True,1,and are connected directly distinct do groups her hold individuals mrs or organizations relationships roles shea specific they to what which with,none,0,,0.8260869565217391,0,0,fixed_anchor_dynamic,0.0,0.0,False,47
BRAZIL,True,True,4,True,True,,956,11,True,topology_pl_fewa,globally_unpulled_topology_prior,BRAZIL,4,5,0.3333333333333333,0.9963389121338913,1.6617807483237337,0,0.11070432357043236,0.18464230536930373,0.2490847280334728,0.4154451870809334,0.0,3,0,2.5512552301255234,2.8695855070814584,0.172768479776848,0,0.28347280334728037,0.31884283412016207,0.9963389121338913,fewa(0.1161),0.0019459744377615064,0.22664705264263948,0.9407665505226481,0.03694075796962649,0.03715813318423602,0.03712430888297675,0.03286961609813966,1080,1027,0.12754653588824277,0.886873920552677,0.05984499737777519,0.23690137120229834,0.24376529208130035,0.14395167871318262,0.22664705264263948,0.1105959822230301,0.18286669717741702,0.11191974948214813,1148,1158,0.3185271933319478,1027,0.3185271933319478,8,10,25,3,0.9589285714285715,0.03761426119847301,True,True,True,True,exploit,956,0.05803858512722963,0.11607717025445927,False,exploit,fewa(0.1161),,0.16790252295397998,4,5,0,0,disabled,1,4,5,4,5,2502,live,True,0,True,1,and are brazil connected country directly distinct do groups hold individuals or organizations relationships roles specific the they to what which with,none,0,,0.8333333333333334,0,0,fixed_anchor_dynamic,0.0019459744377615064,0.0019459744377615064,False,48
,,,0,False,,,956,,,topology_pl_fewa,mode_explore,,44,52,0.6458333333333334,23.272489539748953,26.850815593214406,5.467050209205021,0.29937020571827055,0.336644435441869,0.5289202168124763,0.610245808936691,0.1051355809462504,39,23,36.4780163599182,37.94427219901222,0.18187872918288828,9.721881390593047,0.48124893490115883,0.49652243322505485,28.739539748953973,epsilon_sample(0.1138),,0.23331932331617106,0.9427127211457456,0.03827472978519633,0.03851034141995145,0.038463742369261145,0.03392463762832876,1119,1050,0.1307643353785462,0.8890770533446232,0.0611852456150574,0.24423718967828278,0.25160301568154375,0.14849376549164567,0.23331932331617106,0.11328580794494043,0.1885504545193607,0.11642356620016661,1187,1181,0.3335808762823983,1050,0.3335808762823983,8,10,27,3,0.9603106125970664,0.038980142191713654,True,True,True,True,explore,956,0.056877813424685036,0.11375562684937007,False,explore,epsilon_sample(0.1138),,0.1275183164982942,44,52,0,0,disabled,1,44,15,44,15,18855,live,,0,False,1,and are characters currency do dynamics economic exchanges forms how in involved mentioned narrative of or power practices reflect social status the they trade various what,none,0,,0.34375,0,0,agea_dynamic,0.05613191357217573,0.05613191357217573,False,49
FRANCE,True,True,42,True,True,,978,11,False,topology_pl_fewa,globally_unpulled_topology_prior,FRANCE,51,46,0.7731958762886598,19.986196319018408,29.101808812274964,7.594580777096115,0.2843379082073662,0.37831329473578434,0.39188620233369426,0.5706237022014699,0.1650995821107851,50,25,48.733798604187434,49.48435873834131,0.3313819425496411,10.991026919242273,0.6157198507570073,0.6234575840987998,27.580777096114524,fewa(0.1115),0.05386870526584868,0.26324822247907254,0.9450282942603072,0.03998495006156793,0.04027287276102717,0.0402858798682792,0.03726131634639497,1169,1075,0.13749341493605569,0.8913764510779436,0.06264203717732067,0.27820419540165753,0.28880880071403753,0.16212577627507513,0.26324822247907254,0.11691153632931692,0.20974201945379717,0.12926765434708037,1237,1206,0.3519185532846152,1075,0.3519185532846152,10,14,34,5,0.9618889809444905,0.04066122649108675,True,True,True,True,exploit,978,0.05574025715619134,0.11148051431238268,False,exploit,fewa(0.1115),1.0,0.17416778137076186,51,46,0,0,disabled,1,51,5,51,5,19483,live,True,0,True,9,and are connected directly distinct do france groups have individuals it or organizations relationships roles specific they to what which with,none,0,,0.9130434782608695,8,8,fixed_anchor_dynamic,0.05386870526584868,0.05386870526584868,False,50
,,,0,False,,,1003,,,topology_pl_fewa,mode_explore,,4,7,0.9090909090909091,0.9621136590229312,0.9742010260345584,0.3190428713858425,0.1164687754917067,0.11756762703821826,0.2405284147557328,0.2435502565086396,0.04557755305512035,4,6,2.790882061446977,3.1773444352659563,0.3507805262471887,2.3488602576808724,0.4672493017388954,0.502382244813348,1.2811565304087738,epsilon_sample(0.1093),,0.2638786732513747,0.9452054794520548,0.04012176768367766,0.040410910619814146,0.04042436444873658,0.03738466831952512,1173,1081,0.13823383786477825,0.891914191419142,0.06299166715226386,0.27893400700280224,0.28962271470883943,0.16332027895047538,0.2638786732513747,0.1175033429688062,0.21066419712360115,0.1297888210140271,1241,1212,0.34979872887143293,1081,0.34979872887143293,10,14,34,5,0.9620148637489678,0.040801316849367844,True,True,True,True,explore,1003,0.05462545201306751,0.10925090402613502,False,explore,epsilon_sample(0.1093),1.0,0.16680933504830692,4,7,0,0,disabled,1,4,3,4,3,2675,live,,0,False,1,and are artistic ceremonial communities cultural define different expression forms identity of practices that the traditions various what,none,0,,0.25,0,0,agea_dynamic,0.0025022588484546362,0.0025022588484546362,False,51
JEWELS,True,True,8,True,True,,1009,11,False,topology_pl_fewa,globally_unpulled_topology_prior,JEWELS,56,60,0.4827586206896552,17.2001982160555,20.98769154910071,5.656590683845391,0.19704128361983528,0.22969208821505258,0.3071463967152768,0.37478020623394126,0.09427651139742318,32,24,29.219535783365572,30.398585426261462,0.13458430832307142,9.249032882011605,0.3316255919429067,0.341789813002354,22.85678889990089,fewa(0.1071),0.04464216582011893,0.2666281391194704,0.9465828750981933,0.04121630866055548,0.04150380669274205,0.04150123985253451,0.03784967107428932,1205,1105,0.1407381134486899,0.8940129449838188,0.0643901870520366,0.2818427027356645,0.29261343230906656,0.16600828809489415,0.2666281391194704,0.11975346741380005,0.2134851391702015,0.13115752066447448,1273,1236,0.3527056518014894,1105,0.3527056518014894,10,14,34,5,0.9629927594529365,0.041922039715616574,True,True,True,True,exploit,1009,0.05353294297280616,0.10706588594561232,False,exploit,fewa(0.1071),1.0,0.16217624259755517,56,60,0,0,disabled,1,56,60,56,60,28705,live,True,0,True,1,and are associated characters directly do entities in jewels or play relation roles specific them they to what which with,none,0,,0.5172413793103449,0,0,fixed_anchor_dynamic,0.04464216582011893,0.04464216582011893,False,52
ALGERIA,True,True,16,True,True,,1034,12,True,topology_pl_fewa,globally_unpulled_topology_prior,ALGERIA,22,23,0.8,12.474371373307545,13.637940347339397,3.1818181818181817,0.34791532344723836,0.3737724117590573,0.5670168806048884,0.619906379424518,0.1383399209486166,20,16,18.813809523809525,19.248648979591838,0.21449737496546012,6.494761904761905,0.5624126984126985,0.5720757974300832,15.656189555125726,fewa(0.1049),0.030578495224854934,0.2693250674232076,0.9474091260634184,0.04190039677110412,0.042195320470415985,0.04218975582749484,0.0384849134565474,1225,1121,0.14296804918778092,0.895367412140575,0.06532253365188509,0.28486895565705783,0.29588995135773594,0.16921214807920296,0.2693250674232076,0.1215719968542056,0.21653011947221823,0.13288568416114363,1293,1252,0.35278622480170546,1121,0.35278622480170546,10,14,34,5,0.9635499207606973,0.04258746891745176,True,True,True,True,exploit,1034,0.052462284113350036,0.10492456822670007,False,exploit,fewa(0.1049),1.0,0.2015844993215222,22,23,0,0,disabled,1,22,22,22,22,16265,live,True,0,True,3,algeria and are connected country directly distinct do groups hold in individuals or organizations relation relationships roles specific the they to what which,none,0,,0.9130434782608695,2,2,fixed_anchor_dynamic,0.030578495224854934,0.030578495224854934,False,53
TRISTRAM AND ISEULT,True,True,2,True,True,,1050,12,False,topology_pl_fewa,globally_unpulled_topology_prior,TRISTRAM AND ISEULT,28,41,0.7391304347826086,17.70190476190476,18.477881632653062,3.989047619047619,0.3143616287094548,0.3256076703145026,0.6322108843537414,0.6599243440233237,0.0972938443670151,26,25,23.989242282507018,25.02471776688214,0.14068236472881207,7.408793264733395,0.45504399343826685,0.4700508845161672,21.69095238095238,fewa(0.1028),0.042365141369047614,0.27317782214283215,0.9476876421531463,0.04275550690928992,0.04305727333929199,0.04303995661985511,0.03903547773620826,1250,1144,0.14574443942098375,0.8958496476115897,0.0666627818891673,0.28857463806898376,0.299420926166064,0.1717652905605541,0.27317782214283215,0.1240989596416189,0.2195985841713287,0.13474033862597268,1319,1277,0.3515401298877983,1144,0.3515401298877983,10,14,34,5,0.9634809634809635,0.043428011067138304,True,True,True,True,exploit,1050,0.05141303843108303,0.10282607686216606,False,exploit,fewa(0.1028),1.0,0.24902669929688342,28,41,0,0,disabled,1,28,40,28,40,30349,live,True,0,True,1,adaptations and are authors based composers creators directly directors explicitly films iseult literary of on operas or principal retell specific story the those tristram which who works,none,0,,0.1702127659574468,0,0,fixed_anchor_dynamic,0.042365141369047614,0.042365141369047614,False,54
MISS R.,True,True,1,True,True,,1069,12,False,topology_pl_fewa,globally_unpulled_topology_prior,MISS R.,1,2,0.3333333333333333,0.9733395696913003,0.9817940934281096,0,0.32444652323043344,0.3272646978093699,0.9733395696913003,0.9817940934281096,0.0,1,0,0.9770813844714686,0.9941149111669019,0.001247271593389443,0,0.3256937948238229,0.33137163705563394,0.9733395696913003,fewa(0.1008),0.001901053847053321,0.27317782214283215,0.9477272727272728,0.04278971131481735,0.0430925268529135,0.043076522660809656,0.03917385697511091,1251,1144,0.14574443942098375,0.8958496476115897,0.0666627818891673,0.28857463806898376,0.299420926166064,0.1717652905605541,0.27317782214283215,0.1240989596416189,0.2195985841713287,0.13474033862597268,1320,1277,0.3495863489065834,1144,0.3495863489065834,10,14,34,5,0.9635093167701864,0.043463033656708575,True,True,True,True,exploit,1069,0.050384777662461376,0.10076955532492275,False,exploit,fewa(0.1008),1.0,0.25202498389512024,1,2,0,0,disabled,1,1,1,1,1,598,live,True,0,True,1,and are connected directly distinct do groups have her individuals miss or organizations r relationships roles specific they to what which with,none,0,,0.7916666666666666,0,0,fixed_anchor_dynamic,0.001901053847053321,0.001901053847053321,False,55
THE POET,True,True,33,True,True,,1069,13,True,topology_pl_fewa,globally_unpulled_topology_prior,THE POET,56,60,0.7672413793103449,36.840505144995326,39.96451401474149,9.113189897100094,0.3961525434663398,0.4230836544124274,0.657866163303488,0.7136520359775266,0.15188649828500156,52,37,48.05108499095841,49.75285554054982,0.15168994577728429,15.498643761301988,0.5478424892436241,0.5625129250159638,45.95369504209542,fewa(0.0988),0.08975331062909261,0.27806381562817417,0.9475218658892128,0.04446572718566151,0.04476813037610803,0.04474852762388683,0.039973760108512196,1300,1180,0.14968020075919725,0.898021308980213,0.06876056173882641,0.2928093388226474,0.3032331938140399,0.17469523541210216,0.27806381562817417,0.12802674114181453,0.22344060659393644,0.13669285722871574,1372,1314,0.3521517638549549,1180,0.3521517638549549,10,14,34,5,0.9626865671641791,0.04517914054565195,True,True,True,True,exploit,1069,0.04937708210921214,0.09875416421842428,False,exploit,fewa(0.0988),1.0,0.26004670689973375,56,60,0,0,disabled,1,56,11,56,11,10690,live,True,0,True,11,1 56 absent additional and directly diversification earlier entities expansion fallback focused for from named novel only perform poet relationship relationships retrieve round supported the turn turns,similarity_exhausted,0,,0.8695652173913043,11,11,diversified_fallback,0.08975331062909261,0.08975331062909261,False,56
ABD-EL-KADER,True,True,7,True,True,,1106,13,False,topology_pl_fewa,globally_unpulled_topology_prior,ABD-EL-KADER,30,43,0.726027397260274,18.914556962025316,21.336528887312014,5.387432188065099,0.33290396096014263,0.36608165856680974,0.6304852320675105,0.7112176295770671,0.12528912065267672,25,28,24.413178984861975,24.71703568786381,0.07576167292170516,5.419412288512912,0.4086656338818478,0.412828054470914,24.301989150090414,fewa(0.0968),0.04746482255877034,0.27958740499457113,0.9484609878310666,0.04532083732384731,0.0456447450528063,0.045646195584106285,0.04086971088395002,1325,1207,0.15173724298626748,0.8994038748137109,0.07033389662607074,0.2944570256099952,0.3049609694184143,0.17691364520403022,0.27958740499457113,0.13001918974077975,0.22536473724192405,0.1380643934722248,1397,1342,0.3621727037804271,1207,0.3621727037804271,10,14,34,5,0.9633699633699634,0.046054705284908765,True,True,True,True,exploit,1106,0.0483895404670279,0.0967790809340558,False,exploit,fewa(0.0968),1.0,0.31598346049466036,30,43,0,0,disabled,1,30,16,30,16,21260,live,True,0,True,1,abd against algeria alongside captured colonial conquest directly during el figures fought french kader leaders military negotiated of officers or political specific the were which with,none,0,,0.15,0,0,fixed_anchor_dynamic,0.04746482255877034,0.04746482255877034,False,57
MADAME PALMER,True,True,7,True,True,,1123,13,False,topology_pl_fewa,globally_unpulled_topology_prior,MADAME PALMER,10,12,0.2727272727272727,3.83659839715049,4.597523132050726,0.0,0.17439083623411317,0.2089783241841239,0.38365983971504897,0.4597523132050726,0.0,5,1,4.444790739091719,4.839924781683713,0.02764510645187404,0.0,0.2020359426859872,0.21999658098562333,3.83659839715049,fewa(0.0948),0.00749335624443455,0.27958740499457113,0.948644793152639,0.04549185935148447,0.04581765360260123,0.04581462327827382,0.04108472905872074,1330,1207,0.15173724298626748,0.8987341772151899,0.07033389662607074,0.2944570256099952,0.3049609694184143,0.17691364520403022,0.27958740499457113,0.13001918974077975,0.22536473724192405,0.1380643934722248,1402,1343,0.3621206997540227,1207,0.3621206997540227,10,14,34,5,0.9634769905040176,0.04619479564318986,True,True,True,True,exploit,1123,0.04742174965768734,0.09484349931537468,False,exploit,fewa(0.0948),1.0,0.34315599596272184,10,12,0,0,disabled,1,10,12,10,12,8595,live,True,0,True,1,and are connected directly distinct do groups her hold individuals madame or organizations palmer relationships roles specific they to what which with,none,0,,0.8333333333333334,0,0,fixed_anchor_dynamic,0.00749335624443455,0.00749335624443455,False,58
WOODCHUCK,True,True,30,True,True,,1123,14,True,topology_pl_fewa,globally_unpulled_topology_prior,WOODCHUCK,30,32,0.6290322580645161,22.480854853072127,23.55687106552938,4.144256455921639,0.42943727917731883,0.44679237937824223,0.7493618284357376,0.785229035517646,0.1295080142475512,25,14,24.680897887323944,24.853561343855386,0.03536565130882385,4.136883802816902,0.4648029304861427,0.46758782494632717,26.625111308993766,fewa(0.0929),0.05200217052537845,0.28135616966130783,0.948843728100911,0.04631276508414284,0.04665744314662873,0.0466638730422717,0.041469100341796905,1354,1220,0.15313852481759846,0.899042004421518,0.07109142823844765,0.295816492008208,0.3060095235562145,0.17767524345430757,0.28135616966130783,0.13147665484079368,0.22657218596322806,0.13879948696846106,1427,1357,0.36028313090703556,1220,0.36028313090703556,10,14,34,5,0.9634146341463414,0.04703533779287641,True,True,True,True,exploit,1123,0.04647331466453359,0.09294662932906718,False,exploit,fewa(0.0929),1.0,0.3084510985200968,30,32,0,0,disabled,1,30,27,30,27,19315,live,True,0,True,1,and are as beyond by characters connected cupboard defined directly entities fire fireplace games in interact its known links locations named objects or other role specific story such that the through to which with woodchuck,none,0,,0.34146341463414637,0,0,fixed_anchor_dynamic,0.05200217052537845,0.05200217052537845,False,59
JAKE POOLE,True,True,6,True,True,,1136,14,False,topology_pl_fewa,globally_unpulled_topology_prior,JAKE POOLE,6,7,0.38461538461538464,3.3943661971830985,3.6268062822356675,0.3182218309859155,0.2855836944745395,0.30346370101704484,0.5657276995305164,0.6044677137059445,0.0454602615694165,4,1,3.743623570800352,3.9141319910981776,0.026844422702918036,0.3179419525065963,0.31242811717745755,0.3255441495080595,3.712588028169014,fewa(0.0911),0.0072511484925176055,0.28139119470421353,0.9489867225716282,0.046449582706252567,0.04679509807672772,0.04680243473313684,0.04153511784065344,1358,1221,0.15318519249014242,0.8991163475699558,0.07114969990093817,0.29584543157163556,0.30603255885795416,0.17771693444097236,0.28139119470421353,0.13154562519994073,0.2266128853377371,0.138838562610142,1431,1358,0.36238911309563404,1221,0.36238911309563404,10,14,34,5,0.9635193133047211,0.047175428151157495,True,True,True,True,exploit,1136,0.04554384837124292,0.09108769674248585,False,exploit,fewa(0.0911),,0.3314662286136696,6,7,0,0,disabled,1,6,6,6,6,3748,live,True,0,True,1,and are beyond connected directly driver entities experiences his history jake known links montagu named or personal poole profession specific the through to trixit wartime which,none,0,,0.32608695652173914,0,0,fixed_anchor_dynamic,0.0072511484925176055,0.0072511484925176055,False,60
COMMUNITY MEMBERS,False,True,0,True,False,,1137,14,False,topology_pl_fewa,globally_unpulled_topology_prior,COMMUNITY MEMBERS,29,38,0.6567164179104478,5.800791556728232,6.180672069023932,3.8153034300791555,0.14352380577324458,0.14919366416571772,0.2000272950595942,0.21312662306979074,0.1004027218441883,21,23,18.43238587424634,19.32673836226307,0.2636714839281194,8.849698535745048,0.407195289701364,0.4205438342986287,9.616094986807386,fewa(0.0893),0.0,0.28457847360863014,0.949724517906336,0.04716787522232863,0.047502908068522365,0.04749745368581837,0.04200982871295462,1379,1244,0.15586308185719483,0.9007965242577842,0.07248994813822038,0.2992695089279112,0.3096211910916788,0.18097125580583096,0.28457847360863014,0.13397632447972163,0.2299475720058301,0.14207940648952413,1452,1381,0.36042708354229075,1244,0.36042708354229075,10,14,34,5,0.9640591966173362,0.047910902532133225,True,True,True,True,exploit,1137,0.04463297140381806,0.08926594280763613,False,exploit,fewa(0.0893),,0.3236936628624908,29,38,0,0,disabled,1,29,38,29,38,15110,live,True,0,True,1,affiliations and are community connected define directly distinct entities interactions members named or relationships roles specific those to what which,none,0,,0.42857142857142855,0,0,fixed_anchor_dynamic,0.018781435521108177,0.018781435521108177,True,61
TRELOWARREN,True,True,5,True,True,,1161,15,True,topology_pl_fewa,globally_unpulled_topology_prior,TRELOWARREN,5,6,0.0,0,0,0,0.0,0.0,0.0,0.0,0.0,0,0,0,0,0.0,0,0.0,0.0,0,fewa(0.0875),0.0,0.28457847360863014,0.949724517906336,0.04716787522232863,0.047502908068522365,0.04749745368581837,0.04200982871295462,1379,1244,0.15586308185719483,0.9007965242577842,0.07248994813822038,0.2992695089279112,0.3096211910916788,0.18097125580583096,0.28457847360863014,0.13397632447972163,0.2299475720058301,0.14207940648952413,1452,1381,0.36042708354229075,1244,0.36042708354229075,10,14,34,5,0.9640591966173362,0.047910902532133225,False,False,False,False,exploit,1161,0.0437403119757417,0.0874806239514834,False,exploit,fewa(0.0875),,0.27316791532387175,5,6,0,0,disabled,1,5,6,5,6,6160,live,True,0,True,1,and are beyond charles connected cornwall cultural directly down entities events goonhilly historical its known links location named or osmunda physical regalis significance specific the through to trelowarren vyvyan which,none,0,,0.36585365853658536,0,0,fixed_anchor_dynamic,0.0,0.0,False,62
STAFF,True,True,5,True,True,,1161,15,False,topology_pl_fewa,globally_unpulled_topology_prior,STAFF,27,35,0.5483870967741935,10.689491817398794,11.486372717688946,2.6619293712316967,0.21534550304242728,0.22819842078904262,0.3959071043481035,0.42542121176625725,0.0760551248923342,18,16,15.313933729821581,16.459280791783033,0.15264172528547038,7.501274426508071,0.36798722832789765,0.38646056803695333,13.351421188630491,fewa(0.0857),0.026076994509043928,0.2869076389618577,0.9503401360544218,0.04778355452182241,0.04811465799431603,0.0481000972259428,0.042757006649843395,1397,1260,0.1577367551726555,0.901932712956335,0.07342229473806888,0.3016199408716684,0.31194221878777606,0.18263782302209777,0.2869076389618577,0.13572187918434883,0.23199154034933414,0.14338200750554894,1470,1397,0.3533117117903976,1260,0.3533117117903976,10,14,34,5,0.964509394572025,0.04854130914439814,True,True,True,True,exploit,1161,0.04286550573622686,0.08573101147245372,False,exploit,fewa(0.0857),,0.20658712313184324,27,35,0,0,disabled,1,27,35,27,35,12041,live,True,0,True,1,affiliations are connected directly duties entities institutional interactions named or personal professional specific staff their through to which,none,0,,0.4074074074074074,0,0,fixed_anchor_dynamic,0.026076994509043928,0.026076994509043928,False,63
TREGEAGLE,True,True,6,True,True,,1177,15,False,topology_pl_fewa,fewa_filtered_least_pulled,TREGEAGLE,33,37,0.1,1.3823279524214103,1.8991033898806708,0.31945624468988953,0.02431120281587571,0.03169370906529372,0.04188872583095182,0.05754858757214154,0.008633952559186203,3,4,2.7045840407470285,2.8931269655051146,0.018879435069159456,0.3187606112054329,0.04319063788503517,0.04588410823872211,1.7017841971112997,fewa(0.0840),0.003323797259983007,0.2870302266120276,0.9504412763068567,0.047886167738404706,0.048215149507977846,0.048195898339763225,0.04277415846263219,1400,1264,0.1579356198269323,0.9022127052105638,0.073655381388031,0.3017631844024782,0.3121034658999538,0.18292965992875146,0.2870302266120276,0.13594499061656312,0.23219299197527196,0.1436320360860059,1473,1401,0.35565626288909435,1264,0.35565626288909435,10,14,34,5,0.9645833333333333,0.048646376913108955,True,True,True,True,exploit,1177,0.04200819562150233,0.08401639124300465,False,exploit,fewa(0.0840),,0.21477805649350606,33,37,0,0,disabled,1,33,37,33,37,40629,live,True,0,True,1,and are associations connected cornish devil directly donkey dozmare entities excluding folklore geographical grey historical its known land links local named neots or pool setting specific st the through to tregeagle which,none,0,,0.34782608695652173,0,0,fixed_anchor_dynamic,0.003323797259983007,0.003323797259983007,False,64
CORNISH COWS,True,True,5,True,True,,1178,16,True,topology_pl_fewa,globally_unpulled_topology_prior,CORNISH COWS,40,42,0.4024390243902439,8.325127334465195,9.135964491916026,2.2313242784380303,0.12873721479150277,0.13862547280919582,0.2081281833616299,0.22839911229790064,0.05312676853423882,18,15,15.43174204355109,16.647143801082464,0.14737403250187472,7.209380234505863,0.2761112472933775,0.29093321994619914,10.556451612903226,fewa(0.0823),0.020618069556451613,0.2883261531995377,0.9503688799463448,0.04846764263237105,0.048788771481962145,0.04875949259820908,0.043118233590498094,1417,1279,0.1594928418440674,0.9032485875706214,0.07452945632538896,0.3031870563317198,0.3136215620885432,0.1849752220114754,0.2883261531995377,0.1374317541008489,0.23390357248728819,0.14471740224271673,1491,1416,0.355382548474866,1279,0.355382548474866,10,14,34,5,0.9643347050754458,0.04924176093580359,True,True,True,True,exploit,1178,0.041168031709072274,0.08233606341814455,False,exploit,fewa(0.0823),,0.13375284122121742,40,42,0,0,disabled,1,40,40,40,40,67267,live,True,0,True,1,agricultural are breeding connected cornish cows directly entities genetic history lineage named or practices specific their through to which,none,0,,0.4230769230769231,0,0,fixed_anchor_dynamic,0.020618069556451613,0.020618069556451613,False,65
DR. EARLE,True,True,16,True,True,,1194,16,False,topology_pl_fewa,globally_unpulled_topology_prior,DR. EARLE,16,16,0.71875,10.70644891122278,11.81490068292327,2.8530150753768844,0.42373324958123953,0.4583723674468798,0.6691530569514238,0.7384312926827044,0.17831344221105527,14,9,13.79925187032419,13.89475189830909,0.09668445615442128,2.8541147132169575,0.5204177057356608,0.523402081610189,13.559463986599665,fewa(0.0807),0.02648332809882747,0.2888165038002172,0.9508305647840531,0.0489465043097551,0.04927484601815324,0.04924974343510976,0.04343437098978163,1431,1288,0.16013071664829026,0.903859649122807,0.07505390128780375,0.3036424132609855,0.31403400368159645,0.18550832944599888,0.2888165038002172,0.13821191881554853,0.2344446201426147,0.14517248658975304,1505,1425,0.35858976001197646,1288,0.35858976001197646,10,14,34,5,0.9646739130434783,0.049732077189787414,True,True,True,True,exploit,1194,0.040344671074890835,0.08068934214978167,False,exploit,fewa(0.0807),,0.10238354528461006,16,16,0,0,disabled,1,16,16,16,16,14720,live,True,0,True,1,academic are cited collaborations connected databases directly dr earle entities his in named or publications research scholarly specific through to which works,none,0,,0.3333333333333333,0,0,fixed_anchor_dynamic,0.02648332809882747,0.02648332809882747,False,66
CASTALIAN STREAM,True,True,2,True,True,,1203,16,False,topology_pl_fewa,globally_unpulled_topology_prior,CASTALIAN STREAM,2,3,0.2,0.3171238570241064,0.5336801733543669,0,0.06342477140482128,0.10673603467087338,0.1585619285120532,0.26684008667718345,0.0,1,0,0.6496259351620948,0.8772380146889633,0.06650041562759768,0,0.12992518703241895,0.17544760293779266,0.3171238570241064,fewa(0.0791),0.0006193825332502078,0.2888165038002172,0.950863213811421,0.048980708715282525,0.04930969452762251,0.04928554979575081,0.04345233454636504,1432,1288,0.16013071664829026,0.903859649122807,0.07505390128780375,0.3036424132609855,0.31403400368159645,0.18550832944599888,0.2888165038002172,0.13821191881554853,0.2344446201426147,0.14517248658975304,1506,1425,0.3588673620032908,1288,0.3588673620032908,10,14,34,5,0.9646978954514596,0.049767099779357685,True,True,True,True,exploit,1203,0.039537777653393016,0.07907555530678603,False,exploit,fewa(0.0791),,0.15842543404620907,2,3,0,0,disabled,1,2,3,2,3,2278,live,True,0,True,1,are associations castalian classical connected directly entities in its literary modern mythological named or origins references specific stream symbolic texts through to which,none,0,,0.3235294117647059,0,0,fixed_anchor_dynamic,0.0006193825332502078,0.0006193825332502078,False,67
FIRE,True,True,21,True,True,,1203,17,True,topology_pl_fewa,globally_unpulled_topology_prior,FIRE,53,68,0.49586776859504134,11.960931005818788,14.142238094152262,3.1799667497921864,0.12513138641000804,0.14315871771854916,0.22567794350601486,0.2668346810217408,0.046764216908708627,30,30,26.292514239218878,27.621206985244708,0.17412084445698722,9.91700569568755,0.29925223086699526,0.31023316265233275,15.140897755610974,fewa(0.0775),0.029572065928927683,0.2909705439389163,0.951171875,0.04997263647557806,0.05028075484809103,0.050229763882847854,0.04392808875285159,1461,1317,0.1626278231873088,0.9051546391752577,0.07674377950002914,0.30592107840494087,0.316393992283209,0.1884649772803083,0.2909705439389163,0.14074091731345628,0.2370773904555222,0.14738909216352916,1536,1455,0.3635744660451815,1317,0.3635744660451815,10,14,34,5,0.9647371922821024,0.0507827548768956,True,True,True,True,exploit,1203,0.03874702210032515,0.0774940442006503,False,exploit,fewa(0.0775),,0.17111038832717332,53,68,0,0,disabled,1,53,67,53,67,50992,live,True,0,True,1,alchemical ancient are connected directly elemental entities fire greek in its mythological named narratives or philosophy role specific symbolism through to which,none,0,,0.40625,0,0,fixed_anchor_dynamic,0.029572065928927683,0.029572065928927683,False,68
INFANT GIRL,False,True,0,True,False,,1229,17,False,topology_pl_fewa,globally_unpulled_topology_prior,INFANT GIRL,0,1,1.0,0,0,0.0,0.0,0.0,0.0,0.0,0.0,0,1,0,0,0.0,0.0,0.0,0.0,0.0,fewa(0.0759),0.0,0.2909705439389163,0.951171875,0.04997263647557806,0.05028075484809103,0.050229763882847854,0.04392808875285159,1461,1317,0.1626278231873088,0.904532967032967,0.07674377950002914,0.30592107840494087,0.316393992283209,0.1884649772803083,0.2909705439389163,0.14074091731345628,0.2370773904555222,0.14738909216352916,1536,1456,0.3635744660451815,1317,0.3635744660451815,10,14,34,5,0.9647371922821024,0.0507827548768956,True,False,False,False,exploit,1229,0.03797208165831865,0.0759441633166373,False,exploit,fewa(0.0759),,0.15306756500068947,0,1,0,0,disabled,1,0,1,0,1,957,live,True,0,True,1,adopted and are biblical connected directly egyptian entities exodus girl her in including infant mother named narrative of princess role sister specific the through to which who,none,0,,0.2894736842105263,0,0,fixed_anchor_dynamic,0.0,0.0,True,69
SPIRIT HOSS,True,True,1,True,True,,1229,17,False,topology_pl_fewa,globally_unpulled_topology_prior,SPIRIT HOSS,1,2,0.0,0,0,0,0.0,0.0,0.0,0.0,0.0,0,0,0,0,0.0,0,0.0,0.0,0,fewa(0.0744),0.0,0.2909705439389163,0.951171875,0.04997263647557806,0.05028075484809103,0.050229763882847854,0.04392808875285159,1461,1317,0.1626278231873088,0.904532967032967,0.07674377950002914,0.30592107840494087,0.316393992283209,0.1884649772803083,0.2909705439389163,0.14074091731345628,0.2370773904555222,0.14738909216352916,1536,1456,0.3635744660451815,1317,0.3635744660451815,10,14,34,5,0.9647371922821024,0.0507827548768956,False,False,False,False,exploit,1229,0.037212640025152274,0.07442528005030455,False,exploit,fewa(0.0744),,0.14820532443751433,1,2,0,0,disabled,1,1,1,1,1,649,live,True,0,True,1,a adaptations appearances are as associations author character characters concepts connected directly entities fictional hoss in its literary media named narratives of or other particular role settings specific spirit the those through to which with within works,none,0,,0.3333333333333333,0,0,fixed_anchor_dynamic,0.0,0.0,False,70
DUKE OF CORNWALL,True,True,5,True,True,,1229,18,True,topology_pl_fewa,globally_unpulled_topology_prior,DUKE OF CORNWALL,5,6,0.0,0,0,0,0.0,0.0,0.0,0.0,0.0,0,0,0,0,0.0,0,0.0,0.0,0,fewa(0.0729),0.0,0.2909705439389163,0.951171875,0.04997263647557806,0.05028075484809103,0.050229763882847854,0.04392808875285159,1461,1317,0.1626278231873088,0.904532967032967,0.07674377950002914,0.30592107840494087,0.316393992283209,0.1884649772803083,0.2909705439389163,0.14074091731345628,0.2370773904555222,0.14738909216352916,1536,1456,0.3635744660451815,1317,0.3635744660451815,10,14,34,5,0.9647371922821024,0.0507827548768956,False,False,False,False,exploit,1229,0.03646838722464923,0.07293677444929846,False,exploit,fewa(0.0729),,0.12245788147921377,5,6,0,0,disabled,1,5,1,5,1,2242,live,True,0,True,1,a and are as blinding character connected cornwall directly duke earl entities gloucester his in interactions king lear named of particularly play role s scene shakespeare specific the through to which william with,none,0,,0.32075471698113206,0,0,fixed_anchor_dynamic,0.0,0.0,False,71
,,,0,False,,,1229,,,topology_pl_fewa,mode_explore,,62,61,0.8780487804878049,0.0,0.0,0.0,0.0,0.0,0.0,0.0,0.0,55,53,53.217032967032964,54.05157444876272,0.5944467843422547,19.899921507064363,0.5944467843422547,0.6012316744376186,0.0,epsilon_sample(0.0715),,0.3005323806521663,0.9528598365807668,0.05185387877958681,0.05220484346183116,0.05217746996902327,0.04478145100450129,1516,1370,0.16924066575074864,0.9078860172299537,0.07983217761202727,0.3149861684862773,0.32499627654416957,0.1938334752482458,0.3005323806521663,0.14684407489486181,0.24436184448990989,0.15471745450120608,1591,1509,0.3632041829469289,1370,0.3632041829469289,10,14,34,5,0.9659601798330122,0.05267397471369033,True,True,True,False,explore,1229,0.035739019480156245,0.07147803896031249,False,explore,epsilon_sample(0.0715),,0.037711231562965866,62,61,0,0,disabled,1,62,61,62,61,34223,live,,0,False,1,and are associated battles each events key locations of or significant the them what with,none,0,,0.4583333333333333,0,0,agea_dynamic,0.0,0.0,False,72
,,,0,False,,,1274,,,topology_pl_fewa,mode_explore,,58,67,0.008,0.9768445839874411,0.9842146948140444,0,0.007814756671899528,0.007873717558512355,0.016842147999783466,0.016969218876104215,0.0,1,0,0.978414442700157,0.9945104234182502,1.2558869701728356e-05,0,0.007827315541601257,0.007956083387346002,0.9768445839874411,recent_htsn_below_threshold(0.0350),,0.3005323806521663,0.9528894472361809,0.051888083185114245,0.05224009697545266,0.05221403600997781,0.04491983024340394,1517,1370,0.16924066575074864,0.9078860172299537,0.07983217761202727,0.3149861684862773,0.32499627654416957,0.1938334752482458,0.3005323806521663,0.14684407489486181,0.24436184448990989,0.15471745450120608,1592,1509,0.3615642038658535,1370,0.3615642038658535,10,14,34,5,0.9659820282413351,0.052708997303260605,True,True,True,True,explore,1274,0.03502423909055312,0.07004847818110624,False,explore,recent_htsn_below_threshold(0.0350),,0.02502627728200161,58,67,0,0,disabled,1,58,14,58,14,17703,live,,0,False,1,and are by characters in journeys modes of or routes story taken the transportation various what,none,0,,0.5416666666666666,0,0,agea_dynamic,0.001907899578100471,0.001907899578100471,False,73
,,,0,False,,,1274,,,topology_pl_fewa,mode_explore,,41,46,0.14942528735632185,7.328885400313972,8.236633558748943,0.0,0.0842400620725744,0.09467394895113727,0.17875330244668225,0.20089350143290105,0.0,9,4,8.57764705882353,8.870138869665514,0.014353582281719054,0.0,0.09859364435429345,0.10195561919155763,7.328885400313972,recent_htsn_below_threshold(0.0343),,0.3006549683023362,0.9531542785758901,0.05219592283486113,0.052556994823449645,0.052537338530163555,0.04545473812273374,1526,1374,0.16940233746223857,0.9081295439524124,0.0800652642619894,0.31509147835468176,0.3250884177511283,0.19400023919490506,0.3006549683023362,0.14705402734816142,0.24450994782202856,0.15494123632976375,1601,1513,0.36639028877534474,1374,0.36639028877534474,10,14,34,5,0.9661774090619017,0.05302420060939306,True,True,True,True,explore,1274,0.03432375430874205,0.0686475086174841,False,explore,recent_htsn_below_threshold(0.0343),1.0,0.0015629513343799056,41,46,0,0,disabled,1,41,13,41,13,23553,live,,0,False,1,and another are classes depicted do family how in interact novel occupations one social structures the they various what with,none,0,,0.6666666666666666,0,0,agea_dynamic,0.014314229297488226,0.014314229297488226,False,74
,,,0,False,,,1275,,,topology_pl_fewa,mode_explore,,29,38,0.7313432835820896,18.731764705882355,19.265297962322183,2.3694117647058826,0.3149429323968394,0.3229061153287771,0.645922920892495,0.6643206193904201,0.06235294117647059,25,24,21.9364896073903,23.150817292392265,0.1525636455678407,9.386451116243265,0.4675065779646801,0.4856308717706795,21.10117647058824,recent_htsn_below_threshold(0.0336),,0.3100066547581521,0.9532595325953259,0.0530168285675195,0.05338112142403722,0.05334731910502371,0.046060358360508875,1550,1397,0.17290604766101722,0.9089134677944047,0.08140551249927161,0.3234328853913633,0.3332448618987544,0.19749732148398996,0.3100066547581521,0.14982876170150314,0.2502853418001015,0.16064964688451408,1626,1537,0.36269050535966685,1397,0.36269050535966685,10,15,35,5,0.9660804020100503,0.053864742759079605,True,True,True,True,explore,1275,0.033637279222567214,0.06727455844513443,False,explore,recent_htsn_below_threshold(0.0336),1.0,0.018410963748894785,29,38,0,0,disabled,1,29,9,29,9,8073,live,,0,False,1,and are as between characters communication convey forms information key letters messages of or secrets such telegrams the they various verbal what,none,0,,0.3,0,0,agea_dynamic,0.041213235294117655,0.041213235294117655,False,75
THE MERCHANT,True,True,3,True,True,,1299,18,False,topology_pl_fewa,globally_unpulled_topology_prior,THE MERCHANT,16,22,0.5526315789473685,4.081216320246344,4.5620071933108965,1.5916089299461125,0.14928487500506465,0.16193726640150025,0.2550760200153965,0.28512544958193103,0.07234586045209603,10,11,7.6651411136537,8.451781440966858,0.18126833869279557,4.895881006864989,0.3305532136978602,0.35125427494294337,5.6728252501924565,fewa(0.0659),0.011079736816782142,0.3105145178802844,0.9535452322738386,0.05335887262279382,0.05369624908267521,0.053645770654352574,0.04638084642783896,1560,1408,0.1736815515261166,0.9095607235142119,0.08204650078666745,0.32394949146303886,0.3337593169709405,0.19824855335798827,0.3105145178802844,0.15075084713136178,0.2509325014877392,0.16126193554200174,1636,1548,0.3614046750069213,1408,0.3614046750069213,10,15,35,5,0.9662921348314607,0.054214968654782335,True,True,True,True,exploit,1299,0.03296453363811587,0.06592906727623174,False,exploit,fewa(0.0659),1.0,0.08139955022826266,16,22,0,0,disabled,1,16,22,16,22,9527,live,True,0,True,1,alliances beyond business characters conflicts connection dealings direct does elders entities have his in merchant or other personal regarding relationships specifically story the to what with,none,0,,0.40540540540540543,0,0,fixed_anchor_dynamic,0.011079736816782142,0.011079736816782142,False,76
WIGHT,True,True,8,True,True,,1311,18,False,topology_pl_fewa,globally_unpulled_topology_prior,WIGHT,32,43,0.32,7.520594965675057,8.309238672245234,0.6361556064073226,0.10875667429443174,0.11927192371536743,0.23501859267734554,0.25966370850766357,0.01479431642807727,10,14,9.191546077684691,9.820172230475142,0.03359925360605061,1.4851485148514851,0.14235592790048235,0.15073760993768837,8.15675057208238,fewa(0.0646),0.0159311534610984,0.31135511891002066,0.9532199270959902,0.053666712272540704,0.05400833286996733,0.053953595402136,0.0466364614376139,1569,1418,0.17460828700874728,0.9078104993597952,0.08262921741157275,0.3247537909662164,0.3345091837934545,0.19895343748868816,0.31135511891002066,0.1517756688968322,0.2517341583560744,0.16200888800352362,1646,1562,0.3611714097480452,1418,0.3611714097480452,10,15,35,5,0.9658808933002482,0.05453017196091479,True,True,True,True,exploit,1311,0.03230524296535355,0.0646104859307071,False,exploit,fewa(0.0646),1.0,0.11125652522927561,32,43,0,0,disabled,1,32,28,32,28,23302,live,True,0,True,1,beyond characters connection direct does entities have his in or other relationships story the to what wight will with,none,0,,0.6071428571428571,0,0,fixed_anchor_dynamic,0.0159311534610984,0.0159311534610984,False,77
EIN EIGNES KAPITEL,True,True,4,True,True,,1313,19,True,topology_pl_fewa,globally_unpulled_topology_prior,EIN EIGNES KAPITEL,4,5,0.0,0,0,0,0.0,0.0,0.0,0.0,0.0,0,0,0,0,0.0,0,0.0,0.0,0,fewa(0.0633),0.0,0.31135511891002066,0.9532199270959902,0.053666712272540704,0.05400833286996733,0.053953595402136,0.0466364614376139,1569,1418,0.17460828700874728,0.9078104993597952,0.08262921741157275,0.3247537909662164,0.3345091837934545,0.19895343748868816,0.31135511891002066,0.1517756688968322,0.2517341583560744,0.16200888800352362,1646,1562,0.3611714097480452,1418,0.3611714097480452,10,15,35,5,0.9658808933002482,0.05453017196091479,False,False,False,False,exploit,1313,0.03165913810604648,0.06331827621209296,False,exploit,fewa(0.0633),1.0,0.13300786008816196,4,5,0,0,disabled,1,4,1,4,1,1164,live,True,0,True,1,and author beyond characters connection direct does eignes ein elements have in its kapitel narrative objects or other relationships reviewer story the to unnamed what with youthful,none,0,,0.4838709677419355,0,0,fixed_anchor_dynamic,0.0,0.0,False,78
ISIS,True,True,10,True,True,,1313,19,False,topology_pl_fewa,globally_unpulled_topology_prior,ISIS,10,28,0.47368421052631576,8.221249047981722,8.694349492363262,0.0,0.21634865915741375,0.2287986708516648,0.8221249047981722,0.8694349492363262,0.0,9,9,8.705635948210206,8.947592155079354,0.012747023690223264,0.0,0.229095682847637,0.2354629514494567,8.221249047981722,fewa(0.0621),0.0160571270468393,0.31256348289026653,0.9534743202416919,0.05397455192228759,0.0543257055518158,0.054281119003161425,0.04710222469491996,1578,1427,0.1753950053750507,0.9083386378103119,0.08315366237398752,0.3257177120247774,0.33526723056219815,0.1994287187268091,0.31256348289026653,0.15258743588372853,0.25245940518219184,0.16244021420508248,1655,1571,0.36518329430095164,1427,0.36518329430095164,10,15,35,5,0.9660493827160493,0.05481035267747697,True,True,True,True,exploit,1313,0.03102595534392555,0.0620519106878511,False,exploit,fewa(0.0621),1.0,0.13144490875378204,10,28,0,0,disabled,1,10,28,10,28,28811,live,True,0,True,1,and apis beyond chaacmol characters connections direct does elements galli have her in isis known narrative naso objects or other relationships serapis serpent story the to what with,none,0,,0.4864864864864865,0,0,fixed_anchor_dynamic,0.0160571270468393,0.0160571270468393,False,79
EPISTLE OF MEDEA TO JASON,True,True,2,True,True,,1313,19,False,topology_pl_fewa,globally_unpulled_topology_prior,EPISTLE OF MEDEA TO JASON,35,33,0.5735294117647058,10.293983244478294,12.538237781537834,2.0057121096725057,0.1808778728551588,0.21388161604721087,0.29411380698509415,0.3582353651867953,0.06077915483856078,25,14,22.695553880934437,23.74811335380359,0.23903214088658506,5.858327053504144,0.41991001374174386,0.43538882951923136,12.2996953541508,fewa(0.0608),0.02402284248857578,0.31459493537879585,0.9535714285714286,0.05479545765494596,0.0551505164222079,0.055103248751155534,0.047950450930192,1602,1441,0.17699531953631026,0.9091482649842272,0.08396946564885496,0.32784379596195756,0.33742643016918694,0.20143077973786375,0.31459493537879585,0.15401591344149226,0.25443871897871806,0.16410203251414743,1680,1585,0.3659624560448462,1441,0.3659624560448462,10,15,35,5,0.9658952496954933,0.0555458270584527,True,True,True,True,exploit,1313,0.030405436237047036,0.06081087247409407,False,exploit,fewa(0.0608),1.0,0.1578666281707499,35,33,0,0,disabled,1,35,32,35,32,27579,live,True,0,True,1,and author beyond characters direct does elements epistle have in its jason medea narrative objects of or other relationships story the title to what with,none,0,,0.625,0,0,fixed_anchor_dynamic,0.02402284248857578,0.02402284248857578,False,80
MYSELF,True,True,36,True,True,,1327,20,True,topology_pl_fewa,globally_unpulled_topology_prior,MYSELF,80,84,0.47560975609756095,39.97362471740769,41.51671972578111,2.933308214016579,0.2616276398257577,0.2710367557304737,0.4996703089675961,0.5189589965722639,0.03492033588114975,53,25,50.32211538461538,51.378566106316306,0.10620141198547045,10.001849112426035,0.36782905181122816,0.3742708245045265,42.906932931424265,fewa(0.0596),0.08380260338168802,0.3169766382963819,0.9544143104443162,0.056574086742372416,0.0569458851161452,0.056913395581766696,0.049180779750821246,1654,1466,0.17903377136991494,0.9105590062111801,0.08542625721111824,0.3303991423453887,0.3400972355498496,0.2039132869254236,0.3169766382963819,0.15598000227719208,0.2569226042893484,0.165916032969542,1733,1610,0.3681316227821765,1466,0.3681316227821765,10,15,35,5,0.9663716814159292,0.05736700171610689,True,True,True,True,exploit,1327,0.029797327512306095,0.05959465502461219,False,exploit,fewa(0.0596),1.0,0.1310536162624138,80,84,0,0,disabled,1,80,16,80,16,22424,live,True,0,True,1,and beyond characters city connections direct does elements guests have in its myself narrative objects or other phoebus relationships story the to what with youths,none,0,,0.6129032258064516,0,0,fixed_anchor_dynamic,0.08380260338168802,0.08380260338168802,False,81
HEARTH-STONE,True,True,11,True,True,,1352,20,False,topology_pl_fewa,globally_unpulled_topology_prior,HEARTH-STONE,95,78,0.5375722543352601,42.09208579881657,43.468969103410245,2.453032544378698,0.2574862331976605,0.2654450962299939,0.4430745873559639,0.457568095825371,0.03144913518434228,56,37,52.93263688760807,54.83136331171258,0.13152944203680172,14.36707492795389,0.38901567523446223,0.39999097248362125,44.54511834319527,fewa(0.0584),0.08700218426405326,0.3200763545935344,0.9508105086640581,0.05818169380216172,0.0585727013233667,0.058551701868681624,0.050519659889380834,1701,1502,0.18209771132110597,0.9119611414693382,0.08752403706077734,0.3336220795000078,0.3433630364968615,0.20730150140526737,0.3200763545935344,0.15879289705989222,0.26021421407159495,0.16880058885602467,1789,1647,0.3699288845504118,1502,0.3699288845504118,10,15,35,5,0.9674285714285714,0.0592932441424719,True,True,True,True,exploit,1352,0.029201380962059972,0.058402761924119945,False,exploit,fewa(0.0584),1.0,0.1535221692265524,95,78,0,0,disabled,1,95,78,95,78,63566,live,True,0,True,1,beyond characters connection direct does elements fireplace have hearth in its narrative objects or other relationships stone story the to what with,none,0,,0.6333333333333333,0,0,fixed_anchor_dynamic,0.08700218426405326,0.08700218426405326,False,82
THE OLD EAGLE INN,True,True,1,True,True,,1388,20,False,topology_pl_fewa,globally_unpulled_topology_prior,THE OLD EAGLE INN,19,17,0.8333333333333334,8.410662824207494,11.376552001926767,3.853386167146974,0.3406680275376241,0.4230538380298261,0.4426664644319733,0.5987658948382508,0.22666977453805728,18,12,17.279285714285713,17.686128571428572,0.2774668930972965,4.973571428571429,0.6181349206349206,0.6294361111111111,12.264048991354468,fewa(0.0572),0.023953220686239195,0.3213372561381388,0.951300498063088,0.058797373101655497,0.05919198177147075,0.0591648124326744,0.05076289878613852,1719,1514,0.18336176910503668,0.9125979505726342,0.08822329701066371,0.33479273544478233,0.3444383716339706,0.2082288188215396,0.3213372561381388,0.16009241784328043,0.26134831634088107,0.16971343535650688,1807,1659,0.37064612529616975,1514,0.37064612529616975,10,15,35,5,0.9677601809954751,0.0599236507547368,True,True,True,True,exploit,1388,0.028617353342818775,0.05723470668563755,False,exploit,fewa(0.0572),1.0,0.18326808100719816,19,17,0,0,disabled,1,19,2,19,2,9005,live,True,0,True,1,beyond characters connection direct does eagle elements fight have in inn its narrative objects old or other relationships story the to what with,none,0,,0.7307692307692307,0,0,fixed_anchor_dynamic,0.023953220686239195,0.023953220686239195,False,83
GILLY,True,True,18,True,True,,1400,21,True,topology_pl_fewa,globally_unpulled_topology_prior,GILLY,18,17,0.7142857142857143,15.7325,16.283085841836733,2.4857142857142858,0.5205204081632653,0.5362514322157433,0.8740277777777777,0.9046158801020407,0.146218487394958,17,8,16.69424715909091,16.86758939884911,0.027561978200371096,2.4886363636363638,0.5480823863636364,0.5530350217852992,18.218214285714286,fewa(0.0561),0.035582449776785714,0.32200273195334667,0.9517543859649122,0.05937884799562183,0.05978769149689431,0.05976971645012265,0.05156865678901139,1736,1522,0.1841429868154285,0.9130173965206959,0.08868947031058796,0.3353976697368176,0.34497403380934566,0.20877391116749405,0.32200273195334667,0.160982145228184,0.2619852188317271,0.17014997077101424,1824,1667,0.37127882122366374,1522,0.37127882122366374,10,15,35,5,0.9680314077397645,0.0604489895982909,True,True,True,True,exploit,1400,0.0280450062759624,0.0560900125519248,False,exploit,fewa(0.0561),1.0,0.25140168651472294,18,17,0,0,disabled,1,18,16,18,16,15210,live,True,0,True,1,and belt beyond characters connections direct does elements forrester garden gilly have in its known mrs narrative objects or other relationships river story the to what with,none,0,,0.625,0,0,fixed_anchor_dynamic,0.035582449776785714,0.035582449776785714,False,84
AUNT WIGHT,True,True,4,True,True,,1408,21,False,topology_pl_fewa,globally_unpulled_topology_prior,AUNT WIGHT,48,45,0.5591397849462365,25.043323863636363,28.01226857082903,4.736860795454546,0.32021703934506357,0.3521411759815438,0.5217359138257576,0.5835889285589381,0.10526357323232324,37,15,35.110955056179776,36.26947170200259,0.11567081253363648,5.426615168539326,0.43588785187870005,0.448345020113354,29.78018465909091,fewa(0.0550),0.058164423162286934,0.3236313964484607,0.9527135948414831,0.060644411000136816,0.06106845596719087,0.06104142843477588,0.05252233088159477,1773,1537,0.1857440985013013,0.9137931034482759,0.08956354524794592,0.3369331356779829,0.3464056242988005,0.21010247131010462,0.3236313964484607,0.16259256898259472,0.26347141459287576,0.17156027686034442,1861,1682,0.3756334296653367,1537,0.3756334296653367,10,15,35,5,0.9686813186813187,0.06174482541239099,True,True,True,True,exploit,1408,0.02748410615044315,0.0549682123008863,False,exploit,fewa(0.0550),,0.31223603631589325,48,45,0,0,disabled,1,48,44,48,44,25320,live,True,0,True,1,aunt beyond characters connection direct does elements have her in narrative objects or other relationships story the to uncle what wight with,none,0,,0.6923076923076923,0,0,fixed_anchor_dynamic,0.058164423162286934,0.058164423162286934,False,85
HAWK,True,True,13,True,True,,1424,21,False,topology_pl_fewa,globally_unpulled_topology_prior,HAWK,26,28,0.6851851851851852,12.339887640449438,15.102910775154653,2.4831460674157304,0.2745006242197253,0.32566771930685895,0.4746110630942092,0.5808811836597944,0.08868378812199038,24,13,22.575208913649025,23.29802080019553,0.23117357365502966,4.731197771587744,0.505674197874755,0.5190596031811717,14.823033707865168,fewa(0.0539),0.028951237710674156,0.32531259850793315,0.9527851458885942,0.06143111232726775,0.061859057292637666,0.06181988227662573,0.052859830001327476,1796,1549,0.18703229784604705,0.9138643067846608,0.0902628051978323,0.3387474025853633,0.3483113343288037,0.21157825456821103,0.32531259850793315,0.16379691115795533,0.26510092157745346,0.17241775270464857,1885,1695,0.3770056074194296,1549,0.3770056074194296,10,15,35,5,0.9690721649484536,0.06255034497250726,True,True,True,True,exploit,1424,0.026934424027434286,0.05386884805486857,False,exploit,fewa(0.0539),,0.34010386961387423,26,28,0,0,disabled,1,26,28,26,28,16732,live,True,0,True,1,already any beyond characters connections direct does elements established have hawk in narrative objects or other relationships story the what with,none,0,,0.5925925925925926,0,0,fixed_anchor_dynamic,0.028951237710674156,0.028951237710674156,False,86
CHANTEL,True,True,5,True,True,,1436,22,True,topology_pl_fewa,globally_unpulled_topology_prior,CHANTEL,7,12,0.5789473684210527,6.250348189415042,6.641372904074301,0.6190807799442897,0.3615488931241753,0.3821291412641364,0.8929068842021488,0.9487675577249002,0.051590064995357475,7,4,6.70201668984701,6.874842952369715,0.023763309496423524,0.6189151599443672,0.38531220262059884,0.3944083217007412,6.869428969359332,fewa(0.0528),0.013416853455779944,0.3255577738082729,0.9513742071881607,0.06156792994937748,0.062000105018608,0.06196570376958455,0.05322331638743484,1800,1553,0.18732623423633277,0.9140670982931136,0.09049589184779441,0.3389188405790632,0.3484341892714153,0.21177837130420213,0.3255577738082729,0.16418784071218756,0.2653327590389588,0.1725995598831097,1892,1699,0.3778153275343518,1553,0.3778153275343518,10,15,35,5,0.9680908599242833,0.06269043533078836,True,True,True,True,exploit,1436,0.026395735546885603,0.052791471093771206,False,exploit,fewa(0.0528),,0.34267846649266775,7,12,0,0,disabled,1,7,12,7,12,8479,live,True,0,True,1,any beyond chantel characters connections direct does elements gilly have heywood in magistrate narrative objects or other relationships rudolph story the to what with,none,0,,0.6666666666666666,0,0,fixed_anchor_dynamic,0.013416853455779944,0.013416853455779944,False,87
NORTH AFRICA,False,True,0,True,False,,1438,22,False,topology_pl_fewa,globally_unpulled_topology_prior,NORTH AFRICA,0,1,0.0,0,0,0,0.0,0.0,0.0,0.0,0.0,0,0,0,0,0.0,0,0.0,0.0,0,fewa(0.0517),0.0,0.3255577738082729,0.9513742071881607,0.06156792994937748,0.062000105018608,0.06196570376958455,0.05322331638743484,1800,1553,0.18732623423633277,0.9140670982931136,0.09049589184779441,0.3389188405790632,0.3484341892714153,0.21177837130420213,0.3255577738082729,0.16418784071218756,0.2653327590389588,0.1725995598831097,1892,1699,0.3778153275343518,1553,0.3778153275343518,10,15,35,5,0.9680908599242833,0.06269043533078836,False,False,False,False,exploit,1438,0.025867820835947887,0.051735641671895774,False,exploit,fewa(0.0517),,0.36349099847797073,0,1,0,0,disabled,1,0,1,0,1,463,live,True,0,True,1,africa algeria are connected countries directly events excluding graph historical in its knowledge north or organizations relationship the to which with,none,0,,0.29411764705882354,0,0,fixed_anchor_dynamic,0.0,0.0,True,88
SULTAN,True,True,17,True,True,,1438,22,False,topology_pl_fewa,fewa_filtered_least_pulled,SULTAN,20,25,0.022222222222222223,0.9551460361613352,0.9551460361613352,0,0.021225467470251894,0.021225467470251894,0.04775730180806676,0.04775730180806676,0.0,1,0,0.9607366226546212,0.9728921713741252,0.0001242352554063561,0,0.02134970272565825,0.021619826030536117,0.9551460361613352,fewa(0.0507),0.0018655196018776078,0.3255577738082729,0.9513998943475964,0.061602134354904914,0.06203537081246721,0.06200228123430321,0.053381599520827855,1801,1553,0.18732623423633277,0.9140670982931136,0.09049589184779441,0.3389188405790632,0.3484341892714153,0.21177837130420213,0.3255577738082729,0.16418784071218756,0.2653327590389588,0.1725995598831097,1893,1699,0.3794333316692223,1553,0.3794333316692223,10,15,35,5,0.9681081081081081,0.06272545792035863,True,True,True,True,exploit,1438,0.02535046441922893,0.05070092883845786,False,exploit,fewa(0.0507),,0.2953573929704459,20,25,0,0,disabled,1,20,25,20,25,20149,live,True,0,True,1,africa already any are barbary central concepts connected court debaia directly draha ed emperors empire entities established excluding fez ghadames government graph hash hashem in knowledge locations majesty marabouts merchants moorish myself or other ottoman parasol relationships shereefian sidi sous sultan tafilett the timbuctoo to touaricks touat wad western what with,none,0,,0.2,0,0,fixed_anchor_dynamic,0.0018655196018776078,0.0018655196018776078,False,89
THE MAGISTRATE,True,True,1,True,True,,1439,23,True,topology_pl_fewa,globally_unpulled_topology_prior,THE MAGISTRATE,1,2,0.0,0,0,0,0.0,0.0,0.0,0.0,0.0,0,0,0,0,0.0,0,0.0,0.0,0,fewa(0.0500),0.0,0.3255577738082729,0.9513998943475964,0.061602134354904914,0.06203537081246721,0.06200228123430321,0.053381599520827855,1801,1553,0.18732623423633277,0.9140670982931136,0.09049589184779441,0.3389188405790632,0.3484341892714153,0.21177837130420213,0.3255577738082729,0.16418784071218756,0.2653327590389588,0.1725995598831097,1893,1699,0.3794333316692223,1553,0.3794333316692223,10,15,35,5,0.9681081081081081,0.06272545792035863,False,False,False,False,exploit,1439,0.025,0.05,False,exploit,fewa(0.0500),,0.19549840483184322,1,2,0,0,disabled,1,1,1,1,1,926,live,True,0,True,1,analects any are cavalcade ceremonial chair chess chow compound conference connected cymbals directly entities excluding file game gate graph horses hupeh in involving knowledge less magistrate men of or path relationships screened stairway tail the to viceroy what,none,0,,0.20408163265306123,0,0,fixed_anchor_dynamic,0.0,0.0,False,90
STANKES,True,True,4,True,True,,1439,23,False,topology_pl_fewa,globally_unpulled_topology_prior,STANKES,4,5,0.0,0,0,0,0.0,0.0,0.0,0.0,0.0,0,0,0,0,0.0,0,0.0,0.0,0,fewa(0.0500),0.0,0.3255577738082729,0.9513998943475964,0.061602134354904914,0.06203537081246721,0.06200228123430321,0.053381599520827855,1801,1553,0.18732623423633277,0.9140670982931136,0.09049589184779441,0.3389188405790632,0.3484341892714153,0.21177837130420213,0.3255577738082729,0.16418784071218756,0.2653327590389588,0.1725995598831097,1893,1699,0.3794333316692223,1553,0.3794333316692223,10,15,35,5,0.9681081081081081,0.06272545792035863,False,False,False,False,exploit,1439,0.025,0.05,False,exploit,fewa(0.0500),,0.13145499696283053,4,5,0,0,disabled,1,4,1,4,1,2918,live,True,0,True,1,and any are connected crop deceased directly entities excluding graph in involving knowledge narrator relationships stankes the to uncle what,none,0,,0.3181818181818182,0,0,fixed_anchor_dynamic,0.0,0.0,False,91
SISTRA,True,True,4,True,True,,1439,23,False,topology_pl_fewa,globally_unpulled_topology_prior,SISTRA,4,5,0.3333333333333333,2.8516330785267545,2.947365313820645,0,0.31684811983630606,0.3274850348689606,0.7129082696316886,0.7368413284551613,0.0,3,0,2.869353717859625,2.965772308292619,0.0019689599258744805,0,0.31881707976218054,0.32953025647695766,2.8516330785267545,fewa(0.0500),0.005569595856497567,0.3255577738082729,0.9514767932489452,0.06170474757148721,0.06214081788985322,0.06211104832039167,0.05350529213304005,1804,1553,0.18732623423633277,0.9140670982931136,0.09049589184779441,0.3389188405790632,0.3484341892714153,0.21177837130420213,0.3255577738082729,0.16418784071218756,0.2653327590389588,0.1725995598831097,1896,1699,0.3793573155389269,1553,0.3793573155389269,10,15,35,5,0.9681425485961123,0.06279550309949918,True,True,True,True,exploit,1439,0.025,0.05,False,exploit,fewa(0.0500),,0.07655487211888544,4,5,0,0,disabled,1,4,5,4,5,3181,live,True,0,True,1,any are concepts connected directly entities excluding graph in involving knowledge locations magistrate or relationships sistra stankes sultan the to uncle what,none,0,,0.6153846153846154,0,0,fixed_anchor_dynamic,0.005569595856497567,0.005569595856497567,False,92
FALMOUTH,True,True,13,True,True,,1439,24,True,topology_pl_fewa,globally_unpulled_topology_prior,FALMOUTH,13,16,0.8620689655172413,10.206740792216817,11.1457876266286,2.1671299513551077,0.4266851980542043,0.4590661233787485,0.7851339070936013,0.8573682789714308,0.13544562195969423,13,12,12.70643153526971,12.841592273434227,0.08633526266979058,2.1711618257261414,0.5130204607239949,0.5176811758331161,12.373870743571924,fewa(0.0500),0.024167716296038914,0.3257328990228013,0.9512833944473547,0.06211520043781639,0.06255549297899467,0.06253569961984512,0.053702336831830254,1816,1560,0.18763617550957798,0.9117475160724723,0.09090379348522813,0.339099499875184,0.3486184716853327,0.21211189919752063,0.3257328990228013,0.16454085363472543,0.26558683061020927,0.17293098047611155,1909,1711,0.3823809159383419,1560,0.3823809159383419,10,15,35,5,0.9683136412459721,0.0631457289952019,True,True,True,True,exploit,1439,0.025,0.05,False,exploit,fewa(0.0500),,0.06761471746131159,13,16,0,0,disabled,1,13,16,13,16,15984,live,True,0,True,1,any are charles concepts connected directly entities excluding falmouth graph horse in involving knowledge locations or parties picnic relationships s the to what,none,0,,0.6071428571428571,0,0,fixed_anchor_dynamic,0.024167716296038914,0.024167716296038914,False,93
TRAIN,True,True,14,True,True,,1446,24,False,topology_pl_fewa,globally_unpulled_topology_prior,TRAIN,26,19,0.7777777777777778,19.710926694329185,21.14456630491134,4.837136929460581,0.5455125249731059,0.5773711829860427,0.7581125651665072,0.8132525501888976,0.2545861541821358,24,11,22.62962962962963,23.454461431278354,0.07339465381061616,5.22119341563786,0.618907178783722,0.6372367743759159,24.548063623789766,fewa(0.0500),0.047945436765214386,0.3279044516829533,0.9518882565959649,0.06293610617047475,0.06339093497991209,0.06337353704349433,0.054614328023896506,1840,1571,0.1890256953952425,0.9123112659698026,0.09154478177262397,0.34102942232255273,0.35030940452708537,0.21301312089653077,0.3279044516829533,0.16586458352614936,0.266980207424376,0.17366562923535955,1933,1722,0.3817496237988042,1571,0.3817496237988042,10,15,35,5,0.9687168610816543,0.06398627114488846,True,True,True,True,exploit,1446,0.025,0.05,False,exploit,fewa(0.0500),,0.15295175707215244,26,19,0,0,disabled,1,26,19,26,19,8492,live,True,0,True,1,and any are coms concepts connected directly entities excluding graph in involving knowledge locations money non officers or relationships serbian the to train what,none,0,,0.5862068965517241,0,0,fixed_anchor_dynamic,0.047945436765214386,0.047945436765214386,False,94
ACHELOUS,True,True,2,True,True,,1458,24,False,topology_pl_fewa,globally_unpulled_topology_prior,ACHELOUS,5,7,0.3333333333333333,1.7331961591220852,2.4343817093524964,0,0.14443301326017377,0.20286514244604137,0.346639231824417,0.4868763418704993,0.0,4,0,2.790809327846365,3.57474159878519,0.08813443072702332,0,0.2325674439871971,0.29789513323209915,1.7331961591220852,fewa(0.0500),0.0033851487482853227,0.3279044516829533,0.9509550851832731,0.06300451498152962,0.06345983272856695,0.06344366467544175,0.05463898200338065,1842,1571,0.1890256953952425,0.9123112659698026,0.09154478177262397,0.34102942232255273,0.35030940452708537,0.21301312089653077,0.3279044516829533,0.16586458352614936,0.266980207424376,0.17366562923535955,1937,1722,0.38218366403519727,1571,0.38218366403519727,10,15,35,5,0.9677077818951826,0.06402129373445872,True,True,True,True,exploit,1458,0.025,0.05,False,exploit,fewa(0.0500),,0.25780916857272324,5,7,0,0,disabled,1,5,2,5,2,4020,live,True,0,True,1,achelous any are concepts connected deianira directly entities excluding graph in knowledge locations or relationship the to what,none,0,,0.6,0,0,fixed_anchor_dynamic,0.0033851487482853227,0.0033851487482853227,False,95
DR. ELSIE,True,True,8,True,True,,1458,25,True,topology_pl_fewa,globally_unpulled_topology_prior,DR. ELSIE,8,9,0.7058823529411765,2.8943758573388205,4.46668397808976,1.2318244170096022,0.24271766319696605,0.3352063761823154,0.36179698216735257,0.55833549726122,0.13686937966773358,8,4,7.73187414500684,7.8725393507385455,0.2843604731191198,1.2284541723666211,0.5270781363160859,0.5353525601826569,4.126200274348423,fewa(0.0500),0.008058984910836764,0.32802703933312316,0.9511568123393316,0.06327815022574908,0.06373598515509463,0.06372371825266697,0.05474658518937252,1850,1575,0.18923631182445816,0.9125144843568945,0.09177786842258609,0.34116737929506585,0.3504591339883933,0.21324936982096473,0.32802703933312316,0.1660811368012019,0.26716053501480685,0.17382799454223874,1945,1726,0.38574531576380383,1575,0.38574531576380383,10,15,35,5,0.9678439641539273,0.06430147445102091,True,True,True,True,exploit,1458,0.025,0.05,False,exploit,fewa(0.0500),,0.28669577122475803,8,9,0,0,disabled,1,8,8,8,8,3252,live,True,0,True,1,any are concepts connected directly dr elsie entities excluding graph in knowledge locations or relationship the to wallace what williamson,none,0,,0.7272727272727273,0,0,fixed_anchor_dynamic,0.008058984910836764,0.008058984910836764,False,96
,,,0,False,,,1462,,,topology_pl_fewa,mode_explore,,15,21,0.7777777777777778,0.0,0.0,0.0,0.0,0.0,0.0,0.0,0.0,12,16,9.814614343707714,10.488860527245793,0.43995263870094725,6.023680649526387,0.43995263870094725,0.4586816993547828,0.0,epsilon_sample(0.0500),,0.33095163041574727,0.9514563106796117,0.06368860309207826,0.06414864957764496,0.06412826801119344,0.05489108195388222,1862,1591,0.19145366853847554,0.9133180252583237,0.0927102150224346,0.34423518213178944,0.35362732455182216,0.2160975909151645,0.33095163041574727,0.16795995130897434,0.2700821344013129,0.1759177668527047,1957,1742,0.3812640105455433,1591,0.3812640105455433,10,15,35,5,0.9680460974332111,0.06472174552586418,True,True,True,False,explore,1462,0.025,0.05,False,explore,epsilon_sample(0.0500),,0.3352393038641512,15,21,0,0,disabled,1,15,21,15,21,8830,live,,0,False,1,and are associated journeys modes of or routes the they transportation various what with,none,0,,0.5789473684210527,0,0,agea_dynamic,0.0,0.0,False,97
GENERAL GRANT,True,True,3,True,True,,1478,25,False,topology_pl_fewa,globally_unpulled_topology_prior,GENERAL GRANT,35,34,0.6521739130434783,19.727334235453316,23.889807387007643,4.010825439783491,0.3440312996411132,0.4043569974897266,0.5636381210129519,0.6825659253430755,0.11796545411127915,31,14,29.901743796109994,30.596746587281345,0.1472643000439538,3.9976525821596245,0.491295599685067,0.5013681039049416,23.73815967523681,fewa(0.0500),0.04636359311569689,0.33361353367657876,0.9522132796780685,0.06474893966342865,0.06523723537091526,0.06523103680432354,0.05553017694244071,1893,1605,0.19361364472863757,0.914009111617312,0.09352601829730202,0.3469288513530961,0.3562748427043702,0.2178646728301195,0.33361353367657876,0.16988996332618783,0.2722703075505091,0.17691090980373408,1988,1756,0.381011582502119,1605,0.381011582502119,10,15,35,5,0.9685404847859721,0.06577242321297237,True,True,True,True,exploit,1478,0.025,0.05,False,exploit,fewa(0.0500),,0.27186967989689,35,34,0,0,disabled,1,35,34,35,34,21396,live,True,0,True,1,any are battle concepts connected directly entities excluding general grant graph in knowledge landing locations of or pittsburg relation the to what,none,0,,0.6,0,0,fixed_anchor_dynamic,0.04636359311569689,0.04636359311569689,False,98
HEYWOOD,True,True,177,True,True,,1491,25,False,topology_pl_fewa,fewa_filtered_least_pulled,HEYWOOD,181,179,0.8916666666666667,172.3618376928236,172.57025857357422,45.51173708920188,0.6052043743945152,0.6057833212854892,0.9522753463691912,0.9534268429479239,0.254255514464815,173,148,172.94722391702257,172.96717443671102,0.006514322642973691,47.27150701647346,0.6117186970374889,0.6117741151477347,217.87357478202549,fewa(0.0500),0.4255343257461435,0.3347518475710133,0.8824618232299861,0.0652278013408127,0.0657309350024005,0.0657430813272104,0.05770127310831627,1907,1634,0.19493697595398796,0.8581932773109243,0.09521589650952741,0.34793839476790495,0.35717541331047853,0.21900533822526877,0.3347518475710133,0.17148711229779354,0.27343359893563446,0.17830820614525586,2161,1904,0.3748271580734323,1634,0.3748271580734323,10,15,35,5,0.8958333333333334,0.06626273946695618,True,True,True,True,exploit,1491,0.025,0.05,False,exploit,fewa(0.0500),,0.25533890021427175,181,179,0,0,disabled,1,181,178,181,178,42909,live,True,0,True,1,450 any are arrow axes bag banquet blunt board bullets bundle burn chanel chantel club concepts conference connected directly dr drake earle entities excluding fang fat flounce forrester gilly goblins god graph heywood house in knowledge locations lodge magistrate map mausers merchant miss mrs of open or paper patriot pen plague pole relation river road s scroll sea shrine stairway sturgeon sword terrier the to town triad war webley weebley what,none,0,,0.2236842105263158,0,0,fixed_anchor_dynamic,0.4255343257461435,0.4255343257461435,False,99
CYBELE,True,True,7,True,True,,1639,26,True,topology_pl_fewa,globally_unpulled_topology_prior,CYBELE,7,8,0.6,3.536607687614399,4.642822376774778,0.6388041488712629,0.2783607890990441,0.35210843504306943,0.5052296696591998,0.663260339539254,0.07985051860890786,7,2,6.638025594149909,6.852332873231309,0.20662803885139264,0.6368068251066423,0.48498882795043674,0.49927597988919675,4.175411836485662,fewa(0.0500),0.008155101243136058,0.33538229834331545,0.8828413284132841,0.06546723217950472,0.0659736682707212,0.06598220498558997,0.05789167568732762,1914,1636,0.19537356836916356,0.8583420776495279,0.09533243983450848,0.34864574200454207,0.35794133709332276,0.21971029490887375,0.33538229834331545,0.17178230250937096,0.27414222435157015,0.1785299853272433,2168,1906,0.3738525355477066,1636,0.3738525355477066,10,15,35,5,0.8961774421897122,0.0665078975939481,True,True,True,True,exploit,1639,0.025,0.05,False,exploit,fewa(0.0500),,0.2672772700985536,7,8,0,0,disabled,1,7,7,7,7,6403,live,True,0,True,1,any are concepts connected cybele directly entities excluding galli graph in knowledge locations or relation the to which,none,0,,0.6363636363636364,0,0,fixed_anchor_dynamic,0.008155101243136058,0.008155101243136058,False,100
